id,uuid,source,sourceId,name,normalizedName,brand,category,subcategory,foodType,barcode,nutritionBasis,servingUnit,servingQuantity,servingDescription,servingWeightG,servingVolumeMl,caloriesKcalPer100g,proteinGPer100g,carbohydratesGPer100g,fatGPer100g,fiberGPer100g,sugarsGPer100g,addedSugarsGPer100g,saturatedFatGPer100g,transFatGPer100g,cholesterolMgPer100g,sodiumMgPer100g,potassiumMgPer100g,calciumMgPer100g,ironMgPer100g,magnesiumMgPer100g,vitaminCMgPer100g,folateMcgPer100g,vitaminAMcgPer100g,vitaminDMcgPer100g,vitaminEMgPer100g,vitaminKMcgPer100g,carotenoidsMcgPer100g,mufaMgPer100g,pufaMgPer100g,qualityScore,needsReview,notes
965584785822097125,indian-food-d66723f2f729ee59ba20984db6ea1ae9,Anuvaad INDB + Indian_Food_Nutrition_Processed,INDB:0845,Afghani chicken,afghani chicken,,,,INDIAN_RECIPE,,PER_100_G,plate,1,1 plate,,,151.51,15.66,1.95,9.07,0.31,0.83,,1.24,,42.14,87.02,259.04,35.14,1.04,28.36,3.54,20.52,,,,,213.36,1920.0,1188.45,HIGH,0,"Nutrition values are per 100 g based on Anuvaad INDB documentation. The supplied CSVs do not contain serving weights/volumes, so none were invented."
758041072696303557,indian-food-a851a56df381fc5e8c75edf7d942a392,Anuvaad INDB + Indian_Food_Nutrition_Processed,INDB:0203,Al yakhani,al yakhani,,,,INDIAN_RECIPE,,PER_100_G,bowl,1,1 bowl,,,147.54,2.86,4.65,13.14,1.27,3.56,,2.26,,4.74,206.24,198.35,103.88,0.46,18.73,5.41,60.75,,,,,57.56,2791.78,7477.29,HIGH,0,"Nutrition values are per 100 g based on Anuvaad INDB documentation. The supplied CSVs do not contain serving weights/volumes, so none were invented."
275589708516378300,indian-food-3d3176137df46bc322b749ad0392db52,Anuvaad INDB + Indian_Food_Nutrition_Processed,INDB:0720,Almond biscuit (Badam ke biscuit),almond biscuit (badam ke biscuit),,,,INDIAN_RECIPE,,PER_100_G,biscuit,1,1 biscuit,,,407.74,6.25,52.14,19.7,1.5,22.19,,11.12,,73.79,151.76,108.03,44.05,1.11,23.88,0.03,2.28,,,,,256.91,5751.48,1207.31,HIGH,0,"Nutrition values are per 100 g based on Anuvaad INDB documentation. The supplied CSVs do not contain serving weights/volumes, so none were invented."
948908133633022738,indian-food-d2b32eb85acdb12809af6d8a5dc03d62,Anuvaad INDB + Indian_Food_Nutrition_Processed,INDB:0905,Almond cardamom cake (Badam elaichi cake),almond cardamom cake (badam elaichi cake),,,,INDIAN_RECIPE,,PER_100_G,slice,1,1 slice,,,356.35,7.18,34.53,21.36,2.35,18.06,,8.78,,74.32,155.37,173.38,81.29,1.29,52.9,0.37,10.86,,,,,206.28,8635.24,2373.45,HIGH,0,"Nutrition values are per 100 g based on Anuvaad INDB documentation. The supplied CSVs do not contain serving weights/volumes, so none were invented."
732934579583628182,indian-food-a2be81debaeb396a0aec5b46393d1e46,Anuvaad INDB + Indian_Food_Nutrition_Processed,INDB:0476,Almond soup (Badam ka soup),almond soup (badam ka soup),,,,INDIAN_RECIPE,,PER_100_G,bowl,1,1 bowl,,,78.65,10.13,3.68,13.8,0.91,1.94,,2.58,,28.18,8376.94,282.29,114.95,2.83,38.93,7.68,38.67,,,,,164.48,2371.07,616.89,HIGH,0,"Nutrition values are per 100 g based on Anuvaad INDB documentation. The supplied CSVs do not contain serving weights/volumes, so none were invented."
552803387301890889,indian-food-7abf3c07ac30b498e94e0af94938fd72,Anuvaad INDB + Indian_Food_Nutrition_Processed,INDB:0805,Amaranth ladoo (Rajgira ladoo),amaranth ladoo (rajgira ladoo),,,,INDIAN_RECIPE,,PER_100_G,ladoo,1,1 ladoo,,,454.15,10.12,51.33,22.7,5.11,19.92,,9.15,,33.64,7.51,414.93,144.58,6.47,231.95,0.03,9.52,,,,,324.04,8187.25,3255.18,HIGH,0,"Nutrition values are per 100 g based on Anuvaad INDB documentation. The supplied CSVs do not contain serving weights/volumes, so none were invented."
25089083928519129,indian-food-05922638f4ca1d949f4de37ef4b4464a,Anuvaad INDB + Indian_Food_Nutrition_Processed,INDB:0954,American frosting,american frosting,,,,INDIAN_RECIPE,,PER_100_G,,,,,,257.57,1.05,67.48,0.01,0.0,67.46,,0.0,,0.0,19.33,18.37,7.05,0.14,2.43,,,,,,,0.31,0.17,1.26,HIGH,0,"Nutrition values are per 100 g based on Anuvaad INDB documentation. The supplied CSVs do not contain serving weights/volumes, so none were invented."
866001608496852659,indian-food-c04a7dfe95f2eb3d1e9db23072538b46,Anuvaad INDB + Indian_Food_Nutrition_Processed,INDB:0507,Appam,appam,,,,INDIAN_RECIPE,,PER_100_G,appam,1,1 appam,,,267.7,3.12,13.28,22.63,6.19,4.16,,15.31,,0.0,26.59,161.42,6.36,0.83,23.3,2.57,27.59,,,,,119.31,1345.02,375.38,HIGH,0,"Nutrition values are per 100 g based on Anuvaad INDB documentation. The supplied CSVs do not contain serving weights/volumes, so none were invented."
577520130443160127,indian-food-803c37fb1b3aa3fab8da8782c6dbff91,Anuvaad INDB + Indian_Food_Nutrition_Processed,INDB:0788,Apple and honey sorbet (Seb aur shehad ka sharbat),apple and honey sorbet (seb aur shehad ka sharbat),,,,INDIAN_RECIPE,,PER_100_G,cup,1,1 cup,,,121.3,0.15,30.74,0.29,1.13,29.18,,0.07,,0.0,1.97,56.42,9.11,0.18,4.29,5.08,2.68,,,,,100.14,22.32,127.71,HIGH,0,"Nutrition values are per 100 g based on Anuvaad INDB documentation. The supplied CSVs do not contain serving weights/volumes, so none were invented."
1086141909551263681,indian-food-f12c04fe677afc142738e2fd92256882,Anuvaad INDB + Indian_Food_Nutrition_Processed,INDB:0738,Apple banana pie,apple banana pie,,,,INDIAN_RECIPE,,PER_100_G,pie,1,1 pie,,,243.99,3.13,32.12,11.39,1.89,12.96,,6.22,,24.66,384.43,144.28,21.23,0.79,21.52,8.88,31.98,,,,,228.43,3027.56,1226.73,HIGH,0,"Nutrition values are per 100 g based on Anuvaad INDB documentation. The supplied CSVs do not contain serving weights/volumes, so none were invented."
766775376247043469,indian-food-aa4222463b8b58d8a0858b1742a77c02,Anuvaad INDB + Indian_Food_Nutrition_Processed,INDB:0383,Apple cake (Seb ka cake),apple cake (seb ka cake),,,,INDIAN_RECIPE,,PER_100_G,piece,1,1 piece,,,290.08,4.94,39.48,12.87,1.22,23.52,,7.46,,94.69,136.95,96.16,38.99,0.9,12.0,1.16,9.32,,,,,212.01,3421.7,714.62,HIGH,0,"Nutrition values are per 100 g based on Anuvaad INDB documentation. The supplied CSVs do not contain serving weights/volumes, so none were invented."
1060153063811909755,indian-food-eb66b98380d087b76a73eb37c0dabab2,Anuvaad INDB + Indian_Food_Nutrition_Processed,INDB:0370,Apple cinnamon pie,apple cinnamon pie,,,,INDIAN_RECIPE,,PER_100_G,slice,1,1 slice,,,258.73,3.35,33.68,12.21,1.77,11.95,,7.49,,36.52,60.14,90.1,16.14,0.65,12.35,2.24,11.58,,,,,245.47,3045.41,616.19,HIGH,0,"Nutrition values are per 100 g based on Anuvaad INDB documentation. The supplied CSVs do not contain serving weights/volumes, so none were invented."
234766076658889782,indian-food-3420e80bc90b436275b5296b5d1ea6b5,Anuvaad INDB + Indian_Food_Nutrition_Processed,INDB:0645,Apple crumb pudding,apple crumb pudding,,,,INDIAN_RECIPE,,PER_100_G,small plate,1,1 small plate,,,220.85,1.54,35.17,8.87,1.33,27.69,,5.35,,21.68,59.36,159.24,38.49,1.05,10.25,3.6,7.86,,,,,166.66,2144.81,379.57,HIGH,0,"Nutrition values are per 100 g based on Anuvaad INDB documentation. The supplied CSVs do not contain serving weights/volumes, so none were invented."
547660398433716692,indian-food-799ae3b1230c9d4d74f1ce7414ab3192,Anuvaad INDB + Indian_Food_Nutrition_Processed,INDB:0975,Apple jam (Seb ka murabba),apple jam (seb ka murabba),,,,INDIAN_RECIPE,,PER_100_G,,,,,,188.79,0.14,48.56,0.32,1.29,46.76,,0.08,,0.0,2.71,60.0,10.84,0.21,4.84,,,,,,,114.5,25.57,141.0,HIGH,0,"Nutrition values are per 100 g based on Anuvaad INDB documentation. The supplied CSVs do not contain serving weights/volumes, so none were invented."
88346231955321210,indian-food-139de6e0cf0f17a64ad4fc60036d7de6,Anuvaad INDB + Indian_Food_Nutrition_Processed,INDB:1005,Apple jelly (Seb ki jelly),apple jelly (seb ki jelly),,,,INDIAN_RECIPE,,PER_100_G,,,,,,152.13,0.1,39.37,0.21,0.86,38.18,,0.05,,0.0,2.14,40.33,7.89,0.15,3.36,,,,,,,76.33,17.04,94.0,HIGH,0,"Nutrition values are per 100 g based on Anuvaad INDB documentation. The supplied CSVs do not contain serving weights/volumes, so none were invented."
1059018108871269464,indian-food-eb2635bedfa5c5821b6daeea159585a5,Anuvaad INDB + Indian_Food_Nutrition_Processed,INDB:0618,Apple kheer (Seb ki kheer),apple kheer (seb ki kheer),,,,INDIAN_RECIPE,,PER_100_G,bowl,1,1 bowl,,,81.3,2.14,11.34,3.18,0.51,10.71,,1.68,,0.0,15.86,93.41,75.67,0.18,8.91,5.82,16.4,,,,,155.27,992.29,213.6,HIGH,0,"Nutrition values are per 100 g based on Anuvaad INDB documentation. The supplied CSVs do not contain serving weights/volumes, so none were invented."
777652171212462882,indian-food-acac6878fee1b221dbf62b036f709ae7,Anuvaad INDB + Indian_Food_Nutrition_Processed,INDB:0290,Apple mousse,apple mousse,,,,INDIAN_RECIPE,,PER_100_G,bowl,1,1 bowl,,,106.92,4.21,12.77,4.27,1.6,10.56,,2.17,,57.67,28.79,109.32,33.76,0.48,8.41,14.48,35.22,,,,,183.0,1202.89,422.74,HIGH,0,"Nutrition values are per 100 g based on Anuvaad INDB documentation. The supplied CSVs do not contain serving weights/volumes, so none were invented."
739688688914377824,indian-food-a43e6f18b1dac60e8931039aab4055bd,Anuvaad INDB + Indian_Food_Nutrition_Processed,INDB:0791,Apple oats chia seed smoothie,apple oats chia seed smoothie,,,,INDIAN_RECIPE,,PER_100_G,glass,1,1 glass,,,85.64,3.49,13.07,2.48,1.44,5.76,,0.92,,4.32,32.02,169.25,88.89,0.5,23.55,5.39,71.4,,,,,44.87,688.17,691.89,HIGH,0,"Nutrition values are per 100 g based on Anuvaad INDB documentation. The supplied CSVs do not contain serving weights/volumes, so none were invented."
793289139855408226,indian-food-b0254450941bc626fd0fa04a62171429,Anuvaad INDB + Indian_Food_Nutrition_Processed,INDB:0797,Apple sago payasam (Seb aur sabudana ki kheer),apple sago payasam (seb aur sabudana ki kheer),,,,INDIAN_RECIPE,,PER_100_G,bowl,1,1 bowl,,,136.5,3.13,14.4,7.66,0.38,10.63,,4.01,,10.85,39.45,129.65,102.11,0.31,16.81,5.88,21.45,,,,,188.51,2525.72,506.1,HIGH,0,"Nutrition values are per 100 g based on Anuvaad INDB documentation. The supplied CSVs do not contain serving weights/volumes, so none were invented."
547200098471345206,indian-food-7980b9722717c36f2ea5d642f9e2d68f,Anuvaad INDB + Indian_Food_Nutrition_Processed,INDB:0307,Apple snowballs,apple snowballs,,,,INDIAN_RECIPE,,PER_100_G,piece,1,1 piece,,,101.51,0.86,24.58,0.31,1.25,19.4,,0.07,,0.0,12.8,70.07,9.43,0.18,4.93,4.46,4.64,,,,,110.44,24.63,135.84,HIGH,0,"Nutrition values are per 100 g based on Anuvaad INDB documentation. The supplied CSVs do not contain serving weights/volumes, so none were invented."
60502522981607128,indian-food-0d6f2b95e5566d8420d0e6665dd48a4a,Anuvaad INDB + Indian_Food_Nutrition_Processed,INDB:0643,Apricot fool,apricot fool,,,,INDIAN_RECIPE,,PER_100_G,tall stemmed glass,1,1 tall stemmed glass,,,240.79,1.54,33.64,11.35,1.0,21.29,,6.72,,27.58,8.28,105.45,26.37,0.73,8.64,1.47,11.46,,,,,1198.22,3470.69,501.09,HIGH,0,"Nutrition values are per 100 g based on Anuvaad INDB documentation. The supplied CSVs do not contain serving weights/volumes, so none were invented."
303200191572078795,indian-food-4352ef7c27bf0cb84ec1350731f64334,Anuvaad INDB + Indian_Food_Nutrition_Processed,INDB:0518,Arhar with spinach (Arhar dal aur palak),arhar with spinach (arhar dal aur palak),,,,INDIAN_RECIPE,,PER_100_G,curry bowl,1,1 curry bowl,,,52.84,2.05,4.77,2.76,1.3,0.23,,1.5,,6.1,109.97,205.61,21.81,0.89,23.79,18.79,105.9,,,,,1307.38,696.28,239.25,HIGH,0,"Nutrition values are per 100 g based on Anuvaad INDB documentation. The supplied CSVs do not contain serving weights/volumes, so none were invented."
16974142642316739,indian-food-03c4de48e8fe5c3cdcc15e0f65acc884,Anuvaad INDB + Indian_Food_Nutrition_Processed,INDB:0709,Assorted pastry,assorted pastry,,,,INDIAN_RECIPE,,PER_100_G,pastry,1,1 pastry,,,230.74,6.78,31.99,8.91,0.43,19.7,,4.72,,131.02,49.99,100.58,47.2,0.94,11.05,0.25,15.61,,,,,136.69,2669.01,607.94,HIGH,0,"Nutrition values are per 100 g based on Anuvaad INDB documentation. The supplied CSVs do not contain serving weights/volumes, so none were invented."
538494175539254067,indian-food-7791d997ea253333daccc32a764147ea,Anuvaad INDB + Indian_Food_Nutrition_Processed,INDB:0773,Atta dal burfi,atta dal burfi,,,,INDIAN_RECIPE,,PER_100_G,piece,1,1 piece,,,298.8,6.66,40.64,12.47,4.08,21.08,,6.25,,23.81,3.56,268.58,17.07,1.56,57.29,0.0,9.07,,,,,320.47,3703.59,1401.16,HIGH,0,"Nutrition values are per 100 g based on Anuvaad INDB documentation. The supplied CSVs do not contain serving weights/volumes, so none were invented."
231810706777359346,indian-food-3378e9c1098c3f2e1c759529a079a352,Anuvaad INDB + Indian_Food_Nutrition_Processed,INDB:0202,Avial,avial,,,,INDIAN_RECIPE,,PER_100_G,bowl,1,1 bowl,,,124.56,2.46,8.47,8.94,5.44,3.83,,6.23,,0.0,81.5,378.3,31.9,1.01,36.4,94.64,108.12,,,,,1270.84,550.74,219.96,HIGH,0,"Nutrition values are per 100 g based on Anuvaad INDB documentation. The supplied CSVs do not contain serving weights/volumes, so none were invented."
1063578936551792849,indian-food-ec297685fc1e0d1c724d2e9fb3088f10,Anuvaad INDB + Indian_Food_Nutrition_Processed,INDB:0489,Bacon and mushroom pancake,bacon and mushroom pancake,,,,INDIAN_RECIPE,,PER_100_G,pancake,1,1 pancake,,,157.67,6.82,8.47,10.6,1.59,1.23,,5.52,,39.23,344.23,210.33,44.74,0.54,15.73,1.91,14.58,,,,,111.81,3332.13,871.87,HIGH,0,"Nutrition values are per 100 g based on Anuvaad INDB documentation. The supplied CSVs do not contain serving weights/volumes, so none were invented."
683786518585211503,indian-food-97d4c373e78fa6f12decb2350a0f3e92,Anuvaad INDB + Indian_Food_Nutrition_Processed,INDB:0196,Baked brinjal in tomato sauce,baked brinjal in tomato sauce,,,,INDIAN_RECIPE,,PER_100_G,bowl,1,1 bowl,,,38.63,1.58,4.13,1.62,2.34,2.2,,0.42,,0.0,79.66,187.99,26.24,0.32,15.57,68.38,103.99,,,,,3493.72,344.28,726.7,HIGH,0,"Nutrition values are per 100 g based on Anuvaad INDB documentation. The supplied CSVs do not contain serving weights/volumes, so none were invented."
284748670738986121,indian-food-3f3a16849a9748969230ab3dd6a78dda,Anuvaad INDB + Indian_Food_Nutrition_Processed,INDB:0279,Baked custard,baked custard,,,,INDIAN_RECIPE,,PER_100_G,bowl,1,1 bowl,,,106.53,5.41,9.45,5.3,0.0,9.42,,2.6,,85.92,47.13,114.36,95.32,0.54,8.82,3.02,35.21,,,,,172.54,1672.11,367.62,HIGH,0,"Nutrition values are per 100 g based on Anuvaad INDB documentation. The supplied CSVs do not contain serving weights/volumes, so none were invented."
316025194538002756,indian-food-462bf3d7482e944d1709cf6223b5f2cc,Anuvaad INDB + Indian_Food_Nutrition_Processed,INDB:0058,Baked egg,baked egg,,,,INDIAN_RECIPE,,PER_100_G,egg,1,1 egg,,,218.85,11.88,15.42,12.65,1.03,1.66,,6.17,,204.36,523.29,143.69,164.05,1.48,17.94,0.0,35.72,,,,,122.02,3702.29,838.99,HIGH,0,"Nutrition values are per 100 g based on Anuvaad INDB documentation. The supplied CSVs do not contain serving weights/volumes, so none were invented."
375559992427737011,indian-food-53641d2c480efb328bacd9b125a46ea8,Anuvaad INDB + Indian_Food_Nutrition_Processed,INDB:0852,Baked eggs in tomato sauce,baked eggs in tomato sauce,,,,INDIAN_RECIPE,,PER_100_G,plate,1,1 plate,,,80.05,4.92,3.78,5.22,0.01,2.03,,1.44,,77.26,188.21,321.52,71.94,1.31,20.55,245.7,317.88,,,,,1750.43,2049.81,1073.64,HIGH,0,"Nutrition values are per 100 g based on Anuvaad INDB documentation. The supplied CSVs do not contain serving weights/volumes, so none were invented."
847191903238364151,indian-food-bc1d48c211c1bf7753dd8b3f8db222cb,Anuvaad INDB + Indian_Food_Nutrition_Processed,INDB:0232,Baked fish with cheese sauce,baked fish with cheese sauce,,,,INDIAN_RECIPE,,PER_100_G,bowl,1,1 bowl,,,113.96,8.64,4.06,7.02,0.08,3.22,,4.19,,21.37,209.48,158.51,115.64,0.26,16.84,9.97,29.36,,,,,136.3,1786.8,454.57,HIGH,0,"Nutrition values are per 100 g based on Anuvaad INDB documentation. The supplied CSVs do not contain serving weights/volumes, so none were invented."
1032577527156530895,indian-food-e5473ca45375ecf63c0af21573c2abe2,Anuvaad INDB + Indian_Food_Nutrition_Processed,INDB:0910,Baked potato soup,baked potato soup,,,,INDIAN_RECIPE,,PER_100_G,bowl,1,1 bowl,,,147.05,5.73,5.85,11.21,0.3,3.44,,6.19,,26.31,268.69,184.87,106.56,0.27,12.65,18.93,42.67,,,,,167.06,3297.93,657.61,HIGH,0,"Nutrition values are per 100 g based on Anuvaad INDB documentation. The supplied CSVs do not contain serving weights/volumes, so none were invented."
800055054740061772,indian-food-b1a5dd55a897e4ce0d37cfc28f0756c1,Anuvaad INDB + Indian_Food_Nutrition_Processed,INDB:0194,Baked potato with skin,baked potato with skin,,,,INDIAN_RECIPE,,PER_100_G,bowl,1,1 bowl,,,135.77,3.43,11.11,8.5,1.2,1.66,,5.24,,21.72,354.5,392.71,90.06,0.5,21.18,11.88,9.99,,,,,225.93,2214.89,380.72,HIGH,0,"Nutrition values are per 100 g based on Anuvaad INDB documentation. The supplied CSVs do not contain serving weights/volumes, so none were invented."
758973234287805498,indian-food-a886a22a7c1043a86b81a6b3ac9de72a,Anuvaad INDB + Indian_Food_Nutrition_Processed,INDB:0552,Baked stuffed fish,baked stuffed fish,,,,INDIAN_RECIPE,,PER_100_G,fish,1,1 fish,,,121.96,16.14,2.12,5.43,0.38,0.35,,2.89,,36.95,74.36,242.97,18.8,0.35,29.35,13.01,67.06,,,,,422.28,1141.42,813.98,HIGH,0,"Nutrition values are per 100 g based on Anuvaad INDB documentation. The supplied CSVs do not contain serving weights/volumes, so none were invented."
816786271616999829,indian-food-b55cec95925a195e525665202f7d8a7e,Anuvaad INDB + Indian_Food_Nutrition_Processed,INDB:0191,Baked vegetables,baked vegetables,,,,INDIAN_RECIPE,,PER_100_G,bowl,1,1 bowl,,,88.99,3.67,8.44,4.44,2.34,2.56,,2.69,,8.27,124.7,221.88,80.2,0.62,19.93,47.05,77.19,,,,,1693.73,1146.21,231.8,HIGH,0,"Nutrition values are per 100 g based on Anuvaad INDB documentation. The supplied CSVs do not contain serving weights/volumes, so none were invented."
147333748982181814,indian-food-20b6f439b826fb6df4fa0d3c0c935cb1,Anuvaad INDB + Indian_Food_Nutrition_Processed,INDB:0193,Baked vegetables with spinach,baked vegetables with spinach,,,,INDIAN_RECIPE,,PER_100_G,bowl,1,1 bowl,,,77.79,3.22,6.93,4.03,2.33,2.09,,2.16,,6.55,122.85,314.32,78.63,1.16,35.62,78.95,223.29,,,,,3474.59,986.69,546.36,HIGH,0,"Nutrition values are per 100 g based on Anuvaad INDB documentation. The supplied CSVs do not contain serving weights/volumes, so none were invented."
54557400719731375,indian-food-0c1d3aab9c4aaafd1a090192786881b0,Anuvaad INDB + Indian_Food_Nutrition_Processed,INDB:0890,Banana appam,banana appam,,,,INDIAN_RECIPE,,PER_100_G,appam,1,1 appam,,,469.81,1.17,20.06,42.53,0.67,9.95,,5.73,,0.0,20.14,142.99,13.74,0.77,19.47,4.03,13.79,,,,,49.71,8540.8,26201.35,HIGH,0,"Nutrition values are per 100 g based on Anuvaad INDB documentation. The supplied CSVs do not contain serving weights/volumes, so none were invented."
974525304396272051,indian-food-d863599e12b51b3f819f5683b2fec023,Anuvaad INDB + Indian_Food_Nutrition_Processed,INDB:0388,Banana cake (Kele ka cake),banana cake (kele ka cake),,,,INDIAN_RECIPE,,PER_100_G,slice,1,1 slice,,,389.51,5.77,40.0,23.31,1.14,23.04,,3.3,,68.99,117.81,157.61,23.55,1.14,31.46,0.98,11.33,,,,,125.09,6110.79,12661.32,HIGH,0,"Nutrition values are per 100 g based on Anuvaad INDB documentation. The supplied CSVs do not contain serving weights/volumes, so none were invented."
129447070661036241,indian-food-1cbe36cc7f748d15826143a3979a60fa,Anuvaad INDB + Indian_Food_Nutrition_Processed,INDB:0898,Banana chips (Kele ke chips),banana chips (kele ke chips),,,,INDIAN_RECIPE,,PER_100_G,bowl,1,1 bowl,,,665.67,0.37,7.32,70.46,0.65,4.37,,8.48,,0.0,86.87,106.43,2.01,0.19,9.04,4.03,8.97,,,,,76.3,14442.96,44622.74,HIGH,0,"Nutrition values are per 100 g based on Anuvaad INDB documentation. The supplied CSVs do not contain serving weights/volumes, so none were invented."
491717082136092842,indian-food-6d2ee14bab6a0aac21bd8153d2e45d1b,Anuvaad INDB + Indian_Food_Nutrition_Processed,INDB:0755,Banana groundnut paste/puree,banana groundnut paste/puree,,,,INDIAN_RECIPE,,PER_100_G,,,,,,213.19,4.27,36.15,5.45,1.7,31.67,,1.68,,0.0,16.85,357.4,74.93,1.9,65.75,3.02,20.9,,,,,151.83,2208.71,1249.33,HIGH,0,"Nutrition values are per 100 g based on Anuvaad INDB documentation. The supplied CSVs do not contain serving weights/volumes, so none were invented."
804815634073682042,indian-food-b2b478e1aa4807a3e951b87a5fed09b0,Anuvaad INDB + Indian_Food_Nutrition_Processed,INDB:0015,Banana milkshake (Kele milkshake),banana milkshake (kele milkshake),,,,INDIAN_RECIPE,,PER_100_G,tall glass,1,1 tall glass,,,65.31,1.84,9.15,2.37,0.26,7.96,,1.42,,0.0,13.61,102.43,62.64,0.13,7.92,6.84,19.83,,,,,134.3,634.17,87.19,HIGH,0,"Nutrition values are per 100 g based on Anuvaad INDB documentation. The supplied CSVs do not contain serving weights/volumes, so none were invented."
182599146513590098,indian-food-288b8f4d03b675213336f24dbec7affe,Anuvaad INDB + Indian_Food_Nutrition_Processed,INDB:0438,Banana milkshake with ice cream (Kele ka milkshake ice cream ke saath),banana milkshake with ice cream (kele ka milkshake ice cream ke saath),,,,INDIAN_RECIPE,,PER_100_G,tall glass,1,1 tall glass,,,76.45,2.01,11.15,2.77,0.27,9.94,,1.68,,1.3,16.63,110.88,68.3,0.14,8.6,6.99,20.73,,,,,138.46,738.37,102.71,HIGH,0,"Nutrition values are per 100 g based on Anuvaad INDB documentation. The supplied CSVs do not contain serving weights/volumes, so none were invented."
68861158030830869,indian-food-0f4a4dbbf3fed159be0a1115cee738a8,Anuvaad INDB + Indian_Food_Nutrition_Processed,INDB:0612,Banana raita (Kele ka raita),banana raita (kele ka raita),,,,INDIAN_RECIPE,,PER_100_G,bowl,1,1 bowl,,,89.03,4.13,13.51,2.07,1.0,10.11,,1.25,,6.93,135.43,308.83,133.23,0.31,24.32,5.73,27.58,,,,,116.02,534.24,130.3,HIGH,0,"Nutrition values are per 100 g based on Anuvaad INDB documentation. The supplied CSVs do not contain serving weights/volumes, so none were invented."
802338880870125111,indian-food-b227af60fbf8e37a209d190cf4621abc,Anuvaad INDB + Indian_Food_Nutrition_Processed,INDB:0996,Barbeque sauce,barbeque sauce,,,,INDIAN_RECIPE,,PER_100_G,,,,,,121.93,0.96,20.46,4.51,0.69,18.88,,0.54,,0.0,504.95,186.46,28.61,1.15,16.7,,,,,,,144.0,971.86,2771.18,HIGH,0,"Nutrition values are per 100 g based on Anuvaad INDB documentation. The supplied CSVs do not contain serving weights/volumes, so none were invented."
494298247876454549,indian-food-6dc19a335c62895542b762d4a9a07eac,Anuvaad INDB + Indian_Food_Nutrition_Processed,INDB:0565,Bathua bhujia,bathua bhujia,,,,INDIAN_RECIPE,,PER_100_G,bowl,1,1 bowl,,,90.9,2.26,3.63,7.29,3.8,1.08,,0.91,,0.0,81.99,387.93,165.84,2.36,43.74,66.6,71.68,,,,,2695.52,4068.55,1670.72,HIGH,0,"Nutrition values are per 100 g based on Anuvaad INDB documentation. The supplied CSVs do not contain serving weights/volumes, so none were invented."
12501214249830605,indian-food-02c69c9c29f48cd6b7d4bb88d0716261,Anuvaad INDB + Indian_Food_Nutrition_Processed,INDB:0483,Bathua poori,bathua poori,,,,INDIAN_RECIPE,,PER_100_G,poori,1,1 poori,,,598.79,2.35,13.85,59.14,1.87,0.41,,7.23,,0.6,49.71,98.54,30.83,0.96,21.24,4.56,8.77,,,,,482.82,12112.75,37288.29,HIGH,0,"Nutrition values are per 100 g based on Anuvaad INDB documentation. The supplied CSVs do not contain serving weights/volumes, so none were invented."
365108047892567878,indian-food-5111fd5cb45d74698cbea4e549baa3c2,Anuvaad INDB + Indian_Food_Nutrition_Processed,INDB:0610,Bathua raita,bathua raita,,,,INDIAN_RECIPE,,PER_100_G,bowl,1,1 bowl,,,54.4,4.13,5.31,1.76,2.19,4.11,,1.0,,5.41,110.92,366.14,206.31,1.46,35.47,43.65,61.2,,,,,1736.1,421.7,177.06,HIGH,0,"Nutrition values are per 100 g based on Anuvaad INDB documentation. The supplied CSVs do not contain serving weights/volumes, so none were invented."
431257414028288206,indian-food-5fc225549e8e0ceb2d8951474e8aafe7,Anuvaad INDB + Indian_Food_Nutrition_Processed,INDB:0508,Beans and macaroni,beans and macaroni,,,,INDIAN_RECIPE,,PER_100_G,plate,1,1 plate,,,136.08,4.58,14.24,7.01,2.05,1.68,,4.25,,19.67,182.79,221.16,86.86,0.75,27.05,16.54,82.63,,,,,1988.59,1774.3,416.38,HIGH,0,"Nutrition values are per 100 g based on Anuvaad INDB documentation. The supplied CSVs do not contain serving weights/volumes, so none were invented."
436686226106013072,indian-food-60f6bcf195ad590500174d86057128c3,Anuvaad INDB + Indian_Food_Nutrition_Processed,INDB:0573,Beans foogath,beans foogath,,,,INDIAN_RECIPE,,PER_100_G,small bowl,1,1 small bowl,,,105.06,2.03,3.26,9.22,4.15,1.7,,3.05,,0.0,81.22,259.29,44.2,0.95,30.98,6.36,86.05,,,,,1251.99,1404.54,3683.6,HIGH,0,"Nutrition values are per 100 g based on Anuvaad INDB documentation. The supplied CSVs do not contain serving weights/volumes, so none were invented."
238560444915432969,indian-food-34f8975f0a4be09513cf42664997f1f3,Anuvaad INDB + Indian_Food_Nutrition_Processed,INDB:0163,Beans with coconut (Nariyal aur sem/phali; Beans thoran),beans with coconut (nariyal aur sem/phali; beans thoran),,,,INDIAN_RECIPE,,PER_100_G,bowl,1,1 bowl,,,131.63,2.62,4.39,11.39,5.59,2.06,,4.49,,0.0,271.65,336.81,51.92,1.34,40.93,6.03,75.87,,,,,3596.73,1551.24,3706.46,HIGH,0,"Nutrition values are per 100 g based on Anuvaad INDB documentation. The supplied CSVs do not contain serving weights/volumes, so none were invented."
463464050624753624,indian-food-66e8e1937a6efd84350023d62374b04a,Anuvaad INDB + Indian_Food_Nutrition_Processed,INDB:0594,Beetroot and egg salad (Chukandar aur ande ka salad),beetroot and egg salad (chukandar aur ande ka salad),,,,INDIAN_RECIPE,,PER_100_G,small bowl,1,1 small bowl,,,84.92,3.36,3.4,6.45,0.55,1.97,,0.68,,82.25,110.12,66.99,18.13,0.55,6.48,6.0,41.14,,,,,120.04,789.69,283.46,HIGH,0,"Nutrition values are per 100 g based on Anuvaad INDB documentation. The supplied CSVs do not contain serving weights/volumes, so none were invented."
973690480970245064,indian-food-d833e55676923c8d0d2cf93707c07714,Anuvaad INDB + Indian_Food_Nutrition_Processed,INDB:0485,Beetroot poori (Chukandar ki poori),beetroot poori (chukandar ki poori),,,,INDIAN_RECIPE,,PER_100_G,poori,1,1 poori,,,527.66,1.91,12.29,52.18,1.4,0.54,,6.37,,0.53,46.48,56.25,5.38,0.6,15.32,0.29,9.45,,,,,52.56,10695.67,32904.93,HIGH,0,"Nutrition values are per 100 g based on Anuvaad INDB documentation. The supplied CSVs do not contain serving weights/volumes, so none were invented."
145727828631631408,indian-food-205bab0237a36302ed1b0555944d3565,Anuvaad INDB + Indian_Food_Nutrition_Processed,INDB:1014,Bengal 5 Spice Blend (Panch Phoran),bengal 5 spice blend (panch phoran),,,,INDIAN_RECIPE,,PER_100_G,,,,,,289.79,18.26,20.0,22.16,18.4,1.4,,0.8,,0.0,51.43,1026.2,523.0,13.37,253.0,,,,,,,503.8,7997.2,3611.2,HIGH,0,"Nutrition values are per 100 g based on Anuvaad INDB documentation. The supplied CSVs do not contain serving weights/volumes, so none were invented."
283053576153399986,indian-food-3ed9bba530702b280bb67c392449bc1a,Anuvaad INDB + Indian_Food_Nutrition_Processed,INDB:0548,Bengal fish curry (Bengali machli curry),bengal fish curry (bengali machli curry),,,,INDIAN_RECIPE,,PER_100_G,bowl,1,1 bowl,,,109.43,7.26,4.42,7.03,1.93,2.39,,1.57,,13.92,76.38,207.98,44.44,0.85,27.62,9.39,46.45,,,,,361.12,3341.41,1449.01,HIGH,0,"Nutrition values are per 100 g based on Anuvaad INDB documentation. The supplied CSVs do not contain serving weights/volumes, so none were invented."
1022230603276403888,indian-food-e2fb15152d2c4b0770807518746ae259,Anuvaad INDB + Indian_Food_Nutrition_Processed,INDB:0096,Besan and spinach parantha/paratha (Besan aur palak ka parantha/paratha),besan and spinach parantha/paratha (besan aur palak ka parantha/paratha),,,,INDIAN_RECIPE,,PER_100_G,parantha,1,1 parantha,,,216.49,5.54,21.39,12.09,4.39,1.31,,1.48,,0.0,177.19,251.93,33.07,1.85,53.3,6.65,50.53,,,,,2059.79,2414.97,7507.21,HIGH,0,"Nutrition values are per 100 g based on Anuvaad INDB documentation. The supplied CSVs do not contain serving weights/volumes, so none were invented."
48017700216197559,indian-food-0aa97d80c5151b799d078994635c8601,Anuvaad INDB + Indian_Food_Nutrition_Processed,INDB:0770,Besan bathua chilla/cheela,besan bathua chilla/cheela,,,,INDIAN_RECIPE,,PER_100_G,cheela,1,1 cheela,,,373.82,11.48,40.65,18.57,7.79,1.45,,9.99,,40.83,166.36,274.89,64.75,2.68,70.42,2.05,24.35,,,,,989.88,4651.72,1968.96,HIGH,0,"Nutrition values are per 100 g based on Anuvaad INDB documentation. The supplied CSVs do not contain serving weights/volumes, so none were invented."
559817757222542737,indian-food-7c4df48be349d91aa8bb86d0ce40178c,Anuvaad INDB + Indian_Food_Nutrition_Processed,INDB:0525,Besan gatte curry,besan gatte curry,,,,INDIAN_RECIPE,,PER_100_G,bowl,1,1 bowl,,,189.38,7.75,16.26,10.72,3.25,4.5,,2.24,,2.8,356.27,274.59,151.08,1.89,37.09,13.39,135.02,,,,,1097.6,2353.2,5362.63,HIGH,0,"Nutrition values are per 100 g based on Anuvaad INDB documentation. The supplied CSVs do not contain serving weights/volumes, so none were invented."
896709418765181655,indian-food-c71c077243ee2d7a5e7f3b932933a61f,Anuvaad INDB + Indian_Food_Nutrition_Processed,INDB:0153,Besan kadhi with pakodies,besan kadhi with pakodies,,,,INDIAN_RECIPE,,PER_100_G,bowl,1,1 bowl,,,403.35,1.64,3.56,42.59,0.81,0.88,,5.25,,0.94,60.8,70.21,24.53,0.38,8.75,4.17,77.03,,,,,795.49,8747.4,26784.04,HIGH,0,"Nutrition values are per 100 g based on Anuvaad INDB documentation. The supplied CSVs do not contain serving weights/volumes, so none were invented."
653974196688564500,indian-food-913621125e4b114a4c94a9e4abb4d85d,Anuvaad INDB + Indian_Food_Nutrition_Processed,INDB:0130,Bhatura,bhatura,,,,INDIAN_RECIPE,,PER_100_G,bhatura,1,1 bhatura,,,793.2,1.63,10.73,82.56,0.38,0.69,,9.97,,0.38,28.3,30.07,12.12,0.33,4.89,0.05,4.15,,,,,37.82,16934.05,52234.33,HIGH,0,"Nutrition values are per 100 g based on Anuvaad INDB documentation. The supplied CSVs do not contain serving weights/volumes, so none were invented."
802330157883777606,indian-food-b227307153ee246633e6af09533479ac,Anuvaad INDB + Indian_Food_Nutrition_Processed,INDB:0894,Bhel puri,bhel puri,,,,INDIAN_RECIPE,,PER_100_G,plate,1,1 plate,,,509.89,3.52,16.47,47.91,2.24,3.41,,5.77,,0.0,93.98,150.56,24.22,1.29,22.42,31.61,157.03,,,,,359.34,9933.39,30080.44,HIGH,0,"Nutrition values are per 100 g based on Anuvaad INDB documentation. The supplied CSVs do not contain serving weights/volumes, so none were invented."
777618373332165314,indian-food-acaa7ca6147e2c25dc0c5ec7fc7232fb,Anuvaad INDB + Indian_Food_Nutrition_Processed,INDB:0147,Black channa curry/Bengal gram curry (Kale chane ki curry),black channa curry/bengal gram curry (kale chane ki curry),,,,INDIAN_RECIPE,,PER_100_G,bowl,1,1 bowl,,,140.68,5.67,14.11,6.61,7.99,2.36,,0.77,,0.0,358.63,388.59,53.87,2.43,55.36,15.13,87.38,,,,,3014.28,1286.6,3881.21,HIGH,0,"Nutrition values are per 100 g based on Anuvaad INDB documentation. The supplied CSVs do not contain serving weights/volumes, so none were invented."
328930129616936199,indian-food-4909835cbbd9d07c5a16be475916858b,Anuvaad INDB + Indian_Food_Nutrition_Processed,INDB:0497,Black channa pulao/ Bengal gram pulao (Kale chane ka pulao),black channa pulao/ bengal gram pulao (kale chane ka pulao),,,,INDIAN_RECIPE,,PER_100_G,plate,1,1 plate,,,125.51,3.44,21.55,2.58,2.69,1.99,,0.33,,0.0,103.09,148.31,16.51,0.77,20.05,8.11,88.34,,,,,107.28,512.67,1520.63,HIGH,0,"Nutrition values are per 100 g based on Anuvaad INDB documentation. The supplied CSVs do not contain serving weights/volumes, so none were invented."
342131547116081780,indian-food-4bf7ed4544f1274796a25ddc4bb013ca,Anuvaad INDB + Indian_Food_Nutrition_Processed,INDB:0711,Black forest gateau,black forest gateau,,,,INDIAN_RECIPE,,PER_100_G,piece,1,1 piece,,,217.82,5.94,30.57,8.58,0.28,21.97,,4.61,,107.21,79.37,138.54,46.79,1.09,26.03,143.5,10.98,,,,,146.22,2592.18,530.63,HIGH,0,"Nutrition values are per 100 g based on Anuvaad INDB documentation. The supplied CSVs do not contain serving weights/volumes, so none were invented."
542839222222971707,indian-food-7888d6582bfe33b4ad30508b70e286bc,Anuvaad INDB + Indian_Food_Nutrition_Processed,INDB:0395,Black forest pastry,black forest pastry,,,,INDIAN_RECIPE,,PER_100_G,pastry,1,1 pastry,,,233.55,6.09,34.48,8.46,0.54,21.35,,4.52,,113.03,53.43,110.97,44.15,0.92,13.57,0.91,16.28,,,,,138.93,2548.3,565.59,HIGH,0,"Nutrition values are per 100 g based on Anuvaad INDB documentation. The supplied CSVs do not contain serving weights/volumes, so none were invented."
711919849669675199,indian-food-9e13f54d41c48bfc9d7a31765903f9df,Anuvaad INDB + Indian_Food_Nutrition_Processed,INDB:0795,Black rice kheer (Chak-hao kheer),black rice kheer (chak-hao kheer),,,,INDIAN_RECIPE,,PER_100_G,bowl,1,1 bowl,,,147.94,4.37,22.93,4.91,0.76,12.57,,2.23,,0.0,25.77,104.34,94.89,0.46,6.8,3.22,11.25,,,,,154.39,936.06,106.79,HIGH,0,"Nutrition values are per 100 g based on Anuvaad INDB documentation. The supplied CSVs do not contain serving weights/volumes, so none were invented."
661075650382323544,indian-food-92c9ccd2eb2df5849967cf1a323b359d,Anuvaad INDB + Indian_Food_Nutrition_Processed,INDB:0054,Boiled egg (Ubla anda),boiled egg (ubla anda),,,,INDIAN_RECIPE,,PER_100_G,egg,1,1 egg,,,45.35,4.43,0.12,3.04,0.11,0.0,,0.98,,121.19,170.94,50.91,17.75,0.64,4.88,0.0,24.77,,,,,52.05,1154.18,385.02,HIGH,0,"Nutrition values are per 100 g based on Anuvaad INDB documentation. The supplied CSVs do not contain serving weights/volumes, so none were invented."
749638116630692288,indian-food-a673fe533dd81c023cda11e2de667435,Anuvaad INDB + Indian_Food_Nutrition_Processed,INDB:0103,Boiled rice (Uble chawal),boiled rice (uble chawal),,,,INDIAN_RECIPE,,PER_100_G,plate,1,1 plate,,,117.19,2.6,25.72,0.18,1.25,0.22,,0.05,,0.0,1.05,47.33,2.7,0.24,8.91,0.0,9.75,,,,,15.63,28.89,72.0,HIGH,0,"Nutrition values are per 100 g based on Anuvaad INDB documentation. The supplied CSVs do not contain serving weights/volumes, so none were invented."
195212820413153102,indian-food-2b58906a053ff4e6e176bad8f5670cbf,Anuvaad INDB + Indian_Food_Nutrition_Processed,INDB:0256,Boondi raita,boondi raita,,,,INDIAN_RECIPE,,PER_100_G,bowl,1,1 bowl,,,687.72,2.19,3.96,73.83,0.46,1.88,,9.22,,2.51,99.18,79.71,49.0,0.24,7.4,0.77,37.83,,,,,33.47,15189.89,46338.53,HIGH,0,"Nutrition values are per 100 g based on Anuvaad INDB documentation. The supplied CSVs do not contain serving weights/volumes, so none were invented."
844966387522802263,indian-food-bb9ec73df711257f4590829ba7e8d09f,Anuvaad INDB + Indian_Food_Nutrition_Processed,INDB:0530,Boti kebab,boti kebab,,,,INDIAN_RECIPE,,PER_100_G,kebab,1,1 kebab,,,132.86,9.22,3.06,9.27,0.76,2.09,,0.6,,1.21,78.14,221.64,98.67,1.41,9.99,4.52,6.58,,,,,86.9,714.8,1926.09,HIGH,0,"Nutrition values are per 100 g based on Anuvaad INDB documentation. The supplied CSVs do not contain serving weights/volumes, so none were invented."
577966759197863291,indian-food-80559b48df8ed7bd0458739f4ee1ab7a,Anuvaad INDB + Indian_Food_Nutrition_Processed,INDB:0313,Bottle gourd burfi (Ghiya/Lauki burfi),bottle gourd burfi (ghiya/lauki burfi),,,,INDIAN_RECIPE,,PER_100_G,burfi,1,1 burfi,,,275.96,5.86,24.51,17.68,0.73,23.92,,10.78,,26.43,18.15,229.64,215.85,0.93,24.42,1.08,34.06,,,,,299.01,4726.01,786.32,HIGH,0,"Nutrition values are per 100 g based on Anuvaad INDB documentation. The supplied CSVs do not contain serving weights/volumes, so none were invented."
195987313217957478,indian-food-2b8496c48d6ee66ee2e08f209dae9faa,Anuvaad INDB + Indian_Food_Nutrition_Processed,INDB:0616,Bottle gourd kheer (Ghiya/Lauki kheer),bottle gourd kheer (ghiya/lauki kheer),,,,INDIAN_RECIPE,,PER_100_G,bowl,1,1 bowl,,,84.07,2.7,10.0,3.86,0.55,9.63,,2.07,,0.0,19.62,117.46,94.18,0.23,11.57,6.2,35.87,,,,,167.96,1224.36,224.92,HIGH,0,"Nutrition values are per 100 g based on Anuvaad INDB documentation. The supplied CSVs do not contain serving weights/volumes, so none were invented."
565806047157730420,indian-food-7da259a249abc74898442198e6c7a1a4,Anuvaad INDB + Indian_Food_Nutrition_Processed,INDB:0251,Bottle gourd raita (Ghiya/Lauki ka raita),bottle gourd raita (ghiya/lauki ka raita),,,,INDIAN_RECIPE,,PER_100_G,bowl,1,1 bowl,,,56.31,3.98,5.76,2.07,0.85,5.25,,1.27,,7.21,188.37,234.32,138.26,0.23,17.56,4.76,39.49,,,,,89.68,537.94,111.47,HIGH,0,"Nutrition values are per 100 g based on Anuvaad INDB documentation. The supplied CSVs do not contain serving weights/volumes, so none were invented."
696174351406292021,indian-food-9a94ee2554f5c35166279c1b0eec5598,Anuvaad INDB + Indian_Food_Nutrition_Processed,INDB:0909,Bottle gourd soup (Ghiya/Lauki soup),bottle gourd soup (ghiya/lauki soup),,,,INDIAN_RECIPE,,PER_100_G,bowl,1,1 bowl,,,23.05,0.45,1.16,1.79,0.96,0.39,,0.36,,0.72,53.81,61.68,15.14,0.26,5.92,6.0,52.73,,,,,56.98,1170.08,162.3,HIGH,0,"Nutrition values are per 100 g based on Anuvaad INDB documentation. The supplied CSVs do not contain serving weights/volumes, so none were invented."
150355369437853422,indian-food-2162b69716a76ee2b6444d3473153c6d,Anuvaad INDB + Indian_Food_Nutrition_Processed,INDB:0302,Bread and butter pudding,bread and butter pudding,,,,INDIAN_RECIPE,,PER_100_G,plate,1,1 plate,,,167.94,5.59,19.63,7.88,0.98,11.84,,3.4,,55.29,96.3,155.43,105.54,0.9,19.86,1.58,21.41,,,,,152.5,2736.33,672.16,HIGH,0,"Nutrition values are per 100 g based on Anuvaad INDB documentation. The supplied CSVs do not contain serving weights/volumes, so none were invented."
600380720497592975,indian-food-854fb1597408a8fac29cad0946b557d4,Anuvaad INDB + Indian_Food_Nutrition_Processed,INDB:0334,Bread pakora/pakoda,bread pakora/pakoda,,,,INDIAN_RECIPE,,PER_100_G,plate,1,1 plate,,,710.99,2.57,8.87,74.2,1.11,0.46,,8.89,,0.0,101.49,38.92,19.83,0.46,7.17,0.01,114.11,,,,,22.96,15177.86,46839.74,HIGH,0,"Nutrition values are per 100 g based on Anuvaad INDB documentation. The supplied CSVs do not contain serving weights/volumes, so none were invented."
130195273428441347,indian-food-1ce8be9502319034ff7c30f062197bb6,Anuvaad INDB + Indian_Food_Nutrition_Processed,INDB:0928,Bread roll,bread roll,,,,INDIAN_RECIPE,,PER_100_G,bread roll,1,1 bread roll,,,435.46,2.85,16.12,40.25,1.45,0.94,,4.78,,0.0,139.34,153.42,44.83,0.71,13.0,6.79,15.69,,,,,503.47,8139.66,25156.75,HIGH,0,"Nutrition values are per 100 g based on Anuvaad INDB documentation. The supplied CSVs do not contain serving weights/volumes, so none were invented."
542787621123663910,indian-food-7885e77318e2826b651b9933127fc49b,Anuvaad INDB + Indian_Food_Nutrition_Processed,INDB:0997,Bread sauce,bread sauce,,,,INDIAN_RECIPE,,PER_100_G,,,,,,111.04,3.46,8.69,7.05,0.56,4.63,,4.24,,8.48,88.84,122.76,110.72,0.31,11.07,,,,,,,194.4,1804.13,241.55,HIGH,0,"Nutrition values are per 100 g based on Anuvaad INDB documentation. The supplied CSVs do not contain serving weights/volumes, so none were invented."
1139892316775345321,indian-food-fd1b605cf976ca9d1acc76211f56ec12,Anuvaad INDB + Indian_Food_Nutrition_Processed,INDB:0450,Bread upma,bread upma,,,,INDIAN_RECIPE,,PER_100_G,bowl,1,1 bowl,,,129.51,2.8,12.6,7.75,1.96,1.56,,0.9,,0.0,176.44,130.12,45.22,0.82,18.35,4.64,15.79,,,,,1224.9,1520.64,4590.62,HIGH,0,"Nutrition values are per 100 g based on Anuvaad INDB documentation. The supplied CSVs do not contain serving weights/volumes, so none were invented."
150018708895522014,indian-food-214f9388d615cde727d47c58b6de7133,Anuvaad INDB + Indian_Food_Nutrition_Processed,INDB:0161,Brinjal bhartha (Baingan ka bhartha),brinjal bhartha (baingan ka bhartha),,,,INDIAN_RECIPE,,PER_100_G,bowl,1,1 bowl,,,65.12,1.38,4.4,4.48,3.27,1.82,,0.57,,0.0,132.15,222.05,17.85,0.48,20.02,24.05,92.42,,,,,1228.76,879.61,2773.15,HIGH,0,"Nutrition values are per 100 g based on Anuvaad INDB documentation. The supplied CSVs do not contain serving weights/volumes, so none were invented."
718588635652526123,indian-food-9f8f08e8fb3902beaa351b263abfca13,Anuvaad INDB + Indian_Food_Nutrition_Processed,INDB:1009,Brinjal pickle (Baingan ka achaar),brinjal pickle (baingan ka achaar),,,,INDIAN_RECIPE,,PER_100_G,,,,,,139.01,2.24,4.23,12.98,4.62,1.07,,1.48,,0.0,3507.59,305.87,37.28,2.16,40.36,,,,,,,644.39,7291.88,2951.45,HIGH,0,"Nutrition values are per 100 g based on Anuvaad INDB documentation. The supplied CSVs do not contain serving weights/volumes, so none were invented."
791173197914731549,indian-food-afacfd4e984741d48e83692f5541a2b9,Anuvaad INDB + Indian_Food_Nutrition_Processed,INDB:0544,Broccoli chicken ala king,broccoli chicken ala king,,,,INDIAN_RECIPE,,PER_100_G,bowl,1,1 bowl,,,119.56,7.97,5.34,7.57,1.92,2.49,,3.65,,27.85,104.01,297.25,73.36,0.78,19.27,79.81,105.46,,,,,285.51,1626.4,366.19,HIGH,0,"Nutrition values are per 100 g based on Anuvaad INDB documentation. The supplied CSVs do not contain serving weights/volumes, so none were invented."
504295209638426008,indian-food-6ff9dd2406df5988892fdd507e2eddba,Anuvaad INDB + Indian_Food_Nutrition_Processed,INDB:0580,Broccoli delight,broccoli delight,,,,INDIAN_RECIPE,,PER_100_G,bowl,1,1 bowl,,,40.7,2.49,2.34,2.48,2.83,1.08,,0.34,,0.0,59.26,257.82,26.99,0.71,17.1,79.0,97.64,,,,,2865.2,1244.07,642.19,HIGH,0,"Nutrition values are per 100 g based on Anuvaad INDB documentation. The supplied CSVs do not contain serving weights/volumes, so none were invented."
749127891695029325,indian-food-a656fd933d1cc4de21cb10564faecac6,Anuvaad INDB + Indian_Food_Nutrition_Processed,INDB:0940,Brown sauce,brown sauce,,,,INDIAN_RECIPE,,PER_100_G,,,,,,109.18,11.92,5.38,23.67,1.69,0.13,,1.12,,0.0,14174.59,334.09,40.44,2.46,39.16,,,,,,,19.55,1912.29,5918.29,HIGH,0,"Nutrition values are per 100 g based on Anuvaad INDB documentation. The supplied CSVs do not contain serving weights/volumes, so none were invented."
1049257989724693855,indian-food-e8fb6951b47e55f4356ce145f2debcf2,Anuvaad INDB + Indian_Food_Nutrition_Processed,INDB:0066,Brown stock,brown stock,,,,INDIAN_RECIPE,,PER_100_G,cup,1,1 cup,,,21.32,1.95,0.25,1.38,0.09,0.14,,0.0,,0.0,44.6,36.68,17.16,0.3,0.72,1.5,6.33,,,,,101.74,1.64,7.67,HIGH,0,"Nutrition values are per 100 g based on Anuvaad INDB documentation. The supplied CSVs do not contain serving weights/volumes, so none were invented."
9082460603288864,indian-food-020447325f20d207fa3f7857d695a890,Anuvaad INDB + Indian_Food_Nutrition_Processed,INDB:0887,Buckwheat pancake (Khura),buckwheat pancake (khura),,,,INDIAN_RECIPE,,PER_100_G,pancake,1,1 pancake,,,263.3,2.91,27.28,16.43,0.56,0.64,,10.12,,41.31,69.97,100.05,11.32,0.69,16.71,0.66,3.38,,,,,1088.75,4059.74,592.43,HIGH,0,"Nutrition values are per 100 g based on Anuvaad INDB documentation. The supplied CSVs do not contain serving weights/volumes, so none were invented."
775757672498798211,indian-food-ac40b7e35131e835691044b5e9b89303,Anuvaad INDB + Indian_Food_Nutrition_Processed,INDB:0224,Butter chicken,butter chicken,,,,INDIAN_RECIPE,,PER_100_G,large piece,1,1 large piece,,,137.0,10.92,3.74,8.7,1.32,2.37,,3.05,,39.26,26.21,319.53,25.28,0.92,23.27,32.65,40.85,,,,,1884.16,1620.51,424.98,HIGH,0,"Nutrition values are per 100 g based on Anuvaad INDB documentation. The supplied CSVs do not contain serving weights/volumes, so none were invented."
589041342458516738,indian-food-82cb1fae7425502d2c1fb96d8516c49d,Anuvaad INDB + Indian_Food_Nutrition_Processed,INDB:0718,Butter icing,butter icing,,,,INDIAN_RECIPE,,PER_100_G,tablespoon,1,1 tablespoon,,,500.72,0.19,71.64,25.37,0.0,71.64,,16.08,,65.74,5.98,13.56,12.48,0.14,2.12,0.0,0.0,,,,,187.65,6453.83,873.51,HIGH,0,"Nutrition values are per 100 g based on Anuvaad INDB documentation. The supplied CSVs do not contain serving weights/volumes, so none were invented."
411377043080403048,indian-food-5b5813db98ed868d3cb116fa801578a7,Anuvaad INDB + Indian_Food_Nutrition_Processed,INDB:0733,Butterfly biscuit,butterfly biscuit,,,,INDIAN_RECIPE,,PER_100_G,biscuit,1,1 biscuit,,,341.45,9.98,25.33,22.11,1.02,2.44,,12.95,,169.12,572.05,128.56,202.49,1.09,20.46,0.03,2.63,,,,,259.25,6071.65,1120.15,HIGH,0,"Nutrition values are per 100 g based on Anuvaad INDB documentation. The supplied CSVs do not contain serving weights/volumes, so none were invented."
212411006160398299,indian-food-2f2a2af4892e7db5e8bf5f78572d469d,Anuvaad INDB + Indian_Food_Nutrition_Processed,INDB:0816,Buttermilk biscuit,buttermilk biscuit,,,,INDIAN_RECIPE,,PER_100_G,biscuit,1,1 biscuit,,,322.54,5.76,34.93,17.5,1.18,3.44,,10.86,,45.41,323.74,117.49,67.16,0.77,17.22,0.0,11.23,,,,,236.36,4385.48,697.41,HIGH,0,"Nutrition values are per 100 g based on Anuvaad INDB documentation. The supplied CSVs do not contain serving weights/volumes, so none were invented."
1148512704803078684,indian-food-ff056384dcf821c132ffb6e01b57b351,Anuvaad INDB + Indian_Food_Nutrition_Processed,INDB:0158,Cabbage and peas (Pattagobhi aur matar),cabbage and peas (pattagobhi aur matar),,,,INDIAN_RECIPE,,PER_100_G,bowl,1,1 bowl,,,63.88,3.24,6.24,2.64,3.99,0.97,,0.34,,0.0,253.73,255.5,45.5,1.1,28.59,54.84,75.95,,,,,772.2,529.15,1635.28,HIGH,0,"Nutrition values are per 100 g based on Anuvaad INDB documentation. The supplied CSVs do not contain serving weights/volumes, so none were invented."
431029867126164285,indian-food-5fb536165a38b3dae42654f71162ab6a,Anuvaad INDB + Indian_Food_Nutrition_Processed,INDB:0266,Cabbage kheer (Pattagobhi ki kheer),cabbage kheer (pattagobhi ki kheer),,,,INDIAN_RECIPE,,PER_100_G,bowl,1,1 bowl,,,83.51,2.87,9.73,3.8,0.51,9.28,,2.15,,0.0,22.67,136.05,102.74,0.24,10.99,17.36,33.51,,,,,201.26,1126.5,181.33,HIGH,0,"Nutrition values are per 100 g based on Anuvaad INDB documentation. The supplied CSVs do not contain serving weights/volumes, so none were invented."
270891091686737925,indian-food-3c266033cce4805daa5f91d6446398dc,Anuvaad INDB + Indian_Food_Nutrition_Processed,INDB:0187,Cabbage kofta curry (Pattagobhi kofta curry),cabbage kofta curry (pattagobhi kofta curry),,,,INDIAN_RECIPE,,PER_100_G,bowl,1,1 bowl,,,639.81,0.98,2.87,69.4,0.9,0.89,,8.37,,0.23,92.85,72.21,15.46,0.34,7.32,43.56,90.4,,,,,508.21,14234.4,43899.34,HIGH,0,"Nutrition values are per 100 g based on Anuvaad INDB documentation. The supplied CSVs do not contain serving weights/volumes, so none were invented."
559222774228108475,indian-food-7c2c226782cc4bb406ebdc37f26a57ee,Anuvaad INDB + Indian_Food_Nutrition_Processed,INDB:0858,Cabbage manchurian (Pattagobhi manchurian),cabbage manchurian (pattagobhi manchurian),,,,INDIAN_RECIPE,,PER_100_G,bowl,1,1 bowl,,,224.26,0.64,4.85,22.48,0.37,0.33,,2.73,,0.18,75.02,34.44,3.18,0.2,3.5,28.39,30.24,,,,,70.43,4623.99,14190.72,HIGH,0,"Nutrition values are per 100 g based on Anuvaad INDB documentation. The supplied CSVs do not contain serving weights/volumes, so none were invented."
617391614430616033,indian-food-8916a66f97119e1ec9798e26ee4c512b,Anuvaad INDB + Indian_Food_Nutrition_Processed,INDB:0869,Cabbage raita (Pattagobhi raita),cabbage raita (pattagobhi raita),,,,INDIAN_RECIPE,,PER_100_G,bowl,1,1 bowl,,,84.84,3.24,5.25,5.76,0.93,4.21,,3.17,,16.26,125.31,210.13,118.49,0.19,15.55,28.29,53.73,,,,,136.86,1411.49,254.91,HIGH,0,"Nutrition values are per 100 g based on Anuvaad INDB documentation. The supplied CSVs do not contain serving weights/volumes, so none were invented."
25819993262239292,indian-food-05bbb25a67fae3c7c98243a8c005ea9f,Anuvaad INDB + Indian_Food_Nutrition_Processed,INDB:0567,Cabbage rolls (curry) ((Pattagobhi rolls)(curry)),cabbage rolls (curry) ((pattagobhi rolls)(curry)),,,,INDIAN_RECIPE,,PER_100_G,roll,1,1 roll,,,124.63,5.76,7.03,8.17,2.35,3.81,,2.53,,18.79,123.98,425.86,29.82,0.95,26.41,26.91,34.04,,,,,499.78,2248.07,2858.41,HIGH,0,"Nutrition values are per 100 g based on Anuvaad INDB documentation. The supplied CSVs do not contain serving weights/volumes, so none were invented."
1033469016863846076,indian-food-e579e98648aaebc0418d116cf9fd5569,Anuvaad INDB + Indian_Food_Nutrition_Processed,INDB:0566,Cabbage rolls (dry) ((Pattagobhi rolls) (dry)),cabbage rolls (dry) ((pattagobhi rolls) (dry)),,,,INDIAN_RECIPE,,PER_100_G,roll,1,1 roll,,,142.48,8.21,6.09,9.36,1.84,1.26,,3.82,,32.9,118.05,252.57,31.54,0.98,20.93,12.69,19.01,,,,,206.24,2935.26,1905.27,HIGH,0,"Nutrition values are per 100 g based on Anuvaad INDB documentation. The supplied CSVs do not contain serving weights/volumes, so none were invented."
998627700318489985,indian-food-ddbd69a3c594d81fec0fa70d04c9412d,Anuvaad INDB + Indian_Food_Nutrition_Processed,INDB:0856,Cajun chicken,cajun chicken,,,,INDIAN_RECIPE,,PER_100_G,chicken breast,1,1 chicken breast,,,184.94,12.69,1.94,13.99,0.89,1.1,,5.14,,39.32,1740.13,181.55,156.98,0.53,18.93,45.44,44.55,,,,,662.41,5138.32,728.5,HIGH,0,"Nutrition values are per 100 g based on Anuvaad INDB documentation. The supplied CSVs do not contain serving weights/volumes, so none were invented."
996157333929023032,indian-food-dd30fd13d3d5638ee6b58e7cde3eb9e6,Anuvaad INDB + Indian_Food_Nutrition_Processed,INDB:0443,Canjee,canjee,,,,INDIAN_RECIPE,,PER_100_G,glass,1,1 glass,,,6.61,0.24,0.44,0.42,0.36,0.21,,0.03,,0.0,43.03,21.2,5.82,0.17,3.57,0.52,3.61,,,,,474.3,208.49,104.17,HIGH,0,"Nutrition values are per 100 g based on Anuvaad INDB documentation. The supplied CSVs do not contain serving weights/volumes, so none were invented."
793645241611743351,indian-food-b0398246ff27077336beb0c20efa1a3a,Anuvaad INDB + Indian_Food_Nutrition_Processed,INDB:0619,Caramel custard (baked),caramel custard (baked),,,,INDIAN_RECIPE,,PER_100_G,small bowl,1,1 small bowl,,,122.7,5.11,14.95,5.01,0.0,14.92,,2.46,,81.15,44.78,107.98,90.59,0.53,8.42,3.02,35.21,,,,,162.97,1579.4,347.24,HIGH,0,"Nutrition values are per 100 g based on Anuvaad INDB documentation. The supplied CSVs do not contain serving weights/volumes, so none were invented."
501203379223122227,indian-food-6f4a1d162d1d133044b7573f7fbbc60a,Anuvaad INDB + Indian_Food_Nutrition_Processed,INDB:0278,Caramel custard (steamed),caramel custard (steamed),,,,INDIAN_RECIPE,,PER_100_G,bowl,1,1 bowl,,,121.58,4.97,15.02,4.87,0.0,14.98,,2.39,,78.88,43.57,105.29,88.12,0.51,8.22,3.02,35.21,,,,,158.41,1535.17,337.52,HIGH,0,"Nutrition values are per 100 g based on Anuvaad INDB documentation. The supplied CSVs do not contain serving weights/volumes, so none were invented."
183420514292469562,indian-food-28ba3fc66ec0f3a3f48fb05feef87d09,Anuvaad INDB + Indian_Food_Nutrition_Processed,INDB:0284,Caramel ice cream,caramel ice cream,,,,INDIAN_RECIPE,,PER_100_G,ice-cream cup,1,1 ice-cream cup,,,173.52,4.31,14.81,11.15,0.08,14.52,,6.42,,54.79,33.47,105.17,87.32,0.35,11.98,3.27,25.96,,,,,168.25,3295.95,548.2,HIGH,0,"Nutrition values are per 100 g based on Anuvaad INDB documentation. The supplied CSVs do not contain serving weights/volumes, so none were invented."
211959052521238312,indian-food-2f107a2a074ef28f5beb839c546ac2ce,Anuvaad INDB + Indian_Food_Nutrition_Processed,INDB:0823,Cardamom cookies (Elaichi cookies),cardamom cookies (elaichi cookies),,,,INDIAN_RECIPE,,PER_100_G,cookie,1,1 cookie,,,400.49,5.1,53.99,19.12,2.79,38.99,,11.41,,111.21,98.45,111.45,25.21,1.41,34.43,0.0,34.95,,,,,219.87,5018.37,977.18,HIGH,0,"Nutrition values are per 100 g based on Anuvaad INDB documentation. The supplied CSVs do not contain serving weights/volumes, so none were invented."
801217953461217821,indian-food-b1e7f7bcfb8aa1dbedb326ccb289b8ac,Anuvaad INDB + Indian_Food_Nutrition_Processed,INDB:0165,Carrot and cabbage with coconut (Nariyal ke saath pattagobhi aur gajar),carrot and cabbage with coconut (nariyal ke saath pattagobhi aur gajar),,,,INDIAN_RECIPE,,PER_100_G,bowl,1,1 bowl,,,106.61,1.82,4.99,8.62,4.52,2.36,,3.37,,0.0,219.6,278.73,48.63,0.84,26.35,41.01,72.27,,,,,4455.77,1176.92,2822.51,HIGH,0,"Nutrition values are per 100 g based on Anuvaad INDB documentation. The supplied CSVs do not contain serving weights/volumes, so none were invented."
601507545184758999,indian-food-858fbece8746cd7344f8bcc42a10c481,Anuvaad INDB + Indian_Food_Nutrition_Processed,INDB:0159,Carrot and fenugreek leaves (Gajar methi),carrot and fenugreek leaves (gajar methi),,,,INDIAN_RECIPE,,PER_100_G,bowl,1,1 bowl,,,61.92,2.1,4.17,3.81,4.43,2.11,,0.52,,0.0,262.91,255.95,128.83,2.72,37.1,51.83,81.67,,,,,10000.72,674.71,2342.76,HIGH,0,"Nutrition values are per 100 g based on Anuvaad INDB documentation. The supplied CSVs do not contain serving weights/volumes, so none were invented."
294356204813202389,indian-food-415c368a152b3d50cecc36581e8826b0,Anuvaad INDB + Indian_Food_Nutrition_Processed,INDB:0253,Carrot and spinach raita (Gajar aur palak ka raita),carrot and spinach raita (gajar aur palak ka raita),,,,INDIAN_RECIPE,,PER_100_G,bowl,1,1 bowl,,,56.83,4.0,5.83,1.99,1.39,4.93,,1.14,,6.19,180.79,380.75,142.57,1.04,38.85,19.29,95.51,,,,,4058.14,476.26,197.95,HIGH,0,"Nutrition values are per 100 g based on Anuvaad INDB documentation. The supplied CSVs do not contain serving weights/volumes, so none were invented."
474396902973159669,indian-food-69565784442b8f5f95a206c655fb0f4d,Anuvaad INDB + Indian_Food_Nutrition_Processed,INDB:0033,Carrot apple sandwich (Gajar aur seb ka sandwich),carrot apple sandwich (gajar aur seb ka sandwich),,,,INDIAN_RECIPE,,PER_100_G,triangle,1,1 triangle,,,214.11,5.3,29.04,9.12,3.66,5.3,,5.16,,21.05,302.88,228.82,118.05,1.8,31.49,2.7,21.7,,,,,2220.14,2211.03,628.98,HIGH,0,"Nutrition values are per 100 g based on Anuvaad INDB documentation. The supplied CSVs do not contain serving weights/volumes, so none were invented."
741850429183645821,indian-food-a4b9508ebf6587dba7abf35cef3022b5,Anuvaad INDB + Indian_Food_Nutrition_Processed,INDB:0901,Carrot cake (Gajar ka cake),carrot cake (gajar ka cake),,,,INDIAN_RECIPE,,PER_100_G,slice,1,1 slice,,,255.59,5.6,35.98,10.27,2.93,23.96,,3.19,,11.61,158.74,273.12,156.1,1.03,39.07,3.12,17.06,,,,,1939.44,2368.67,4102.84,HIGH,0,"Nutrition values are per 100 g based on Anuvaad INDB documentation. The supplied CSVs do not contain serving weights/volumes, so none were invented."
830130268306182417,indian-food-b853714afb09111ad853bafb467c4bf4,Anuvaad INDB + Indian_Food_Nutrition_Processed,INDB:0273,Carrot halwa (Gajar ka halwa),carrot halwa (gajar ka halwa),,,,INDIAN_RECIPE,,PER_100_G,bowl,1,1 bowl,,,172.64,3.11,18.53,9.73,2.65,16.85,,5.41,,14.66,39.96,249.93,106.94,0.76,22.98,6.53,44.8,,,,,5740.77,2812.91,694.99,HIGH,0,"Nutrition values are per 100 g based on Anuvaad INDB documentation. The supplied CSVs do not contain serving weights/volumes, so none were invented."
669762147815542352,indian-food-94b791ff88c4e5013ed79aa8f36179d9,Anuvaad INDB + Indian_Food_Nutrition_Processed,INDB:0267,Carrot kheer (Gajar ki kheer),carrot kheer (gajar ki kheer),,,,INDIAN_RECIPE,,PER_100_G,bowl,1,1 bowl,,,85.35,2.81,10.09,3.85,0.73,9.63,,2.16,,0.0,28.54,142.34,100.12,0.28,10.8,6.54,24.59,,,,,1632.53,1125.08,208.77,HIGH,0,"Nutrition values are per 100 g based on Anuvaad INDB documentation. The supplied CSVs do not contain serving weights/volumes, so none were invented."
427283393939819181,indian-food-5ee03fba234caad6778157348cd5399f,Anuvaad INDB + Indian_Food_Nutrition_Processed,INDB:0980,Carrot murabba (Gajar ka murabba),carrot murabba (gajar ka murabba),,,,INDIAN_RECIPE,,PER_100_G,,,,,,175.24,0.32,45.6,0.16,1.39,44.83,,0.03,,0.0,19.53,93.08,15.86,0.28,6.41,,,,,,,3125.67,7.0,88.67,HIGH,0,"Nutrition values are per 100 g based on Anuvaad INDB documentation. The supplied CSVs do not contain serving weights/volumes, so none were invented."
132400441766231084,indian-food-1d661801394bc2c2c11354c0a9c81485,Anuvaad INDB + Indian_Food_Nutrition_Processed,INDB:0606,Carrot raita (Gajar ka raita),carrot raita (gajar ka raita),,,,INDIAN_RECIPE,,PER_100_G,bowl,1,1 bowl,,,64.78,4.14,7.19,2.19,1.69,5.99,,1.25,,6.98,274.46,293.77,146.72,0.55,22.13,7.76,32.0,,,,,3200.4,536.54,177.65,HIGH,0,"Nutrition values are per 100 g based on Anuvaad INDB documentation. The supplied CSVs do not contain serving weights/volumes, so none were invented."
208079696280199887,indian-food-2e33f619dc0a2cf2aa75e49be36a3a3b,Anuvaad INDB + Indian_Food_Nutrition_Processed,INDB:0315,Cashewnut burfi (Kaju burfi/Kaju katli),cashewnut burfi (kaju burfi/kaju katli),,,,INDIAN_RECIPE,,PER_100_G,burfi,1,1 burfi,,,421.74,5.48,37.92,28.46,1.12,31.43,,11.44,,38.62,4.23,186.05,12.95,1.79,89.83,0.0,2.1,,,,,297.37,12146.8,2890.81,HIGH,0,"Nutrition values are per 100 g based on Anuvaad INDB documentation. The supplied CSVs do not contain serving weights/volumes, so none were invented."
813350363890092225,indian-food-b4999d8bd9a88c1ff41584dae8e3aeff,Anuvaad INDB + Indian_Food_Nutrition_Processed,INDB:0591,Cauliflower au gratin,cauliflower au gratin,,,,INDIAN_RECIPE,,PER_100_G,bowl,1,1 bowl,,,145.9,4.45,9.13,10.2,1.44,3.01,,6.19,,22.15,164.96,181.3,119.69,0.57,15.99,50.15,69.55,,,,,166.25,2593.28,413.39,HIGH,0,"Nutrition values are per 100 g based on Anuvaad INDB documentation. The supplied CSVs do not contain serving weights/volumes, so none were invented."
205743609137843979,indian-food-2daf2b8f177cf0b39015349d6a0521fb,Anuvaad INDB + Indian_Food_Nutrition_Processed,INDB:0582,Cauliflower basket,cauliflower basket,,,,INDIAN_RECIPE,,PER_100_G,portion,1,1 portion,,,90.95,5.21,3.97,5.88,2.4,1.47,,3.28,,51.1,194.22,258.16,100.19,0.92,20.59,71.55,88.46,,,,,156.53,1617.38,424.12,HIGH,0,"Nutrition values are per 100 g based on Anuvaad INDB documentation. The supplied CSVs do not contain serving weights/volumes, so none were invented."
480071931567524808,indian-food-6a98ee0d3b7cbc82c4499ef9c526c73e,Anuvaad INDB + Indian_Food_Nutrition_Processed,INDB:0444,Cauliflower canjee (Phoolgobhi ki canjee),cauliflower canjee (phoolgobhi ki canjee),,,,INDIAN_RECIPE,,PER_100_G,glass,1,1 glass,,,6.9,0.39,0.35,0.42,0.49,0.09,,0.03,,0.0,41.45,38.17,6.26,0.22,4.78,7.86,9.26,,,,,19.31,200.1,107.05,HIGH,0,"Nutrition values are per 100 g based on Anuvaad INDB documentation. The supplied CSVs do not contain serving weights/volumes, so none were invented."
189383155079655470,indian-food-2a0d2f9e4f7302e0539dd8fb6f6435f4,Anuvaad INDB + Indian_Food_Nutrition_Processed,INDB:0268,Cauliflower kheer (Phoolgobhi ki kheer),cauliflower kheer (phoolgobhi ki kheer),,,,INDIAN_RECIPE,,PER_100_G,bowl,1,1 bowl,,,81.95,3.04,8.78,3.95,0.55,8.49,,2.25,,0.0,25.19,145.2,101.75,0.3,11.22,23.92,36.87,,,,,171.81,1140.19,190.58,HIGH,0,"Nutrition values are per 100 g based on Anuvaad INDB documentation. The supplied CSVs do not contain serving weights/volumes, so none were invented."
764316416607133754,indian-food-a9b65bb3bde203a379d65474b9d3d683,Anuvaad INDB + Indian_Food_Nutrition_Processed,INDB:0186,Cauliflower kofta curry (Phoolgobhi kofta curry),cauliflower kofta curry (phoolgobhi kofta curry),,,,INDIAN_RECIPE,,PER_100_G,bowl,1,1 bowl,,,641.1,1.04,2.62,69.62,1.0,0.83,,8.41,,0.23,93.65,82.16,12.26,0.4,7.82,53.98,89.51,,,,,486.17,14273.88,44035.94,HIGH,0,"Nutrition values are per 100 g based on Anuvaad INDB documentation. The supplied CSVs do not contain serving weights/volumes, so none were invented."
525981425839309957,indian-food-74ca951ed9b048595fa3aeadd43cf068,Anuvaad INDB + Indian_Food_Nutrition_Processed,INDB:0192,Cauliflower musallam (Phoolgobhi musallam),cauliflower musallam (phoolgobhi musallam),,,,INDIAN_RECIPE,,PER_100_G,bowl,1,1 bowl,,,58.83,1.89,4.48,3.55,3.06,1.71,,0.47,,0.0,123.36,266.34,24.61,0.83,20.87,71.44,76.8,,,,,1145.39,672.07,2159.21,HIGH,0,"Nutrition values are per 100 g based on Anuvaad INDB documentation. The supplied CSVs do not contain serving weights/volumes, so none were invented."
231223791449464284,indian-food-33578d030f6dddcdbc8efbbe96ff29b1,Anuvaad INDB + Indian_Food_Nutrition_Processed,INDB:0329,Cauliflower pakora/pakoda (Phoolgobhi ke pakode),cauliflower pakora/pakoda (phoolgobhi ke pakode),,,,INDIAN_RECIPE,,PER_100_G,plate,1,1 plate,,,671.63,1.98,4.52,71.86,1.26,0.23,,8.64,,0.0,66.54,64.86,8.44,0.42,7.73,37.72,133.47,,,,,28.27,14730.75,45476.48,HIGH,0,"Nutrition values are per 100 g based on Anuvaad INDB documentation. The supplied CSVs do not contain serving weights/volumes, so none were invented."
397003146860613052,indian-food-58270423756cdbc94fa127444bf61be3,Anuvaad INDB + Indian_Food_Nutrition_Processed,INDB:0090,Cauliflower parantha/paratha (Phoolgobhi ka parantha/paratha),cauliflower parantha/paratha (phoolgobhi ka parantha/paratha),,,,INDIAN_RECIPE,,PER_100_G,parantha,1,1 parantha,,,178.07,3.73,18.84,9.47,4.68,1.15,,1.17,,0.0,190.03,222.94,22.0,1.59,44.53,17.61,26.32,,,,,238.25,1868.38,5892.41,HIGH,0,"Nutrition values are per 100 g based on Anuvaad INDB documentation. The supplied CSVs do not contain serving weights/volumes, so none were invented."
619944775390492630,indian-food-89a7c7d158277d686f8ba350ff63b93c,Anuvaad INDB + Indian_Food_Nutrition_Processed,INDB:0781,Cauliflower potato canjee,cauliflower potato canjee,,,,INDIAN_RECIPE,,PER_100_G,glass,1,1 glass,,,16.79,0.57,2.63,0.39,0.69,0.13,,0.03,,0.0,35.58,117.27,6.78,0.28,7.81,15.57,14.43,,,,,48.99,170.8,110.5,HIGH,0,"Nutrition values are per 100 g based on Anuvaad INDB documentation. The supplied CSVs do not contain serving weights/volumes, so none were invented."
876641695638662944,indian-food-c2a74fa3fd6af20ef502a4f4ec861d66,Anuvaad INDB + Indian_Food_Nutrition_Processed,INDB:0164,Cauliflower with coconut (Nariyal ke saath phoolgobhi),cauliflower with coconut (nariyal ke saath phoolgobhi),,,,INDIAN_RECIPE,,PER_100_G,bowl,1,1 bowl,,,132.11,2.64,3.99,11.56,5.27,1.71,,4.52,,0.0,286.06,344.84,35.37,1.33,32.97,51.79,59.84,,,,,2661.51,1559.92,3760.63,HIGH,0,"Nutrition values are per 100 g based on Anuvaad INDB documentation. The supplied CSVs do not contain serving weights/volumes, so none were invented."
574967380949711674,indian-food-7fab1c962f1bb3a1ecf5c123c1d60de0,Anuvaad INDB + Indian_Food_Nutrition_Processed,INDB:0577,"Cauliflower, pea and potato bhujia (Phoolgobhi, matar aur aloo bhujia)","cauliflower, pea and potato bhujia (phoolgobhi, matar aur aloo bhujia)",,,,INDIAN_RECIPE,,PER_100_G,bowl,1,1 bowl,,,95.67,2.75,8.23,5.54,3.26,1.47,,0.7,,0.0,86.29,305.3,21.05,0.98,25.64,53.51,60.04,,,,,1274.92,1102.61,3454.94,HIGH,0,"Nutrition values are per 100 g based on Anuvaad INDB documentation. The supplied CSVs do not contain serving weights/volumes, so none were invented."
482348761493900950,indian-food-6b1a5a49ab18e968e5ce6929c51d396f,Anuvaad INDB + Indian_Food_Nutrition_Processed,INDB:0751,Cereal mix,cereal mix,,,,INDIAN_RECIPE,,PER_100_G,,,,,,120.81,3.32,21.84,2.02,2.03,10.68,,0.38,,0.0,9.29,179.18,21.4,1.18,32.77,0.62,23.98,,,,,821.46,798.99,658.77,HIGH,0,"Nutrition values are per 100 g based on Anuvaad INDB documentation. The supplied CSVs do not contain serving weights/volumes, so none were invented."
599189069129694616,indian-food-850bf48a2c5bd98355efbcb1ea1a2c05,Anuvaad INDB + Indian_Food_Nutrition_Processed,INDB:0754,Cereal pulse mix with amylase rice flour,cereal pulse mix with amylase rice flour,,,,INDIAN_RECIPE,,PER_100_G,,,,,,151.57,4.27,27.8,2.74,3.47,8.84,,0.33,,0.0,1.03,96.86,12.61,1.19,34.43,0.0,18.71,,,,,69.33,516.24,1635.37,HIGH,0,"Nutrition values are per 100 g based on Anuvaad INDB documentation. The supplied CSVs do not contain serving weights/volumes, so none were invented."
1027531081294545681,indian-food-e428613083c0311939fff74fb37ded75,Anuvaad INDB + Indian_Food_Nutrition_Processed,INDB:0956,Channa murmura premix,channa murmura premix,,,,INDIAN_RECIPE,,PER_100_G,,,,,,339.09,10.59,72.59,3.28,8.21,1.52,,0.03,,0.0,206.28,344.3,21.36,4.58,45.21,,,,,,,35.32,27.84,31.36,HIGH,0,"Nutrition values are per 100 g based on Anuvaad INDB documentation. The supplied CSVs do not contain serving weights/volumes, so none were invented."
964853181768729088,indian-food-d63d8db57bb0200342581e27344775c7,Anuvaad INDB + Indian_Food_Nutrition_Processed,INDB:0086,Chapati/Roti,chapati/roti,,,,INDIAN_RECIPE,,PER_100_G,chapati,1,1 chapati,,,202.31,5.88,35.65,3.56,6.31,1.0,,1.74,,6.83,1.16,172.78,17.22,2.28,69.44,0.0,5.84,,,,,209.53,796.67,538.89,HIGH,0,"Nutrition values are per 100 g based on Anuvaad INDB documentation. The supplied CSVs do not contain serving weights/volumes, so none were invented."
13667097783635748,indian-food-0308e272c810f24170e3a18a44826267,Anuvaad INDB + Indian_Food_Nutrition_Processed,INDB:0294,Charlotte rousse,charlotte rousse,,,,INDIAN_RECIPE,,PER_100_G,bowl,1,1 bowl,,,188.29,3.95,34.08,4.78,1.01,20.48,,2.72,,47.04,56.45,92.26,34.95,0.53,9.65,25.28,28.72,,,,,88.65,1359.16,278.22,HIGH,0,"Nutrition values are per 100 g based on Anuvaad INDB documentation. The supplied CSVs do not contain serving weights/volumes, so none were invented."
287348447255209001,indian-food-3fcdde3ed682429cd6752cfca1bcbff5,Anuvaad INDB + Indian_Food_Nutrition_Processed,INDB:0991,Chat masala,chat masala,,,,INDIAN_RECIPE,,PER_100_G,,,,,,222.58,8.19,23.87,9.91,18.62,0.79,,0.34,,0.0,11873.64,1051.15,519.5,13.27,247.9,,,,,,,354.8,4428.5,1949.9,HIGH,0,"Nutrition values are per 100 g based on Anuvaad INDB documentation. The supplied CSVs do not contain serving weights/volumes, so none were invented."
292297117680206927,indian-food-40e72ae0c33044fbe4e8ec13dfe56281,Anuvaad INDB + Indian_Food_Nutrition_Processed,INDB:0698,Checker board sandwich,checker board sandwich,,,,INDIAN_RECIPE,,PER_100_G,square,1,1 square,,,348.37,7.37,25.94,24.65,2.22,2.9,,14.93,,64.42,358.25,140.33,188.02,1.11,23.8,0.05,8.52,,,,,161.67,6379.53,964.39,HIGH,0,"Nutrition values are per 100 g based on Anuvaad INDB documentation. The supplied CSVs do not contain serving weights/volumes, so none were invented."
1002077856068930744,indian-food-de8188038460cb881f24ea4c32c5649f,Anuvaad INDB + Indian_Food_Nutrition_Processed,INDB:0022,Cheese and chilli sandwich,cheese and chilli sandwich,,,,INDIAN_RECIPE,,PER_100_G,triangle,1,1 triangle,,,218.11,6.8,27.4,9.78,2.08,2.38,,5.28,,23.05,437.5,142.31,113.79,0.99,18.86,12.3,16.14,,,,,518.11,2277.0,351.37,HIGH,0,"Nutrition values are per 100 g based on Anuvaad INDB documentation. The supplied CSVs do not contain serving weights/volumes, so none were invented."
967655305312608582,indian-food-d6dcd5f922e2146fa760ee11632343ee,Anuvaad INDB + Indian_Food_Nutrition_Processed,INDB:0460,Cheese and mushroom omelette/omlet,cheese and mushroom omelette/omlet,,,,INDIAN_RECIPE,,PER_100_G,egg,1,1 egg,,,205.63,9.69,1.68,17.82,0.93,1.07,,10.08,,184.53,400.29,181.05,148.77,1.01,16.69,0.48,32.02,,,,,366.96,5051.99,1014.59,HIGH,0,"Nutrition values are per 100 g based on Anuvaad INDB documentation. The supplied CSVs do not contain serving weights/volumes, so none were invented."
958863110970600141,indian-food-d4e90eb4da0eacdd12ae622a2499cc60,Anuvaad INDB + Indian_Food_Nutrition_Processed,INDB:0367,Cheese and mushroom tart,cheese and mushroom tart,,,,INDIAN_RECIPE,,PER_100_G,tart,1,1 tart,,,246.1,5.51,21.43,15.28,1.18,3.16,,9.48,,37.99,212.42,136.37,100.97,0.59,15.72,6.53,7.96,,,,,401.52,3915.65,646.61,HIGH,0,"Nutrition values are per 100 g based on Anuvaad INDB documentation. The supplied CSVs do not contain serving weights/volumes, so none were invented."
51022037359335167,indian-food-0b54445cc8516ffcfb420c67bf702eea,Anuvaad INDB + Indian_Food_Nutrition_Processed,INDB:0025,Cheese and pineapple sandwich (Cheese aur ananas ka sandwich),cheese and pineapple sandwich (cheese aur ananas ka sandwich),,,,INDIAN_RECIPE,,PER_100_G,triangle,1,1 triangle,,,257.71,8.2,29.1,12.8,2.33,4.1,,7.26,,34.35,571.96,143.39,199.73,1.04,21.52,3.64,12.08,,,,,97.0,3109.01,440.3,HIGH,0,"Nutrition values are per 100 g based on Anuvaad INDB documentation. The supplied CSVs do not contain serving weights/volumes, so none were invented."
344194684010776275,indian-food-4c6d33dd20a46d31febfb259db816618,Anuvaad INDB + Indian_Food_Nutrition_Processed,INDB:0490,Cheese and tomato pancake,cheese and tomato pancake,,,,INDIAN_RECIPE,,PER_100_G,pancake,1,1 pancake,,,147.39,5.15,10.66,9.28,1.06,3.48,,5.63,,38.27,281.62,151.49,127.51,0.64,16.3,9.72,16.52,,,,,1887.42,2467.14,427.64,HIGH,0,"Nutrition values are per 100 g based on Anuvaad INDB documentation. The supplied CSVs do not contain serving weights/volumes, so none were invented."
164296931063252534,indian-food-247b33035b64636164d051593f04b669,Anuvaad INDB + Indian_Food_Nutrition_Processed,INDB:0026,Cheese and tomato sandwich (Cheese aur tamatar ke sandwich),cheese and tomato sandwich (cheese aur tamatar ke sandwich),,,,INDIAN_RECIPE,,PER_100_G,triangle,1,1 triangle,,,243.32,7.92,26.92,12.27,1.97,2.85,,6.95,,32.88,549.71,148.52,191.2,1.0,20.97,3.16,12.18,,,,,1328.24,2976.77,438.74,HIGH,0,"Nutrition values are per 100 g based on Anuvaad INDB documentation. The supplied CSVs do not contain serving weights/volumes, so none were invented."
201701026160249247,indian-food-2cc9603bf1d099ff170afb4e0a7d4014,Anuvaad INDB + Indian_Food_Nutrition_Processed,INDB:0039,Cheese and tomato sandwich (toasted) (Cheese aur tamatar ke sandwich (toasted)),cheese and tomato sandwich (toasted) (cheese aur tamatar ke sandwich (toasted)),,,,INDIAN_RECIPE,,PER_100_G,triangle,1,1 triangle,,,224.58,6.82,21.42,12.95,1.78,2.67,,7.54,,35.12,457.94,148.53,169.22,0.82,19.04,6.32,14.48,,,,,2005.97,3193.44,477.81,HIGH,0,"Nutrition values are per 100 g based on Anuvaad INDB documentation. The supplied CSVs do not contain serving weights/volumes, so none were invented."
697311644128401663,indian-food-9ad593eee0458ff272a855ccd1663fa8,Anuvaad INDB + Indian_Food_Nutrition_Processed,INDB:0375,Cheese balls,cheese balls,,,,INDIAN_RECIPE,,PER_100_G,piece,1,1 piece,,,681.28,2.21,4.81,72.57,0.18,0.63,,11.06,,37.78,120.7,27.57,30.01,0.32,3.93,0.01,2.95,,,,,56.74,15228.15,43060.51,HIGH,0,"Nutrition values are per 100 g based on Anuvaad INDB documentation. The supplied CSVs do not contain serving weights/volumes, so none were invented."
1021067883416102907,indian-food-e2b8fd48293a7fb012cfbaeefbcbaff8,Anuvaad INDB + Indian_Food_Nutrition_Processed,INDB:0123,Cheese noodle ring,cheese noodle ring,,,,INDIAN_RECIPE,,PER_100_G,plate,1,1 plate,,,133.67,6.22,13.96,6.12,1.27,2.84,,3.32,,55.67,241.96,176.93,99.3,0.79,20.45,24.19,94.77,,,,,1462.24,1715.81,431.16,HIGH,0,"Nutrition values are per 100 g based on Anuvaad INDB documentation. The supplied CSVs do not contain serving weights/volumes, so none were invented."
804315594766291164,indian-food-b2980c5a15a10dc3fe369fe9b6eaefa3,Anuvaad INDB + Indian_Food_Nutrition_Processed,INDB:0700,Cheese open sandwich,cheese open sandwich,,,,INDIAN_RECIPE,,PER_100_G,sandwich,1,1 sandwich,,,274.07,9.84,28.42,14.24,1.74,3.24,,4.43,,28.38,504.41,147.36,256.25,1.22,23.29,0.6,12.93,,,,,710.64,5872.02,2057.09,HIGH,0,"Nutrition values are per 100 g based on Anuvaad INDB documentation. The supplied CSVs do not contain serving weights/volumes, so none were invented."
1137409817787878038,indian-food-fc8e433f949ca96f90c35173ea64d8ab,Anuvaad INDB + Indian_Food_Nutrition_Processed,INDB:0377,Cheese patties,cheese patties,,,,INDIAN_RECIPE,,PER_100_G,patty,1,1 patty,,,324.01,7.38,22.23,22.67,1.24,3.93,,4.49,,0.0,295.22,97.11,126.41,0.82,18.88,3.37,31.43,,,,,588.58,4932.56,12105.69,HIGH,0,"Nutrition values are per 100 g based on Anuvaad INDB documentation. The supplied CSVs do not contain serving weights/volumes, so none were invented."
330998954894820008,indian-food-497f1cbb78802a8d5258877e76c197a4,Anuvaad INDB + Indian_Food_Nutrition_Processed,INDB:0350,Cheese pizza,cheese pizza,,,,INDIAN_RECIPE,,PER_100_G,piece,1,1 piece,,,249.5,5.79,30.62,12.43,1.95,3.42,,2.35,,10.64,397.73,152.89,96.51,1.09,17.36,6.72,15.85,,,,,942.87,1728.01,3449.53,HIGH,0,"Nutrition values are per 100 g based on Anuvaad INDB documentation. The supplied CSVs do not contain serving weights/volumes, so none were invented."
64587087696250036,indian-food-0e5759d333644b4f42c98376dba8a0d4,Anuvaad INDB + Indian_Food_Nutrition_Processed,INDB:0300,Cheese pudding,cheese pudding,,,,INDIAN_RECIPE,,PER_100_G,large slice,1,1 large slice,,,285.01,11.29,19.27,18.37,0.05,18.63,,10.56,,99.76,37.83,81.7,226.11,0.87,19.03,0.3,60.43,,,,,201.65,5356.95,851.3,HIGH,0,"Nutrition values are per 100 g based on Anuvaad INDB documentation. The supplied CSVs do not contain serving weights/volumes, so none were invented."
1081483876118076705,indian-food-f0233dafa549d21af65ac2b2eb697c72,Anuvaad INDB + Indian_Food_Nutrition_Processed,INDB:0936,Cheese sauce,cheese sauce,,,,INDIAN_RECIPE,,PER_100_G,,,,,,194.76,7.68,7.08,15.12,0.12,4.53,,9.41,,39.75,317.38,130.21,255.14,0.31,14.33,,,,,,,209.45,4033.0,538.15,HIGH,0,"Nutrition values are per 100 g based on Anuvaad INDB documentation. The supplied CSVs do not contain serving weights/volumes, so none were invented."
1098508663563368270,indian-food-f3eafcf3262374ef7bd69b3cbd0f569e,Anuvaad INDB + Indian_Food_Nutrition_Processed,INDB:0471,Cheese soup,cheese soup,,,,INDIAN_RECIPE,,PER_100_G,bowl,1,1 bowl,,,41.13,12.39,1.87,17.07,1.8,0.84,,1.91,,9.56,13695.35,350.94,83.65,2.4,39.83,5.29,20.27,,,,,268.55,807.87,126.5,HIGH,0,"Nutrition values are per 100 g based on Anuvaad INDB documentation. The supplied CSVs do not contain serving weights/volumes, so none were invented."
586985443398411061,indian-food-82564269a166335f71d760f214533df4,Anuvaad INDB + Indian_Food_Nutrition_Processed,INDB:0732,Cheese straws,cheese straws,,,,INDIAN_RECIPE,,PER_100_G,straw,1,1 straw,,,382.0,9.83,30.61,24.28,1.29,1.79,,14.1,,201.93,587.42,123.91,160.64,1.29,21.19,0.0,2.35,,,,,288.21,6666.28,1285.0,HIGH,0,"Nutrition values are per 100 g based on Anuvaad INDB documentation. The supplied CSVs do not contain serving weights/volumes, so none were invented."
682114505807160488,indian-food-9775b876ec6e4a8c82d190118427c6d5,Anuvaad INDB + Indian_Food_Nutrition_Processed,INDB:0348,Cheese toast,cheese toast,,,,INDIAN_RECIPE,,PER_100_G,toast,1,1 toast,,,785.37,1.98,5.49,84.11,0.31,0.53,,10.61,,11.55,121.05,26.04,43.87,0.31,4.08,0.0,6.85,,,,,7.96,17331.3,52452.57,HIGH,0,"Nutrition values are per 100 g based on Anuvaad INDB documentation. The supplied CSVs do not contain serving weights/volumes, so none were invented."
862743458323173679,indian-food-bf9149ab5a5112f1fbe51dc408d0d76c,Anuvaad INDB + Indian_Food_Nutrition_Processed,INDB:0321,Chenna murki,chenna murki,,,,INDIAN_RECIPE,,PER_100_G,bowl,1,1 bowl,,,252.69,10.46,36.01,8.2,0.0,35.55,,4.91,,0.0,11.4,65.45,266.85,0.55,15.32,0.0,46.65,,,,,107.63,2385.58,243.55,HIGH,0,"Nutrition values are per 100 g based on Anuvaad INDB documentation. The supplied CSVs do not contain serving weights/volumes, so none were invented."
529894520587334566,indian-food-75a90424c08b3a6c97cad3410923b41b,Anuvaad INDB + Indian_Food_Nutrition_Processed,INDB:0731,Cherry and walnut cookies,cherry and walnut cookies,,,,INDIAN_RECIPE,,PER_100_G,cookies,1,1 cookies,,,422.6,5.63,59.35,18.75,1.3,30.37,,8.17,,60.15,114.62,125.24,46.27,1.31,30.43,0.0,2.49,,,,,186.54,4345.91,4853.5,HIGH,0,"Nutrition values are per 100 g based on Anuvaad INDB documentation. The supplied CSVs do not contain serving weights/volumes, so none were invented."
1023367683961549885,indian-food-e33bb7c8d24743d08e40bce294c5a3fa,Anuvaad INDB + Indian_Food_Nutrition_Processed,INDB:0806,Chhena poda,chhena poda,,,,INDIAN_RECIPE,,PER_100_G,slice,1,1 slice,,,344.57,13.68,33.64,17.94,1.4,30.65,,6.8,,3.31,13.0,150.27,295.29,1.41,65.71,0.09,42.67,,,,,143.72,8023.86,1949.4,HIGH,0,"Nutrition values are per 100 g based on Anuvaad INDB documentation. The supplied CSVs do not contain serving weights/volumes, so none were invented."
528097782513032601,indian-food-7542e229d5c5d9910b3995b5bd2c61fa,Anuvaad INDB + Indian_Food_Nutrition_Processed,INDB:0876,Chicken and cheese souffle,chicken and cheese souffle,,,,INDIAN_RECIPE,,PER_100_G,souffle dish,1,1 souffle dish,,,182.35,9.07,3.47,14.74,0.26,2.46,,7.73,,89.24,120.93,160.39,61.71,0.63,12.25,2.4,28.77,,,,,154.23,3679.4,638.33,HIGH,0,"Nutrition values are per 100 g based on Anuvaad INDB documentation. The supplied CSVs do not contain serving weights/volumes, so none were invented."
199927835893208913,indian-food-2c6494eb720975145dc3261678b48457,Anuvaad INDB + Indian_Food_Nutrition_Processed,INDB:0703,Chicken and corn open sandwich,chicken and corn open sandwich,,,,INDIAN_RECIPE,,PER_100_G,sandwich,1,1 sandwich,,,188.16,8.63,19.21,8.83,1.67,2.48,,3.88,,31.78,226.72,143.0,65.13,0.8,14.48,2.12,14.16,,,,,86.46,1256.74,257.56,HIGH,0,"Nutrition values are per 100 g based on Anuvaad INDB documentation. The supplied CSVs do not contain serving weights/volumes, so none were invented."
879810337742279350,indian-food-c35b6d73ad852b60ef55a4242f2040a0,Anuvaad INDB + Indian_Food_Nutrition_Processed,INDB:0599,Chicken and tomato towers,chicken and tomato towers,,,,INDIAN_RECIPE,,PER_100_G,stuffed tomato,1,1 stuffed tomato,,,100.55,6.9,2.36,6.99,1.14,1.21,,0.6,,20.73,76.02,212.83,17.54,0.77,17.28,56.69,49.49,,,,,3242.01,2885.48,1329.04,HIGH,0,"Nutrition values are per 100 g based on Anuvaad INDB documentation. The supplied CSVs do not contain serving weights/volumes, so none were invented."
675707210417145304,indian-food-9609820b91585d8d327540dad3f04e56,Anuvaad INDB + Indian_Food_Nutrition_Processed,INDB:0122,Chicken chowmein,chicken chowmein,,,,INDIAN_RECIPE,,PER_100_G,plate,1,1 plate,,,151.33,6.33,13.3,8.23,1.64,1.63,,0.97,,10.73,288.15,225.32,26.1,0.89,21.81,84.96,102.27,,,,,1937.75,1496.62,4214.87,HIGH,0,"Nutrition values are per 100 g based on Anuvaad INDB documentation. The supplied CSVs do not contain serving weights/volumes, so none were invented."
492387978400465450,indian-food-6d55041f03b822addd469cac2191ec3c,Anuvaad INDB + Indian_Food_Nutrition_Processed,INDB:0071,Chicken consomme (Clear chicken soup),chicken consomme (clear chicken soup),,,,INDIAN_RECIPE,,PER_100_G,soup bowl,1,1 soup bowl,,,47.94,11.47,1.19,12.02,1.57,0.54,,0.82,,17.0,8953.64,305.39,35.48,1.82,32.35,2.1,11.38,,,,,560.44,1205.06,595.91,HIGH,0,"Nutrition values are per 100 g based on Anuvaad INDB documentation. The supplied CSVs do not contain serving weights/volumes, so none were invented."
781639441890683768,indian-food-ad8f0ee5c542b78896425b62f9b5a42d,Anuvaad INDB + Indian_Food_Nutrition_Processed,INDB:0222,Chicken curry,chicken curry,,,,INDIAN_RECIPE,,PER_100_G,bowl,1,1 bowl,,,129.22,11.79,3.38,7.57,1.41,1.79,,0.82,,31.25,108.0,253.49,27.29,0.87,21.89,16.79,38.7,,,,,1284.19,1119.97,2005.92,HIGH,0,"Nutrition values are per 100 g based on Anuvaad INDB documentation. The supplied CSVs do not contain serving weights/volumes, so none were invented."
1129532120530597786,indian-food-face77aa69eb79a296d65ffa978e4591,Anuvaad INDB + Indian_Food_Nutrition_Processed,INDB:0225,Chicken kebab,chicken kebab,,,,INDIAN_RECIPE,,PER_100_G,kabab,1,1 kabab,,,729.41,3.71,1.11,78.89,0.21,0.24,,9.44,,9.94,69.76,62.67,3.46,0.28,5.24,0.41,3.83,,,,,11.32,16046.74,49118.18,HIGH,0,"Nutrition values are per 100 g based on Anuvaad INDB documentation. The supplied CSVs do not contain serving weights/volumes, so none were invented."
863749869814455056,indian-food-bfca7ee25149b10d2db280af612a5993,Anuvaad INDB + Indian_Food_Nutrition_Processed,INDB:0547,Chicken korma,chicken korma,,,,INDIAN_RECIPE,,PER_100_G,bowl,1,1 bowl,,,147.96,9.83,5.43,9.67,1.82,3.32,,1.86,,23.66,119.21,277.53,68.66,1.06,29.57,10.02,58.86,,,,,205.18,1828.76,3105.99,HIGH,0,"Nutrition values are per 100 g based on Anuvaad INDB documentation. The supplied CSVs do not contain serving weights/volumes, so none were invented."
739204603179650761,indian-food-a422eab8cdb4ec9dc7f4889ebebc34f1,Anuvaad INDB + Indian_Food_Nutrition_Processed,INDB:0127,Chicken lasagne,chicken lasagne,,,,INDIAN_RECIPE,,PER_100_G,plate,1,1 plate,,,187.49,10.45,13.9,10.36,0.11,2.74,,5.06,,50.38,238.55,176.85,119.98,0.64,18.11,4.23,61.02,,,,,126.09,2431.58,487.58,HIGH,0,"Nutrition values are per 100 g based on Anuvaad INDB documentation. The supplied CSVs do not contain serving weights/volumes, so none were invented."
1080376965428386093,indian-food-efe45203fdf992d71f521c54dfd1d63c,Anuvaad INDB + Indian_Food_Nutrition_Processed,INDB:0848,Chicken manchurian,chicken manchurian,,,,INDIAN_RECIPE,,PER_100_G,plate,1,1 plate,,,142.34,9.53,6.06,11.96,0.41,0.9,,1.22,,37.88,2414.77,179.84,26.52,1.28,16.57,10.37,45.99,,,,,67.01,1867.15,4472.8,HIGH,0,"Nutrition values are per 100 g based on Anuvaad INDB documentation. The supplied CSVs do not contain serving weights/volumes, so none were invented."
1106905076125703358,indian-food-f5c844d568c9cbedd89e16caa8d9afab,Anuvaad INDB + Indian_Food_Nutrition_Processed,INDB:0666,Chicken pakora/pakoda,chicken pakora/pakoda,,,,INDIAN_RECIPE,,PER_100_G,pakora,1,1 pakora,,,590.09,6.03,4.55,60.98,0.96,0.22,,7.27,,11.98,103.23,92.9,9.08,0.51,10.08,0.14,11.46,,,,,16.84,12334.67,37543.44,HIGH,0,"Nutrition values are per 100 g based on Anuvaad INDB documentation. The supplied CSVs do not contain serving weights/volumes, so none were invented."
783951993514421641,indian-food-ae1282f3e62ed892a3253f6b7b634b0c,Anuvaad INDB + Indian_Food_Nutrition_Processed,INDB:0499,Chicken pulao,chicken pulao,,,,INDIAN_RECIPE,,PER_100_G,plate,1,1 plate,,,108.24,6.07,11.17,8.48,1.64,0.99,,1.32,,11.55,3093.47,170.81,32.25,0.98,24.8,4.47,38.7,,,,,57.46,1873.06,1844.97,HIGH,0,"Nutrition values are per 100 g based on Anuvaad INDB documentation. The supplied CSVs do not contain serving weights/volumes, so none were invented."
106244676964215480,indian-food-17974f885ba6ab8b5c11e8e7b43b7143,Anuvaad INDB + Indian_Food_Nutrition_Processed,INDB:0867,Chicken salad,chicken salad,,,,INDIAN_RECIPE,,PER_100_G,bowl,1,1 bowl,,,338.19,15.33,1.3,30.26,2.0,0.96,,2.36,,47.62,50.62,284.46,43.19,1.23,58.53,4.92,35.5,,,,,90.43,16255.16,6574.88,HIGH,0,"Nutrition values are per 100 g based on Anuvaad INDB documentation. The supplied CSVs do not contain serving weights/volumes, so none were invented."
1021138564244567106,indian-food-e2bd01d2c3ff442d6829e49a50bde797,Anuvaad INDB + Indian_Food_Nutrition_Processed,INDB:0027,Chicken sandwich,chicken sandwich,,,,INDIAN_RECIPE,,PER_100_G,triangle,1,1 triangle,,,253.27,13.12,25.38,11.75,1.64,1.6,,4.8,,42.06,389.67,196.08,89.56,1.19,21.59,0.0,11.1,,,,,61.71,2264.61,412.47,HIGH,0,"Nutrition values are per 100 g based on Anuvaad INDB documentation. The supplied CSVs do not contain serving weights/volumes, so none were invented."
511050593070657733,indian-food-7179dce863ab0c508b41ad3c5d3a1641,Anuvaad INDB + Indian_Food_Nutrition_Processed,INDB:0042,Chicken sandwich (toasted),chicken sandwich (toasted),,,,INDIAN_RECIPE,,PER_100_G,toasted triangle,1,1 toasted triangle,,,167.37,12.08,18.82,5.32,1.64,2.13,,1.14,,26.57,327.55,203.56,99.99,0.99,20.67,12.97,20.71,,,,,316.15,725.92,213.09,HIGH,0,"Nutrition values are per 100 g based on Anuvaad INDB documentation. The supplied CSVs do not contain serving weights/volumes, so none were invented."
855164603119308831,indian-food-bde27acf96a101fb37d8751619f5d89e,Anuvaad INDB + Indian_Food_Nutrition_Processed,INDB:0479,Chicken stew,chicken stew,,,,INDIAN_RECIPE,,PER_100_G,bowl,1,1 bowl,,,127.55,7.19,4.44,8.91,1.82,1.43,,1.99,,32.34,79.62,270.59,31.53,0.9,24.38,20.89,36.31,,,,,1520.17,3026.33,3328.22,HIGH,0,"Nutrition values are per 100 g based on Anuvaad INDB documentation. The supplied CSVs do not contain serving weights/volumes, so none were invented."
216473962125973263,indian-food-30111ebefa3d70fc8c93ef727d0ef450,Anuvaad INDB + Indian_Food_Nutrition_Processed,INDB:0068,Chicken stock,chicken stock,,,,INDIAN_RECIPE,,PER_100_G,cup,1,1 cup,,,29.88,3.69,0.37,1.51,0.1,0.2,,0.14,,10.23,58.58,56.12,3.57,0.18,4.25,0.84,10.19,,,,,6.41,167.22,66.51,HIGH,0,"Nutrition values are per 100 g based on Anuvaad INDB documentation. The supplied CSVs do not contain serving weights/volumes, so none were invented."
1152596251905068977,indian-food-ffed82f343f8fb13425b1f466e89e509,Anuvaad INDB + Indian_Food_Nutrition_Processed,INDB:0546,Chicken sweet and sour,chicken sweet and sour,,,,INDIAN_RECIPE,,PER_100_G,bowl,1,1 bowl,,,445.09,6.92,2.67,47.59,0.58,0.89,,5.58,,32.47,1809.94,153.46,21.98,0.93,13.05,37.78,50.11,,,,,195.14,9338.18,27686.4,HIGH,0,"Nutrition values are per 100 g based on Anuvaad INDB documentation. The supplied CSVs do not contain serving weights/volumes, so none were invented."
817966227812119010,indian-food-b59fff34f01f1e23140a0e9607b04336,Anuvaad INDB + Indian_Food_Nutrition_Processed,INDB:0077,Chicken sweet corn soup,chicken sweet corn soup,,,,INDIAN_RECIPE,,PER_100_G,soup bowl,1,1 soup bowl,,,28.32,14.48,1.63,12.59,0.47,0.27,,0.11,,6.37,12205.33,362.15,91.5,3.83,41.64,2.02,13.45,,,,,4.12,155.2,113.22,HIGH,0,"Nutrition values are per 100 g based on Anuvaad INDB documentation. The supplied CSVs do not contain serving weights/volumes, so none were invented."
530801694457900359,indian-food-75dc9542c56ad47dd6fa5164634c0962,Anuvaad INDB + Indian_Food_Nutrition_Processed,INDB:0695,Chicken walnut sandwich (Chicken aur akhrot ke sandwich),chicken walnut sandwich (chicken aur akhrot ke sandwich),,,,INDIAN_RECIPE,,PER_100_G,sandwich,1,1 sandwich,,,285.78,12.58,22.62,16.77,1.53,1.77,,1.25,,31.68,287.39,185.95,78.45,1.12,21.74,0.0,12.99,,,,,10.62,7422.68,3975.8,HIGH,0,"Nutrition values are per 100 g based on Anuvaad INDB documentation. The supplied CSVs do not contain serving weights/volumes, so none were invented."
935875805570293523,indian-food-cfce61630e65f1308836732cf93c76ae,Anuvaad INDB + Indian_Food_Nutrition_Processed,INDB:0216,Chicken yakhni,chicken yakhni,,,,INDIAN_RECIPE,,PER_100_G,bowl,1,1 bowl,,,99.0,10.66,0.78,6.1,0.62,0.12,,0.61,,29.29,97.38,175.38,28.24,0.93,17.47,0.09,13.24,,,,,14.1,906.32,1222.13,HIGH,0,"Nutrition values are per 100 g based on Anuvaad INDB documentation. The supplied CSVs do not contain serving weights/volumes, so none were invented."
339182042499705128,indian-food-4b504454562e928d89fcf14d4ab7261c,Anuvaad INDB + Indian_Food_Nutrition_Processed,INDB:0764,Chickpea flour cookies (Sweet besan rounds/cookies),chickpea flour cookies (sweet besan rounds/cookies),,,,INDIAN_RECIPE,,PER_100_G,piece,1,1 piece,,,207.01,4.29,39.64,3.42,2.56,30.66,,1.6,,6.15,22.29,283.6,54.95,2.16,53.73,0.39,10.0,,,,,2402.1,806.84,612.09,HIGH,0,"Nutrition values are per 100 g based on Anuvaad INDB documentation. The supplied CSVs do not contain serving weights/volumes, so none were invented."
1052378263291404423,indian-food-e9acc7468d3a08754db2b5b4ac840db3,Anuvaad INDB + Indian_Food_Nutrition_Processed,INDB:0148,Chickpeas curry (Safed channa curry),chickpeas curry (safed channa curry),,,,INDIAN_RECIPE,,PER_100_G,bowl,1,1 bowl,,,163.43,6.1,19.98,6.84,4.73,4.78,,0.81,,0.0,357.99,334.3,30.61,1.82,35.09,16.33,184.58,,,,,2774.37,1409.18,3979.53,HIGH,0,"Nutrition values are per 100 g based on Anuvaad INDB documentation. The supplied CSVs do not contain serving weights/volumes, so none were invented."
107613852490766443,indian-food-17e523a8a9f986b05391b23b1603f88e,Anuvaad INDB + Indian_Food_Nutrition_Processed,INDB:0226,Chilli chicken,chilli chicken,,,,INDIAN_RECIPE,,PER_100_G,bowl,1,1 bowl,,,198.83,9.57,2.86,16.56,0.99,0.93,,1.9,,23.87,223.75,207.3,12.97,0.66,16.48,55.19,51.55,,,,,312.17,3048.34,8403.86,HIGH,0,"Nutrition values are per 100 g based on Anuvaad INDB documentation. The supplied CSVs do not contain serving weights/volumes, so none were invented."
742082771256500208,indian-food-a4c685946ae5ff0d96e3bfabea2aa87a,Anuvaad INDB + Indian_Food_Nutrition_Processed,INDB:0207,Chilli paneer,chilli paneer,,,,INDIAN_RECIPE,,PER_100_G,bowl,1,1 bowl,,,777.51,2.1,3.31,84.01,0.5,1.5,,10.75,,0.34,89.04,54.25,42.9,0.36,8.81,4.87,28.7,,,,,1217.75,17529.38,52208.83,HIGH,0,"Nutrition values are per 100 g based on Anuvaad INDB documentation. The supplied CSVs do not contain serving weights/volumes, so none were invented."
955109946466928891,indian-food-d413b6f989a88fbade0479c5bfdcc61c,Anuvaad INDB + Indian_Food_Nutrition_Processed,INDB:0080,Chinese cabbage and meat ball soup,chinese cabbage and meat ball soup,,,,INDIAN_RECIPE,,PER_100_G,soup bowl,1,1 soup bowl,,,484.31,5.21,1.43,56.57,0.57,0.37,,6.46,,5.83,4249.41,147.1,41.07,1.52,15.07,16.72,20.33,,,,,640.37,10712.21,32686.77,HIGH,0,"Nutrition values are per 100 g based on Anuvaad INDB documentation. The supplied CSVs do not contain serving weights/volumes, so none were invented."
709492899078887569,indian-food-9d8a0085c425891af4ebc1bf0c86853b,Anuvaad INDB + Indian_Food_Nutrition_Processed,INDB:0119,Chinese fried rice,chinese fried rice,,,,INDIAN_RECIPE,,PER_100_G,plate,1,1 plate,,,120.58,4.05,13.4,5.43,2.31,1.47,,0.95,,52.09,248.36,210.87,34.7,0.99,18.99,67.39,136.83,,,,,1886.76,1319.85,2741.71,HIGH,0,"Nutrition values are per 100 g based on Anuvaad INDB documentation. The supplied CSVs do not contain serving weights/volumes, so none were invented."
918002981476402453,indian-food-cbd66d90da68515071a57f7540c26367,Anuvaad INDB + Indian_Food_Nutrition_Processed,INDB:0623,Chocochip ice cream,chocochip ice cream,,,,INDIAN_RECIPE,,PER_100_G,ice cream cup,1,1 ice cream cup,,,241.45,4.23,16.75,17.93,0.0,16.08,,10.77,,79.34,34.84,114.27,73.22,0.51,14.52,2.13,24.1,,,,,170.91,5348.34,640.25,HIGH,0,"Nutrition values are per 100 g based on Anuvaad INDB documentation. The supplied CSVs do not contain serving weights/volumes, so none were invented."
105959175701805966,indian-food-178714f14663b8e742c62c2456bcf23e,Anuvaad INDB + Indian_Food_Nutrition_Processed,INDB:0401,Chocolate biscuit,chocolate biscuit,,,,INDIAN_RECIPE,,PER_100_G,biscuit,1,1 biscuit,,,379.76,5.88,51.56,17.09,1.01,24.16,,10.4,,72.66,127.02,114.98,41.51,1.14,23.27,0.03,1.81,,,,,245.78,4440.4,777.03,HIGH,0,"Nutrition values are per 100 g based on Anuvaad INDB documentation. The supplied CSVs do not contain serving weights/volumes, so none were invented."
933411099764518592,indian-food-cf4247326deeec0dd55063da318a98b8,Anuvaad INDB + Indian_Food_Nutrition_Processed,INDB:0314,Chocolate burfi,chocolate burfi,,,,INDIAN_RECIPE,,PER_100_G,burfi,1,1 burfi,,,339.33,13.0,33.15,17.86,0.0,32.38,,11.14,,3.78,39.32,449.04,466.48,2.12,57.02,0.0,23.85,,,,,175.74,4918.46,691.69,HIGH,0,"Nutrition values are per 100 g based on Anuvaad INDB documentation. The supplied CSVs do not contain serving weights/volumes, so none were invented."
992947030249389825,indian-food-dc7a8102acb3f01d762d6aba48531a9d,Anuvaad INDB + Indian_Food_Nutrition_Processed,INDB:0719,Chocolate butter icing,chocolate butter icing,,,,INDIAN_RECIPE,,PER_100_G,tablespoon,1,1 tablespoon,,,469.59,3.21,61.72,24.77,0.0,59.82,,15.54,,54.9,4.99,258.74,31.87,1.85,87.55,0.0,1.22,,,,,163.3,6576.91,828.39,HIGH,0,"Nutrition values are per 100 g based on Anuvaad INDB documentation. The supplied CSVs do not contain serving weights/volumes, so none were invented."
94762913570165015,indian-food-150aa5e293b1117a3405f8116fc72481,Anuvaad INDB + Indian_Food_Nutrition_Processed,INDB:0385,Chocolate cake,chocolate cake,,,,INDIAN_RECIPE,,PER_100_G,piece,1,1 piece,,,335.61,6.01,45.14,15.18,0.64,27.58,,8.9,,109.36,241.93,104.7,41.13,1.08,17.74,0.15,9.21,,,,,208.07,4104.91,770.51,HIGH,0,"Nutrition values are per 100 g based on Anuvaad INDB documentation. The supplied CSVs do not contain serving weights/volumes, so none were invented."
867415671339363073,indian-food-c09adf512ca2b011c06b64cbbf55b965,Anuvaad INDB + Indian_Food_Nutrition_Processed,INDB:0389,Chocolate chiffon cake,chocolate chiffon cake,,,,INDIAN_RECIPE,,PER_100_G,slice,1,1 slice,,,311.71,5.76,37.87,15.8,0.7,24.25,,3.33,,93.35,188.59,138.72,42.15,1.07,28.93,0.21,12.0,,,,,87.25,3690.53,7753.56,HIGH,0,"Nutrition values are per 100 g based on Anuvaad INDB documentation. The supplied CSVs do not contain serving weights/volumes, so none were invented."
51168898580496407,indian-food-0b5c9d797704017775620bbbeb95a7d8,Anuvaad INDB + Indian_Food_Nutrition_Processed,INDB:0399,Chocolate chip cookies,chocolate chip cookies,,,,INDIAN_RECIPE,,PER_100_G,cookie,1,1 cookie,,,425.29,5.79,57.98,19.38,1.05,30.29,,11.78,,75.98,278.29,114.09,24.76,1.22,23.0,0.0,2.62,,,,,232.9,5156.57,870.87,HIGH,0,"Nutrition values are per 100 g based on Anuvaad INDB documentation. The supplied CSVs do not contain serving weights/volumes, so none were invented."
25739234945005863,indian-food-05b71b2a3aff927f2c6c687379d46a87,Anuvaad INDB + Indian_Food_Nutrition_Processed,INDB:0729,Chocolate cream shells,chocolate cream shells,,,,INDIAN_RECIPE,,PER_100_G,shell,1,1 shell,,,427.17,5.1,59.26,19.34,0.9,34.72,,11.85,,80.56,126.84,97.19,28.53,1.08,20.27,0.0,2.42,,,,,233.62,5007.78,845.04,HIGH,0,"Nutrition values are per 100 g based on Anuvaad INDB documentation. The supplied CSVs do not contain serving weights/volumes, so none were invented."
1036177922281073005,indian-food-e613e5495aa696d6aab77289a29e0b78,Anuvaad INDB + Indian_Food_Nutrition_Processed,INDB:0374,Chocolate eclairs,chocolate eclairs,,,,INDIAN_RECIPE,,PER_100_G,éclair,1,1 éclair,,,239.42,4.24,26.22,13.5,0.33,17.34,,8.09,,85.94,85.88,84.46,34.21,0.68,13.73,0.4,18.34,,,,,146.14,3656.65,617.49,HIGH,0,"Nutrition values are per 100 g based on Anuvaad INDB documentation. The supplied CSVs do not contain serving weights/volumes, so none were invented."
602085942054417035,indian-food-85b09f96c68f28b266e59ed19fbce6fc,Anuvaad INDB + Indian_Food_Nutrition_Processed,INDB:0715,Chocolate eggless cake,chocolate eggless cake,,,,INDIAN_RECIPE,,PER_100_G,piece,1,1 piece,,,312.01,6.66,43.45,13.19,0.32,34.2,,8.21,,35.49,196.61,317.29,185.38,0.95,51.12,2.67,14.7,,,,,127.63,3590.5,461.79,HIGH,0,"Nutrition values are per 100 g based on Anuvaad INDB documentation. The supplied CSVs do not contain serving weights/volumes, so none were invented."
553608964630735060,indian-food-7aed06b914968d43eaf56fe11a999065,Anuvaad INDB + Indian_Food_Nutrition_Processed,INDB:0717,Chocolate glace icing,chocolate glace icing,,,,INDIAN_RECIPE,,PER_100_G,tablespoon,1,1 tablespoon,,,436.29,3.22,62.43,20.8,0.0,59.88,,13.02,,44.49,8.66,264.16,26.75,2.04,87.44,0.0,1.52,,,,,133.68,5570.86,691.43,HIGH,0,"Nutrition values are per 100 g based on Anuvaad INDB documentation. The supplied CSVs do not contain serving weights/volumes, so none were invented."
579527662215994331,indian-food-80ae5569be59bdb95413354c00496ad2,Anuvaad INDB + Indian_Food_Nutrition_Processed,INDB:0281,Chocolate ice cream,chocolate ice cream,,,,INDIAN_RECIPE,,PER_100_G,ice-cream cup,1,1 ice-cream cup,,,177.7,4.47,15.41,11.25,0.0,15.33,,6.65,,68.26,36.79,118.05,84.24,0.47,13.63,4.06,43.75,,,,,151.62,3241.97,486.99,HIGH,0,"Nutrition values are per 100 g based on Anuvaad INDB documentation. The supplied CSVs do not contain serving weights/volumes, so none were invented."
478976491994023542,indian-food-6a5aa94ed1106761b998b614fbb484e4,Anuvaad INDB + Indian_Food_Nutrition_Processed,INDB:0372,Chocolate meringue pie,chocolate meringue pie,,,,INDIAN_RECIPE,,PER_100_G,slice,1,1 slice,,,214.76,4.98,28.8,9.17,0.37,15.03,,5.29,,64.11,80.77,130.01,55.98,0.92,26.05,1.26,23.21,,,,,165.35,2547.88,472.6,HIGH,0,"Nutrition values are per 100 g based on Anuvaad INDB documentation. The supplied CSVs do not contain serving weights/volumes, so none were invented."
638494493493829999,indian-food-8dc635be3be216fef7ff7a3cc79a1871,Anuvaad INDB + Indian_Food_Nutrition_Processed,INDB:0708,Chocolate pastry,chocolate pastry,,,,INDIAN_RECIPE,,PER_100_G,pastry,1,1 pastry,,,243.37,7.05,32.24,10.12,0.32,22.34,,5.49,,121.03,46.54,175.33,50.7,1.44,38.78,0.25,17.22,,,,,120.84,3091.14,610.7,HIGH,0,"Nutrition values are per 100 g based on Anuvaad INDB documentation. The supplied CSVs do not contain serving weights/volumes, so none were invented."
406276175963404928,indian-food-5a362078d00ba803ab37bed523d67b37,Anuvaad INDB + Indian_Food_Nutrition_Processed,INDB:0301,Chocolate pudding,chocolate pudding,,,,INDIAN_RECIPE,,PER_100_G,large slice,1,1 large slice,,,211.96,3.55,29.59,9.48,0.53,20.68,,5.51,,46.25,171.36,79.22,64.56,0.6,12.04,0.75,18.08,,,,,109.02,2432.92,372.4,HIGH,0,"Nutrition values are per 100 g based on Anuvaad INDB documentation. The supplied CSVs do not contain serving weights/volumes, so none were invented."
1102591576781329030,indian-food-f4d313282639286e5cfa6b74c7f4cc71,Anuvaad INDB + Indian_Food_Nutrition_Processed,INDB:0626,Chocolate sauce,chocolate sauce,,,,INDIAN_RECIPE,,PER_100_G,tablespoon,1,1 tablespoon,,,263.2,1.91,43.21,10.39,0.0,42.06,,6.49,,21.3,2.8,154.7,18.8,1.13,53.0,0.0,0.63,,,,,64.8,2811.0,343.0,HIGH,0,"Nutrition values are per 100 g based on Anuvaad INDB documentation. The supplied CSVs do not contain serving weights/volumes, so none were invented."
584363921760626775,indian-food-81c13e40818a857e9ec603a3beed7d02,Anuvaad INDB + Indian_Food_Nutrition_Processed,INDB:0288,Chocolate souffle,chocolate souffle,,,,INDIAN_RECIPE,,PER_100_G,souffle cup,1,1 souffle cup,,,189.32,7.88,14.74,11.36,0.0,12.69,,6.55,,108.18,56.07,109.25,71.55,0.71,14.67,1.3,31.85,,,,,121.84,3276.66,565.78,HIGH,0,"Nutrition values are per 100 g based on Anuvaad INDB documentation. The supplied CSVs do not contain serving weights/volumes, so none were invented."
742959716736707761,indian-food-a4f85ed0e842cb1c59d3caab84f1af96,Anuvaad INDB + Indian_Food_Nutrition_Processed,INDB:0704,Chocolate sponge cake,chocolate sponge cake,,,,INDIAN_RECIPE,,PER_100_G,piece,1,1 piece,,,239.86,9.13,39.54,5.51,0.52,25.0,,2.03,,173.46,61.47,167.86,33.99,1.81,36.21,0.0,19.87,,,,,117.06,2000.64,639.45,HIGH,0,"Nutrition values are per 100 g based on Anuvaad INDB documentation. The supplied CSVs do not contain serving weights/volumes, so none were invented."
265017901869420167,indian-food-3ad8860ac0bce87b7d1962e2432e578c,Anuvaad INDB + Indian_Food_Nutrition_Processed,INDB:0705,Chocolate swiss roll,chocolate swiss roll,,,,INDIAN_RECIPE,,PER_100_G,swiss roll,1,1 swiss roll,,,306.08,6.01,26.97,19.76,0.29,18.83,,11.56,,138.28,44.53,135.64,42.79,1.08,24.88,0.19,8.91,,,,,163.32,5977.93,829.61,HIGH,0,"Nutrition values are per 100 g based on Anuvaad INDB documentation. The supplied CSVs do not contain serving weights/volumes, so none were invented."
866032991548681266,indian-food-c04c46ad9072c323119d1060e48f09c9,Anuvaad INDB + Indian_Food_Nutrition_Processed,INDB:0398,Chocolate walnut cookies (Chocolate aur akhrot ke cookies),chocolate walnut cookies (chocolate aur akhrot ke cookies),,,,INDIAN_RECIPE,,PER_100_G,cookie,1,1 cookie,,,424.8,6.56,47.1,23.62,1.54,22.58,,10.6,,69.03,280.44,158.23,36.1,1.37,43.31,0.16,4.22,,,,,433.42,5754.61,5304.84,HIGH,0,"Nutrition values are per 100 g based on Anuvaad INDB documentation. The supplied CSVs do not contain serving weights/volumes, so none were invented."
1001534379367583668,indian-food-de62a36308bcfb441b062afbc5302104,Anuvaad INDB + Indian_Food_Nutrition_Processed,INDB:0624,Choconut ice cream,choconut ice cream,,,,INDIAN_RECIPE,,PER_100_G,sundae glass,1,1 sundae glass,,,273.96,5.04,23.13,18.49,0.51,21.02,,9.21,,65.65,29.83,145.81,67.38,0.89,37.5,2.17,29.32,,,,,142.77,6886.58,1271.42,HIGH,0,"Nutrition values are per 100 g based on Anuvaad INDB documentation. The supplied CSVs do not contain serving weights/volumes, so none were invented."
1077409906255271830,indian-food-ef3ba99f3d517965a0800c24eb1b678a,Anuvaad INDB + Indian_Food_Nutrition_Processed,INDB:0949,Choux pastry,choux pastry,,,,INDIAN_RECIPE,,PER_100_G,,,,,,222.37,5.55,16.2,14.96,0.56,1.5,,8.68,,125.01,132.28,69.35,19.43,0.83,9.75,,,,,,,181.22,4067.72,790.99,HIGH,0,"Nutrition values are per 100 g based on Anuvaad INDB documentation. The supplied CSVs do not contain serving weights/volumes, so none were invented."
509395877422599225,indian-food-711bcda03d28c3973dfccc8b6d53a56c,Anuvaad INDB + Indian_Food_Nutrition_Processed,INDB:0743,Choux swans,choux swans,,,,INDIAN_RECIPE,,PER_100_G,swan,1,1 swan,,,216.34,4.35,14.92,15.6,0.35,6.13,,9.45,,92.21,145.08,81.04,44.67,0.51,8.68,4.27,18.67,,,,,169.65,4201.23,684.34,HIGH,0,"Nutrition values are per 100 g based on Anuvaad INDB documentation. The supplied CSVs do not contain serving weights/volumes, so none were invented."
998490654866770171,indian-food-ddb59f5dae188fbb1cfa61b922aec10e,Anuvaad INDB + Indian_Food_Nutrition_Processed,INDB:0726,Christmas bell biscuit,christmas bell biscuit,,,,INDIAN_RECIPE,,PER_100_G,biscuit,1,1 biscuit,,,404.85,5.66,60.79,15.84,2.33,25.94,,9.66,,64.34,127.01,99.76,32.0,1.22,16.59,0.0,2.42,,,,,246.77,4043.82,751.91,HIGH,0,"Nutrition values are per 100 g based on Anuvaad INDB documentation. The supplied CSVs do not contain serving weights/volumes, so none were invented."
1023988096719701157,indian-food-e35efbfa734c4a582fc6a8ac6994d8c0,Anuvaad INDB + Indian_Food_Nutrition_Processed,INDB:0724,Christmas biscuit,christmas biscuit,,,,INDIAN_RECIPE,,PER_100_G,biscuit,1,1 biscuit,,,406.07,5.67,60.97,15.88,2.17,26.01,,9.68,,64.54,127.36,98.76,29.07,1.2,16.46,0.0,2.42,,,,,246.98,4055.26,753.97,HIGH,0,"Nutrition values are per 100 g based on Anuvaad INDB documentation. The supplied CSVs do not contain serving weights/volumes, so none were invented."
245163542346581450,indian-food-366fef15d71c5ca56201a999c93f490b,Anuvaad INDB + Indian_Food_Nutrition_Processed,INDB:0390,Christmas cake,christmas cake,,,,INDIAN_RECIPE,,PER_100_G,slice,1,1 slice,,,372.95,5.49,48.29,16.88,1.49,27.45,,8.84,,97.81,64.84,176.27,40.98,1.32,30.8,8.51,17.06,,,,,161.05,5451.3,1143.44,HIGH,0,"Nutrition values are per 100 g based on Anuvaad INDB documentation. The supplied CSVs do not contain serving weights/volumes, so none were invented."
1110178709834484507,indian-food-f6825a794e2cb1bffd7ac6d49074f3aa,Anuvaad INDB + Indian_Food_Nutrition_Processed,INDB:0727,Christmas star biscuit,christmas star biscuit,,,,INDIAN_RECIPE,,PER_100_G,biscuit,1,1 biscuit,,,392.03,3.54,74.54,10.04,1.47,53.05,,5.49,,35.98,76.09,74.73,22.75,0.96,15.78,0.01,2.69,,,,,138.07,3034.97,687.18,HIGH,0,"Nutrition values are per 100 g based on Anuvaad INDB documentation. The supplied CSVs do not contain serving weights/volumes, so none were invented."
855766109209878869,indian-food-be04abe0645e155eb59e42e4aa55f763,Anuvaad INDB + Indian_Food_Nutrition_Processed,INDB:0728,Christmas tree biscuit,christmas tree biscuit,,,,INDIAN_RECIPE,,PER_100_G,biscuit,1,1 biscuit,,,385.63,5.43,58.41,15.0,2.65,24.77,,9.14,,60.87,120.45,102.25,35.04,1.18,16.38,1.61,2.58,,,,,239.81,3825.08,716.12,HIGH,0,"Nutrition values are per 100 g based on Anuvaad INDB documentation. The supplied CSVs do not contain serving weights/volumes, so none were invented."
699455463346167409,indian-food-9b4f709bcf45e719e251df38e71a7b3d,Anuvaad INDB + Indian_Food_Nutrition_Processed,INDB:0725,Christmas wreath biscuit,christmas wreath biscuit,,,,INDIAN_RECIPE,,PER_100_G,biscuit,1,1 biscuit,,,386.05,5.43,58.07,15.01,2.28,24.89,,9.14,,60.87,120.2,109.25,29.71,1.21,16.47,2.28,2.53,,,,,258.7,3841.65,713.28,HIGH,0,"Nutrition values are per 100 g based on Anuvaad INDB documentation. The supplied CSVs do not contain serving weights/volumes, so none were invented."
354254992164163735,indian-food-4ea9109d7da9097bef63fb473a3e7d0d,Anuvaad INDB + Indian_Food_Nutrition_Processed,INDB:0649,Chum chum,chum chum,,,,INDIAN_RECIPE,,PER_100_G,piece,1,1 piece,,,130.05,1.52,28.27,1.92,0.02,27.84,,1.16,,0.1,16.65,64.67,62.58,0.13,5.13,2.69,10.2,,,,,86.52,518.66,60.96,HIGH,0,"Nutrition values are per 100 g based on Anuvaad INDB documentation. The supplied CSVs do not contain serving weights/volumes, so none were invented."
489393662054291262,indian-food-6caacf15612d73eebf8a0a436a14769d,Anuvaad INDB + Indian_Food_Nutrition_Processed,INDB:0044,Classic club sandwich,classic club sandwich,,,,INDIAN_RECIPE,,PER_100_G,triangle,1,1 triangle,,,200.83,6.74,18.49,11.56,1.62,1.86,,4.63,,62.87,277.49,167.57,107.73,1.09,20.02,16.19,56.9,,,,,1056.8,4002.4,1496.11,HIGH,0,"Nutrition values are per 100 g based on Anuvaad INDB documentation. The supplied CSVs do not contain serving weights/volumes, so none were invented."
354401233003614231,indian-food-4eb160b3124101764d03fe935c691384,Anuvaad INDB + Indian_Food_Nutrition_Processed,INDB:0941,Classic italian pasta,classic italian pasta,,,,INDIAN_RECIPE,,PER_100_G,,,,,,42.12,0.57,4.4,2.45,1.36,2.94,,0.65,,1.7,49.04,105.02,19.55,0.41,9.21,,,,,,,2709.15,513.45,1115.75,HIGH,0,"Nutrition values are per 100 g based on Anuvaad INDB documentation. The supplied CSVs do not contain serving weights/volumes, so none were invented."
910059023843813950,indian-food-ca12ddc48d96a3e23435e5457c746593,Anuvaad INDB + Indian_Food_Nutrition_Processed,INDB:0930,Classic seasoned black beans,classic seasoned black beans,,,,INDIAN_RECIPE,,PER_100_G,bowl,1,1 bowl,,,28.78,8.01,7.66,8.28,3.51,0.44,,0.01,,0.0,7989.07,201.49,40.11,1.9,23.45,8.54,4.61,,,,,41.75,35.78,26.62,HIGH,0,"Nutrition values are per 100 g based on Anuvaad INDB documentation. The supplied CSVs do not contain serving weights/volumes, so none were invented."
378705243626424355,indian-food-5416e69a0ee4823211501c0cea918e3e,Anuvaad INDB + Indian_Food_Nutrition_Processed,INDB:0069,Clear tomato soup (Tamatar ka soup),clear tomato soup (tamatar ka soup),,,,INDIAN_RECIPE,,PER_100_G,soup bowl,1,1 soup bowl,,,80.07,4.79,3.45,12.22,1.96,1.44,,0.85,,0.0,5135.74,232.95,29.05,1.14,22.39,53.16,43.91,,,,,3417.47,1414.0,4382.48,HIGH,0,"Nutrition values are per 100 g based on Anuvaad INDB documentation. The supplied CSVs do not contain serving weights/volumes, so none were invented."
47434903933969859,indian-food-0a885cb36f065c3c75692c3aebac9493,Anuvaad INDB + Indian_Food_Nutrition_Processed,INDB:0030,Club sandwich,club sandwich,,,,INDIAN_RECIPE,,PER_100_G,triangle,1,1 triangle,,,235.32,7.31,18.51,15.12,1.81,2.01,,6.11,,31.26,461.66,169.0,115.68,0.86,18.6,6.0,17.42,,,,,918.33,5725.71,1625.38,HIGH,0,"Nutrition values are per 100 g based on Anuvaad INDB documentation. The supplied CSVs do not contain serving weights/volumes, so none were invented."
340751752165888248,indian-food-4ba97e9c87090f82a66409642972932e,Anuvaad INDB + Indian_Food_Nutrition_Processed,INDB:0011,Coco pine cooler,coco pine cooler,,,,INDIAN_RECIPE,,PER_100_G,tall glass,1,1 tall glass,,,32.75,0.56,5.72,1.0,0.26,5.52,,0.63,,3.4,23.2,66.65,17.81,0.13,6.59,10.67,12.64,,,,,96.55,248.96,41.5,HIGH,0,"Nutrition values are per 100 g based on Anuvaad INDB documentation. The supplied CSVs do not contain serving weights/volumes, so none were invented."
416140873067394447,indian-food-5c66deb53b3f58f065f0ea9eadfe86c9,Anuvaad INDB + Indian_Food_Nutrition_Processed,INDB:0402,Coconut biscuit (Nariyal ke biscuit),coconut biscuit (nariyal ke biscuit),,,,INDIAN_RECIPE,,PER_100_G,biscuit,1,1 biscuit,,,434.98,5.78,42.9,27.16,3.64,20.76,,17.42,,64.98,105.76,202.79,37.81,1.32,28.42,0.03,2.51,,,,,247.16,4757.66,867.5,HIGH,0,"Nutrition values are per 100 g based on Anuvaad INDB documentation. The supplied CSVs do not contain serving weights/volumes, so none were invented."
193248771619623579,indian-food-2ae8ebbe1ab129bb0a617e03a27320e8,Anuvaad INDB + Indian_Food_Nutrition_Processed,INDB:0312,Coconut burfi (Nariyal ki burfi),coconut burfi (nariyal ki burfi),,,,INDIAN_RECIPE,,PER_100_G,burfi,1,1 burfi,,,467.64,8.81,32.15,34.63,3.5,31.5,,22.15,,29.26,27.63,401.32,272.81,1.82,47.2,0.0,26.6,,,,,344.06,6369.16,1095.02,HIGH,0,"Nutrition values are per 100 g based on Anuvaad INDB documentation. The supplied CSVs do not contain serving weights/volumes, so none were invented."
819391612480333554,indian-food-b5f105489d326f205042f9f20cbb24e1,Anuvaad INDB + Indian_Food_Nutrition_Processed,INDB:0360,Coconut chutney (Nariyal ki chutney),coconut chutney (nariyal ki chutney),,,,INDIAN_RECIPE,,PER_100_G,tablespoon,1,1 tablespoon,,,265.92,3.59,8.29,25.0,6.73,3.79,,14.37,,0.0,428.28,230.88,15.7,1.25,25.07,4.13,4.74,,,,,161.6,2082.33,2918.46,HIGH,0,"Nutrition values are per 100 g based on Anuvaad INDB documentation. The supplied CSVs do not contain serving weights/volumes, so none were invented."
746250375654620178,indian-food-a5b36c34a653c125ad017e0b2c2297ce,Anuvaad INDB + Indian_Food_Nutrition_Processed,INDB:0396,Coconut finger,coconut finger,,,,INDIAN_RECIPE,,PER_100_G,finger,1,1 finger,,,274.86,7.09,42.56,8.86,1.87,28.55,,4.82,,127.97,46.86,141.16,24.04,1.31,18.1,0.0,15.88,,,,,109.79,1550.32,543.98,HIGH,0,"Nutrition values are per 100 g based on Anuvaad INDB documentation. The supplied CSVs do not contain serving weights/volumes, so none were invented."
505417818884925638,indian-food-7039ad415c9e8c61b1efd2688072a28c,Anuvaad INDB + Indian_Food_Nutrition_Processed,INDB:0796,Coconut kheer (Nariyal ki kheer),coconut kheer (nariyal ki kheer),,,,INDIAN_RECIPE,,PER_100_G,bowl,1,1 bowl,,,162.61,3.4,14.42,10.55,1.53,13.73,,5.16,,3.22,45.97,188.16,89.52,0.53,23.26,12.21,49.34,,,,,151.07,2272.01,551.85,HIGH,0,"Nutrition values are per 100 g based on Anuvaad INDB documentation. The supplied CSVs do not contain serving weights/volumes, so none were invented."
166872651019029059,indian-food-250d9cabeb78a43e18558b93daf97946,Anuvaad INDB + Indian_Food_Nutrition_Processed,INDB:0842,Coconut pickle (Nariyal ka aachar),coconut pickle (nariyal ka aachar),,,,INDIAN_RECIPE,,PER_100_G,jar,1,1 jar,,,517.26,3.02,11.53,51.71,6.35,8.98,,41.54,,0.0,176.54,342.27,44.78,2.62,32.21,1.71,5.56,,,,,1245.3,3469.48,1322.34,HIGH,0,"Nutrition values are per 100 g based on Anuvaad INDB documentation. The supplied CSVs do not contain serving weights/volumes, so none were invented."
660554273546015478,indian-food-92ac29cad9392f65a6225ee2bb5706ca,Anuvaad INDB + Indian_Food_Nutrition_Processed,INDB:0412,Coffee biscuit,coffee biscuit,,,,INDIAN_RECIPE,,PER_100_G,biscuit,1,1 biscuit,,,416.57,6.9,46.55,23.0,1.59,21.69,,9.62,,63.97,112.53,160.49,48.92,1.27,37.48,0.03,3.0,,,,,231.52,5255.73,6479.29,HIGH,0,"Nutrition values are per 100 g based on Anuvaad INDB documentation. The supplied CSVs do not contain serving weights/volumes, so none were invented."
900265233110988441,indian-food-c7e6275af36f699ba4a3cee5c162eab2,Anuvaad INDB + Indian_Food_Nutrition_Processed,INDB:0723,Coffee drops,coffee drops,,,,INDIAN_RECIPE,,PER_100_G,small,1,1 small,,,443.07,7.57,43.06,27.16,1.88,18.27,,10.04,,94.23,88.17,196.91,57.09,1.48,48.6,0.03,2.72,,,,,239.69,6128.67,9079.1,HIGH,0,"Nutrition values are per 100 g based on Anuvaad INDB documentation. The supplied CSVs do not contain serving weights/volumes, so none were invented."
576840442917463998,indian-food-80159539c2ca7be5f6d8d511511f7e83,Anuvaad INDB + Indian_Food_Nutrition_Processed,INDB:0627,Coffee ice cream,coffee ice cream,,,,INDIAN_RECIPE,,PER_100_G,ice cream cup,1,1 ice cream cup,,,150.62,3.15,14.09,9.43,0.0,13.35,,5.19,,22.23,42.09,132.18,95.72,0.15,9.79,2.16,7.18,,,,,113.41,2307.67,368.2,HIGH,0,"Nutrition values are per 100 g based on Anuvaad INDB documentation. The supplied CSVs do not contain serving weights/volumes, so none were invented."
756251157175232536,indian-food-a7ebe6bb0686818c9fcf53a6a17706a9,Anuvaad INDB + Indian_Food_Nutrition_Processed,INDB:0628,Coffee pear alaska,coffee pear alaska,,,,INDIAN_RECIPE,,PER_100_G,dish,1,1 dish,,,203.99,2.88,19.36,13.22,0.15,16.88,,8.02,,28.43,51.11,107.86,60.61,0.22,8.57,3.48,13.85,,,,,133.63,3934.44,448.38,HIGH,0,"Nutrition values are per 100 g based on Anuvaad INDB documentation. The supplied CSVs do not contain serving weights/volumes, so none were invented."
241116309541923583,indian-food-3589e018bccaaff62df43b586ff025a7,Anuvaad INDB + Indian_Food_Nutrition_Processed,INDB:0641,Cold chocolate souffle,cold chocolate souffle,,,,INDIAN_RECIPE,,PER_100_G,souffle dish,1,1 souffle dish,,,187.53,6.37,17.22,10.86,0.0,15.31,,6.28,,98.07,47.77,104.98,62.91,0.68,14.94,1.3,32.45,,,,,110.62,3151.69,532.8,HIGH,0,"Nutrition values are per 100 g based on Anuvaad INDB documentation. The supplied CSVs do not contain serving weights/volumes, so none were invented."
1097728095702982559,indian-food-f3be9e314579f9faea4a8465de6a000b,Anuvaad INDB + Indian_Food_Nutrition_Processed,INDB:0437,Cold coffee (with cream),cold coffee (with cream),,,,INDIAN_RECIPE,,PER_100_G,tall glass,1,1 tall glass,,,82.76,1.93,11.98,3.29,0.0,11.91,,2.02,,3.29,15.35,107.04,64.43,0.14,8.58,2.56,9.52,,,,,105.93,885.15,103.83,HIGH,0,"Nutrition values are per 100 g based on Anuvaad INDB documentation. The supplied CSVs do not contain serving weights/volumes, so none were invented."
1114084700737375539,indian-food-f760621f5260d3354e79a95db38e743c,Anuvaad INDB + Indian_Food_Nutrition_Processed,INDB:0014,Cold coffee with ice cream,cold coffee with ice cream,,,,INDIAN_RECIPE,,PER_100_G,tall glass,1,1 tall glass,,,67.85,1.57,11.24,2.11,0.01,11.18,,1.28,,1.17,13.84,90.27,53.29,0.12,7.26,2.53,9.49,,,,,81.39,567.96,67.66,HIGH,0,"Nutrition values are per 100 g based on Anuvaad INDB documentation. The supplied CSVs do not contain serving weights/volumes, so none were invented."
444688325803719832,indian-food-62bd9ad1f4b3c98733da9694019f3003,Anuvaad INDB + Indian_Food_Nutrition_Processed,INDB:0477,Cold cucumber cream soup,cold cucumber cream soup,,,,INDIAN_RECIPE,,PER_100_G,bowl,1,1 bowl,,,11.88,0.34,1.76,0.34,0.73,0.51,,0.19,,0.72,207.89,64.98,8.02,0.16,7.37,14.72,24.84,,,,,57.85,73.56,46.84,HIGH,0,"Nutrition values are per 100 g based on Anuvaad INDB documentation. The supplied CSVs do not contain serving weights/volumes, so none were invented."
4171025481249883,indian-food-00ed1868c28b45b41c09e8cade962bb2,Anuvaad INDB + Indian_Food_Nutrition_Processed,INDB:0084,Cold cucumber soup (Thanda kheere ka soup),cold cucumber soup (thanda kheere ka soup),,,,INDIAN_RECIPE,,PER_100_G,soup bowl,1,1 soup bowl,,,48.03,2.99,4.58,1.99,0.88,3.34,,1.23,,7.06,121.32,171.02,99.79,0.32,15.83,5.05,27.42,,,,,265.68,523.24,98.37,HIGH,0,"Nutrition values are per 100 g based on Anuvaad INDB documentation. The supplied CSVs do not contain serving weights/volumes, so none were invented."
810978959133772983,indian-food-b412d110b7c0cb7b4059fff8cb8a8d4b,Anuvaad INDB + Indian_Food_Nutrition_Processed,INDB:0637,Cold lemon souffle,cold lemon souffle,,,,INDIAN_RECIPE,,PER_100_G,souffle dish,1,1 souffle dish,,,169.87,5.89,15.62,9.78,0.0,13.88,,5.63,,98.14,46.35,81.69,55.03,0.53,6.74,8.65,31.24,,,,,98.04,2808.45,506.6,HIGH,0,"Nutrition values are per 100 g based on Anuvaad INDB documentation. The supplied CSVs do not contain serving weights/volumes, so none were invented."
451705558620091613,indian-food-644c7cff49eb4dd7dca3be47633e6026,Anuvaad INDB + Indian_Food_Nutrition_Processed,INDB:0638,Cold orange souffle,cold orange souffle,,,,INDIAN_RECIPE,,PER_100_G,souffle dish,1,1 souffle dish,,,173.19,5.94,16.27,9.82,0.11,14.42,,5.65,,98.65,46.53,88.17,55.45,0.57,7.19,10.08,33.8,,,,,157.63,2824.7,504.09,HIGH,0,"Nutrition values are per 100 g based on Anuvaad INDB documentation. The supplied CSVs do not contain serving weights/volumes, so none were invented."
611849911214125867,indian-food-87dba40a5c5b32be9674ac6e69b72aa8,Anuvaad INDB + Indian_Food_Nutrition_Processed,INDB:0639,Cold pineapple souffle,cold pineapple souffle,,,,INDIAN_RECIPE,,PER_100_G,souffle dish,1,1 souffle dish,,,181.22,6.23,16.85,10.39,0.0,14.99,,5.98,,104.39,49.38,79.86,57.13,0.54,6.79,1.88,30.3,,,,,104.16,2987.06,528.95,HIGH,0,"Nutrition values are per 100 g based on Anuvaad INDB documentation. The supplied CSVs do not contain serving weights/volumes, so none were invented."
751208089274343772,indian-food-a6cd3c6f198e15c91d6b1aefd7c62457,Anuvaad INDB + Indian_Food_Nutrition_Processed,INDB:0085,Cold summer garden soup,cold summer garden soup,,,,INDIAN_RECIPE,,PER_100_G,soup bowl,1,1 soup bowl,,,49.19,8.57,2.65,14.08,1.86,0.46,,2.46,,10.12,9919.63,361.43,43.93,2.13,38.89,16.3,43.26,,,,,1029.93,990.52,183.14,HIGH,0,"Nutrition values are per 100 g based on Anuvaad INDB documentation. The supplied CSVs do not contain serving weights/volumes, so none were invented."
993716338520839593,indian-food-dca63beb50955a9d03a9f765c5a3b185,Anuvaad INDB + Indian_Food_Nutrition_Processed,INDB:0478,Cold tomato soup,cold tomato soup,,,,INDIAN_RECIPE,,PER_100_G,bowl,1,1 bowl,,,16.9,0.11,0.59,1.56,0.16,0.22,,0.96,,3.88,287.15,20.03,4.2,0.1,2.67,10.09,5.63,,,,,368.25,385.52,79.7,HIGH,0,"Nutrition values are per 100 g based on Anuvaad INDB documentation. The supplied CSVs do not contain serving weights/volumes, so none were invented."
1046406163922002005,indian-food-e8594dcab59a055a2b0fbc050fefbeae,Anuvaad INDB + Indian_Food_Nutrition_Processed,INDB:0640,Cold vanilla souffle,cold vanilla souffle,,,,INDIAN_RECIPE,,PER_100_G,souffle dish,1,1 souffle dish,,,179.54,6.22,16.29,10.32,0.0,14.49,,5.95,,100.85,49.09,83.3,62.47,0.52,6.94,1.3,30.71,,,,,113.07,2963.01,519.81,HIGH,0,"Nutrition values are per 100 g based on Anuvaad INDB documentation. The supplied CSVs do not contain serving weights/volumes, so none were invented."
1089365407241458485,indian-food-f1e3410f139d3351d867736cdd5d373a,Anuvaad INDB + Indian_Food_Nutrition_Processed,INDB:0246,Coleslaw,coleslaw,,,,INDIAN_RECIPE,,PER_100_G,bowl,1,1 bowl,,,76.71,1.24,5.59,5.32,2.34,3.62,,1.16,,6.42,29.87,207.7,37.0,0.63,13.13,22.99,41.98,,,,,3281.21,2611.75,1217.26,HIGH,0,"Nutrition values are per 100 g based on Anuvaad INDB documentation. The supplied CSVs do not contain serving weights/volumes, so none were invented."
828091532411179995,indian-food-b7df8dc7ee093dbb837294b129b1545a,Anuvaad INDB + Indian_Food_Nutrition_Processed,INDB:0466,Consomme au julienne,consomme au julienne,,,,INDIAN_RECIPE,,PER_100_G,bowl,1,1 bowl,,,27.76,12.49,1.49,10.66,1.38,0.83,,0.11,,6.4,10208.47,350.86,85.89,3.34,36.5,11.77,55.26,,,,,1991.95,110.21,101.84,HIGH,0,"Nutrition values are per 100 g based on Anuvaad INDB documentation. The supplied CSVs do not contain serving weights/volumes, so none were invented."
950042768746101093,indian-food-d2f3add588a396504f312df0d40a321a,Anuvaad INDB + Indian_Food_Nutrition_Processed,INDB:0467,Consomme au vermicelli,consomme au vermicelli,,,,INDIAN_RECIPE,,PER_100_G,bowl,1,1 bowl,,,29.94,15.23,1.3,12.98,0.81,0.27,,0.11,,7.85,12524.61,367.55,97.34,3.98,41.25,2.44,20.12,,,,,202.9,130.65,63.33,HIGH,0,"Nutrition values are per 100 g based on Anuvaad INDB documentation. The supplied CSVs do not contain serving weights/volumes, so none were invented."
288851482799472250,indian-food-40234e4a91b7e7af7b86d1dfed02b0cd,Anuvaad INDB + Indian_Food_Nutrition_Processed,INDB:0680,Coriander chutney (Hare dhaniye ki chutney),coriander chutney (hare dhaniye ki chutney),,,,INDIAN_RECIPE,,PER_100_G,tablespoon,1,1 tablespoon,,,42.86,1.38,8.16,0.37,2.47,5.5,,0.08,,0.0,186.64,269.63,39.8,1.63,27.59,4.24,3.57,,,,,5731.79,55.1,160.03,HIGH,0,"Nutrition values are per 100 g based on Anuvaad INDB documentation. The supplied CSVs do not contain serving weights/volumes, so none were invented."
841628298220633913,indian-food-bae107a645b7f390ec98ecd3e1dc26b6,Anuvaad INDB + Indian_Food_Nutrition_Processed,INDB:0855,Corn omelette/omlet,corn omelette/omlet,,,,INDIAN_RECIPE,,PER_100_G,omelette,1,1 omelette,,,166.93,11.37,1.57,12.89,0.02,0.41,,6.13,,253.36,166.42,145.92,96.22,1.34,17.36,2.9,81.65,,,,,131.96,4076.53,1093.55,HIGH,0,"Nutrition values are per 100 g based on Anuvaad INDB documentation. The supplied CSVs do not contain serving weights/volumes, so none were invented."
355265658574138334,indian-food-4ee283bf434ebdeb3fc864d703ab521f,Anuvaad INDB + Indian_Food_Nutrition_Processed,INDB:0049,Cornflakes with milk,cornflakes with milk,,,,INDIAN_RECIPE,,PER_100_G,bowl,1,1 bowl,,,117.33,3.59,14.95,5.12,0.78,9.97,,2.78,,0.0,26.55,132.88,106.47,0.42,14.98,4.82,43.87,,,,,172.66,1530.43,370.58,HIGH,0,"Nutrition values are per 100 g based on Anuvaad INDB documentation. The supplied CSVs do not contain serving weights/volumes, so none were invented."
647718557127034534,indian-food-8fd28988ffc46a64ffef31551ad092ff,Anuvaad INDB + Indian_Food_Nutrition_Processed,INDB:0368,Cottage cheese pie,cottage cheese pie,,,,INDIAN_RECIPE,,PER_100_G,pie,1,1 pie,,,238.98,7.45,20.66,13.83,2.21,3.62,,7.19,,20.86,103.29,128.1,108.05,0.92,22.71,36.25,124.39,,,,,983.87,3464.96,2141.16,HIGH,0,"Nutrition values are per 100 g based on Anuvaad INDB documentation. The supplied CSVs do not contain serving weights/volumes, so none were invented."
490652431056854749,indian-food-6cf25c955535edd0d2b6201e086e59ed,Anuvaad INDB + Indian_Food_Nutrition_Processed,INDB:0957,Cracked wheat and green gram dal premix (Dalia moong dal premix),cracked wheat and green gram dal premix (dalia moong dal premix),,,,INDIAN_RECIPE,,PER_100_G,,,,,,362.16,15.89,64.75,5.11,11.66,0.63,,0.86,,0.0,3.25,321.5,49.03,4.28,50.7,,,,,,,132.08,1840.87,1265.2,HIGH,0,"Nutrition values are per 100 g based on Anuvaad INDB documentation. The supplied CSVs do not contain serving weights/volumes, so none were invented."
599502663699990512,indian-food-851dc7f0fbd07f0a1a4d1972d2241f12,Anuvaad INDB + Indian_Food_Nutrition_Processed,INDB:0967,Cracked wheat khichri/khichdi (Dalia khichri/khichdi),cracked wheat khichri/khichdi (dalia khichri/khichdi),,,,INDIAN_RECIPE,,PER_100_G,,,,,,167.45,7.56,22.35,5.52,3.74,3.79,,3.27,,14.62,224.95,340.86,123.04,2.17,35.47,,,,,,,2271.81,1323.45,270.45,HIGH,0,"Nutrition values are per 100 g based on Anuvaad INDB documentation. The supplied CSVs do not contain serving weights/volumes, so none were invented."
350943418006817487,indian-food-4decd2de68ecacf6016e8d33d7492bbc,Anuvaad INDB + Indian_Food_Nutrition_Processed,INDB:0046,Cracked wheat porridge (Meetha daliya),cracked wheat porridge (meetha daliya),,,,INDIAN_RECIPE,,PER_100_G,bowl,1,1 bowl,,,81.57,2.64,8.87,4.08,0.62,5.12,,1.83,,0.0,15.89,71.44,75.88,0.32,5.18,5.03,17.58,,,,,124.07,1007.44,870.97,HIGH,0,"Nutrition values are per 100 g based on Anuvaad INDB documentation. The supplied CSVs do not contain serving weights/volumes, so none were invented."
169106977844822511,indian-food-258c9e67f7b01efc557b11ca0dddd249,Anuvaad INDB + Indian_Food_Nutrition_Processed,INDB:0826,Cranberry cookies,cranberry cookies,,,,INDIAN_RECIPE,,PER_100_G,cookie,1,1 cookie,,,272.48,3.92,36.39,12.66,1.13,19.96,,7.65,,58.22,58.25,93.04,36.16,0.71,11.53,5.52,17.21,,,,,216.26,3271.85,611.45,HIGH,0,"Nutrition values are per 100 g based on Anuvaad INDB documentation. The supplied CSVs do not contain serving weights/volumes, so none were invented."
1119825177454498670,indian-food-f8a6b10d8b6d36ea45578152ac970b4c,Anuvaad INDB + Indian_Food_Nutrition_Processed,INDB:0741,Cream buns,cream buns,,,,INDIAN_RECIPE,,PER_100_G,bun,1,1 bun,,,215.74,4.45,14.16,15.81,0.31,5.95,,9.56,,93.93,45.49,79.54,45.27,0.5,8.47,0.33,9.28,,,,,169.29,4255.82,695.39,HIGH,0,"Nutrition values are per 100 g based on Anuvaad INDB documentation. The supplied CSVs do not contain serving weights/volumes, so none were invented."
815049421528759309,indian-food-b4fa3216c9bfc0deb7a14760ee3bbbce,Anuvaad INDB + Indian_Food_Nutrition_Processed,INDB:0745,Cream horns,cream horns,,,,INDIAN_RECIPE,,PER_100_G,horn,1,1 horn,,,408.23,3.42,23.12,33.55,0.6,7.12,,20.43,,93.08,57.11,72.97,30.93,0.44,9.61,0.5,8.8,,,,,468.21,9293.54,1323.04,HIGH,0,"Nutrition values are per 100 g based on Anuvaad INDB documentation. The supplied CSVs do not contain serving weights/volumes, so none were invented."
580825165826144538,indian-food-80f816935acb91a62eaec5e251a91d24,Anuvaad INDB + Indian_Food_Nutrition_Processed,INDB:0474,Cream of broccoli soup,cream of broccoli soup,,,,INDIAN_RECIPE,,PER_100_G,bowl,1,1 bowl,,,56.14,8.97,3.72,12.75,1.89,1.59,,2.28,,7.67,8792.43,313.4,66.55,1.82,30.93,68.91,94.43,,,,,202.41,951.92,182.28,HIGH,0,"Nutrition values are per 100 g based on Anuvaad INDB documentation. The supplied CSVs do not contain serving weights/volumes, so none were invented."
625407398355095566,indian-food-8ade4b71adb500e8bc85388745bb78a1,Anuvaad INDB + Indian_Food_Nutrition_Processed,INDB:0473,Cream of carrot soup,cream of carrot soup,,,,INDIAN_RECIPE,,PER_100_G,bowl,1,1 bowl,,,59.77,8.27,5.69,12.35,1.98,1.77,,2.1,,6.67,8694.79,289.87,57.24,1.73,29.98,10.68,37.89,,,,,1711.41,867.07,178.8,HIGH,0,"Nutrition values are per 100 g based on Anuvaad INDB documentation. The supplied CSVs do not contain serving weights/volumes, so none were invented."
186007557619472205,indian-food-294d4e35d72574d25d2ed90609c9797a,Anuvaad INDB + Indian_Food_Nutrition_Processed,INDB:0073,Cream of green peas soup,cream of green peas soup,,,,INDIAN_RECIPE,,PER_100_G,soup bowl,1,1 soup bowl,,,127.84,7.13,6.75,14.78,2.95,1.61,,2.67,,6.19,4999.7,242.6,51.01,1.48,29.97,52.28,88.58,,,,,1001.41,2142.5,4324.33,HIGH,0,"Nutrition values are per 100 g based on Anuvaad INDB documentation. The supplied CSVs do not contain serving weights/volumes, so none were invented."
143172309655366691,indian-food-1fca67502ae2c2309bb730933684a903,Anuvaad INDB + Indian_Food_Nutrition_Processed,INDB:0075,Cream of mixed vegetable soup,cream of mixed vegetable soup,,,,INDIAN_RECIPE,,PER_100_G,soup bowl,1,1 soup bowl,,,59.65,6.84,4.93,9.05,2.14,2.1,,2.02,,7.05,5655.45,255.87,65.26,1.36,27.05,39.02,54.46,,,,,1564.13,852.77,171.6,HIGH,0,"Nutrition values are per 100 g based on Anuvaad INDB documentation. The supplied CSVs do not contain serving weights/volumes, so none were invented."
616166967242475132,indian-food-88d109794d1467ca13f82f151ac14552,Anuvaad INDB + Indian_Food_Nutrition_Processed,INDB:0076,Cream of mushroom soup,cream of mushroom soup,,,,INDIAN_RECIPE,,PER_100_G,soup bowl,1,1 soup bowl,,,117.28,6.64,3.74,15.5,1.34,1.93,,2.92,,6.74,5276.06,249.79,70.56,1.81,24.31,5.79,30.72,,,,,77.09,2330.75,4743.45,HIGH,0,"Nutrition values are per 100 g based on Anuvaad INDB documentation. The supplied CSVs do not contain serving weights/volumes, so none were invented."
826892331746977598,indian-food-b79b631d545e73eb94cf6c20a0135772,Anuvaad INDB + Indian_Food_Nutrition_Processed,INDB:0475,Cream of potato soup,cream of potato soup,,,,INDIAN_RECIPE,,PER_100_G,bowl,1,1 bowl,,,60.2,8.1,6.14,12.05,1.51,1.24,,2.04,,6.53,8503.99,348.61,51.97,1.7,31.03,28.86,33.19,,,,,141.04,846.39,152.88,HIGH,0,"Nutrition values are per 100 g based on Anuvaad INDB documentation. The supplied CSVs do not contain serving weights/volumes, so none were invented."
820824992055976619,indian-food-b6427fb3a4262ab3b9b91293002a2c6a,Anuvaad INDB + Indian_Food_Nutrition_Processed,INDB:0074,Cream of spinach soup,cream of spinach soup,,,,INDIAN_RECIPE,,PER_100_G,soup bowl,1,1 soup bowl,,,100.54,5.21,3.45,13.31,1.74,1.13,,2.43,,5.47,4429.81,404.13,70.77,2.1,52.29,63.34,298.06,,,,,4180.58,1903.39,3918.17,HIGH,0,"Nutrition values are per 100 g based on Anuvaad INDB documentation. The supplied CSVs do not contain serving weights/volumes, so none were invented."
585039522451906473,indian-food-81e7a58934f5fa90ab60160e129a8d2d,Anuvaad INDB + Indian_Food_Nutrition_Processed,INDB:0072,Cream of tomato soup,cream of tomato soup,,,,INDIAN_RECIPE,,PER_100_G,soup bowl,1,1 soup bowl,,,97.81,4.61,3.93,13.12,1.38,1.81,,2.37,,5.47,4461.22,205.66,39.61,0.95,19.75,53.23,44.01,,,,,2573.71,1898.59,3845.49,HIGH,0,"Nutrition values are per 100 g based on Anuvaad INDB documentation. The supplied CSVs do not contain serving weights/volumes, so none were invented."
902677650381908971,indian-food-c86f48a59b2abeb0a28a6d05cadc676c,Anuvaad INDB + Indian_Food_Nutrition_Processed,INDB:0373,Cream puffs,cream puffs,,,,INDIAN_RECIPE,,PER_100_G,puff,1,1 puff,,,221.33,4.7,16.0,15.48,0.38,5.94,,9.28,,100.48,98.76,76.51,37.93,0.58,8.86,0.2,8.79,,,,,170.33,4176.08,713.71,HIGH,0,"Nutrition values are per 100 g based on Anuvaad INDB documentation. The supplied CSVs do not contain serving weights/volumes, so none were invented."
431079976217589829,indian-food-5fb80f4543bb8453726136096504686d,Anuvaad INDB + Indian_Food_Nutrition_Processed,INDB:0782,Creamed spinach,creamed spinach,,,,INDIAN_RECIPE,,PER_100_G,small bowl,1,1 small bowl,,,96.91,5.18,4.44,6.39,1.33,1.59,,3.51,,59.6,156.02,385.36,122.3,1.89,51.53,62.17,320.46,,,,,5045.6,1762.64,478.59,HIGH,0,"Nutrition values are per 100 g based on Anuvaad INDB documentation. The supplied CSVs do not contain serving weights/volumes, so none were invented."
1118842888647747688,indian-food-f86edade952286889fe32a041aba24c1,Anuvaad INDB + Indian_Food_Nutrition_Processed,INDB:0589,Creamed spinach and mushroom,creamed spinach and mushroom,,,,INDIAN_RECIPE,,PER_100_G,bowl,1,1 bowl,,,419.62,2.28,3.17,44.14,1.02,1.17,,6.82,,7.15,90.21,217.24,65.49,0.9,27.09,48.37,234.02,,,,,2458.82,9201.7,26166.05,HIGH,0,"Nutrition values are per 100 g based on Anuvaad INDB documentation. The supplied CSVs do not contain serving weights/volumes, so none were invented."
711524464553859138,indian-food-9dfd7bb0ebb9842ac907f99b6aebcd05,Anuvaad INDB + Indian_Food_Nutrition_Processed,INDB:0543,Creamy chicken,creamy chicken,,,,INDIAN_RECIPE,,PER_100_G,bowl,1,1 bowl,,,152.87,13.52,3.13,9.57,0.69,2.11,,1.91,,39.28,97.08,267.95,50.37,0.82,21.54,7.46,32.64,,,,,437.06,1579.29,2045.71,HIGH,0,"Nutrition values are per 100 g based on Anuvaad INDB documentation. The supplied CSVs do not contain serving weights/volumes, so none were invented."
502597245664973703,indian-food-6f9958834f35387cb90e5117380e8bf2,Anuvaad INDB + Indian_Food_Nutrition_Processed,INDB:0636,Creamy chocolate mousse,creamy chocolate mousse,,,,INDIAN_RECIPE,,PER_100_G,dish,1,1 dish,,,230.52,6.85,9.53,18.16,0.0,8.99,,10.65,,129.13,48.64,127.5,45.25,0.96,26.51,0.75,33.07,,,,,126.31,5511.22,730.7,HIGH,0,"Nutrition values are per 100 g based on Anuvaad INDB documentation. The supplied CSVs do not contain serving weights/volumes, so none were invented."
267482504008982875,indian-food-3b649eb9316615bb43458a7a0feeb209,Anuvaad INDB + Indian_Food_Nutrition_Processed,INDB:0554,Crispy baked fish,crispy baked fish,,,,INDIAN_RECIPE,,PER_100_G,casserole dish,1,1 casserole dish,,,138.4,10.95,9.59,6.41,1.21,1.53,,3.55,,28.89,192.42,208.73,60.04,0.55,24.23,16.97,46.78,,,,,1112.31,1436.51,584.93,HIGH,0,"Nutrition values are per 100 g based on Anuvaad INDB documentation. The supplied CSVs do not contain serving weights/volumes, so none were invented."
780663247677146316,indian-food-ad579166effc4cc81da6595aa850d6ee,Anuvaad INDB + Indian_Food_Nutrition_Processed,INDB:0572,Crispy okra/Crispy lady's fingers (Karare bhindi),crispy okra/crispy lady's fingers (karare bhindi),,,,INDIAN_RECIPE,,PER_100_G,small bowl,1,1 small bowl,,,657.76,1.91,4.35,70.4,1.75,0.26,,8.46,,0.0,40.42,90.14,27.61,0.56,20.56,18.14,90.04,,,,,332.23,14440.07,44532.29,HIGH,0,"Nutrition values are per 100 g based on Anuvaad INDB documentation. The supplied CSVs do not contain serving weights/volumes, so none were invented."
33964959550460901,indian-food-078aaf364d0d3e5b741294cb1f844e20,Anuvaad INDB + Indian_Food_Nutrition_Processed,INDB:0629,Crunchy butterscotch,crunchy butterscotch,,,,INDIAN_RECIPE,,PER_100_G,cup,1,1 cup,,,277.32,3.11,19.92,20.99,0.47,17.73,,12.61,,46.39,22.24,103.65,72.26,0.26,12.96,2.13,18.72,,,,,197.1,6110.42,956.49,HIGH,0,"Nutrition values are per 100 g based on Anuvaad INDB documentation. The supplied CSVs do not contain serving weights/volumes, so none were invented."
713414217987416683,indian-food-9e68e7390da626bc6caef9627063b837,Anuvaad INDB + Indian_Food_Nutrition_Processed,INDB:0598,Cucumber and yogurt salad (Kheere aur dahi ka salad),cucumber and yogurt salad (kheere aur dahi ka salad),,,,INDIAN_RECIPE,,PER_100_G,small plate,1,1 small plate,,,36.13,2.09,4.72,0.93,1.66,2.28,,0.55,,2.87,141.73,215.51,68.49,0.52,21.87,6.74,21.36,,,,,455.87,215.54,89.41,HIGH,0,"Nutrition values are per 100 g based on Anuvaad INDB documentation. The supplied CSVs do not contain serving weights/volumes, so none were invented."
144066381037300860,indian-food-1ffd39c39cdec7c3b6e58fe0c82b7d8d,Anuvaad INDB + Indian_Food_Nutrition_Processed,INDB:0252,Cucumber raita (Kheere ka raita),cucumber raita (kheere ka raita),,,,INDIAN_RECIPE,,PER_100_G,bowl,1,1 bowl,,,59.13,4.04,6.35,2.08,0.86,5.22,,1.28,,7.21,189.96,253.64,138.58,0.29,20.66,5.65,26.92,,,,,114.53,540.25,112.44,HIGH,0,"Nutrition values are per 100 g based on Anuvaad INDB documentation. The supplied CSVs do not contain serving weights/volumes, so none were invented."
279845931017568663,indian-food-3e236643e24019753df2c5ea416e0b74,Anuvaad INDB + Indian_Food_Nutrition_Processed,INDB:0024,Cucumber sandwich (Kheere ka sandwich),cucumber sandwich (kheere ka sandwich),,,,INDIAN_RECIPE,,PER_100_G,triangle,1,1 triangle,,,188.6,4.8,25.77,8.0,2.45,1.64,,4.32,,17.53,362.64,154.06,87.84,1.02,21.6,1.53,12.96,,,,,129.54,1808.72,287.53,HIGH,0,"Nutrition values are per 100 g based on Anuvaad INDB documentation. The supplied CSVs do not contain serving weights/volumes, so none were invented."
121682500949037543,indian-food-1b04d970472d1e79ebd973d54c0113e5,Anuvaad INDB + Indian_Food_Nutrition_Processed,INDB:0790,Cucumber sharbat (Kheere ka sharbat),cucumber sharbat (kheere ka sharbat),,,,INDIAN_RECIPE,,PER_100_G,glass,1,1 glass,,,27.28,0.26,6.64,0.06,0.78,5.46,,0.02,,0.0,2.57,67.04,6.49,0.18,7.54,9.16,25.26,,,,,62.41,3.86,24.79,HIGH,0,"Nutrition values are per 100 g based on Anuvaad INDB documentation. The supplied CSVs do not contain serving weights/volumes, so none were invented."
75351865022416601,indian-food-10bb41f3bd306d9f2db7abb01e51542b,Anuvaad INDB + Indian_Food_Nutrition_Processed,INDB:0010,Cumin infused water (Jeere/Zeere ka pani),cumin infused water (jeere/zeere ka pani),,,,INDIAN_RECIPE,,PER_100_G,glass,1,1 glass,,,9.09,0.17,1.86,0.11,0.46,1.46,,0.01,,0.0,189.6,32.15,10.84,0.32,5.28,3.61,3.14,,,,,64.09,40.04,33.53,HIGH,0,"Nutrition values are per 100 g based on Anuvaad INDB documentation. The supplied CSVs do not contain serving weights/volumes, so none were invented."
488979334009326123,indian-food-6c9341d12220a2bbadf03e56f56c9519,Anuvaad INDB + Indian_Food_Nutrition_Processed,INDB:0494,Cumin pulao (Jeera/Zeera pulao),cumin pulao (jeera/zeera pulao),,,,INDIAN_RECIPE,,PER_100_G,plate,1,1 plate,,,135.24,2.47,23.61,3.2,1.4,0.64,,0.41,,0.0,219.73,62.11,7.25,0.33,11.29,1.42,13.85,,,,,22.5,665.8,1959.83,HIGH,0,"Nutrition values are per 100 g based on Anuvaad INDB documentation. The supplied CSVs do not contain serving weights/volumes, so none were invented."
812258314295984592,indian-food-b45b8a2217841d0a680bd69c57a5505e,Anuvaad INDB + Indian_Food_Nutrition_Processed,INDB:1001,Cumin seeds baghar (Jeera baghar/tadka),cumin seeds baghar (jeera baghar/tadka),,,,INDIAN_RECIPE,,PER_100_G,,,,,,736.81,3.34,5.22,78.77,6.01,0.49,,45.13,,189.23,177.58,420.92,177.77,5.09,86.42,,,,,,,2215.46,21181.77,4479.31,HIGH,0,"Nutrition values are per 100 g based on Anuvaad INDB documentation. The supplied CSVs do not contain serving weights/volumes, so none were invented."
454576447099624091,indian-food-64efadec4a1da9b55f7e333cb1458865,Anuvaad INDB + Indian_Food_Nutrition_Processed,INDB:0947,Curd dip,curd dip,,,,INDIAN_RECIPE,,PER_100_G,,,,,,79.95,5.04,7.95,3.36,0.1,7.12,,1.85,,10.59,301.07,279.4,167.17,0.25,18.06,,,,,,,205.25,1002.98,262.88,HIGH,0,"Nutrition values are per 100 g based on Anuvaad INDB documentation. The supplied CSVs do not contain serving weights/volumes, so none were invented."
1049553523809305714,indian-food-e90c35e7f69c472460549568d665c63b,Anuvaad INDB + Indian_Food_Nutrition_Processed,INDB:0605,Curd dressing,curd dressing,,,,INDIAN_RECIPE,,PER_100_G,cup,1,1 cup,,,78.8,5.59,8.03,2.9,0.22,7.57,,1.84,,10.52,204.62,283.26,194.59,0.18,19.93,5.34,39.4,,,,,48.71,758.89,110.92,HIGH,0,"Nutrition values are per 100 g based on Anuvaad INDB documentation. The supplied CSVs do not contain serving weights/volumes, so none were invented."
807106953484972298,indian-food-b336b7f7a38310a1be7461f64f672d31,Anuvaad INDB + Indian_Food_Nutrition_Processed,INDB:0686,Curd mint dip,curd mint dip,,,,INDIAN_RECIPE,,PER_100_G,tablespoon,1,1 tablespoon,,,76.13,4.82,9.11,2.44,0.77,7.83,,1.49,,8.34,222.77,280.81,172.79,0.82,25.58,3.28,7.82,,,,,1486.12,608.22,157.24,HIGH,0,"Nutrition values are per 100 g based on Anuvaad INDB documentation. The supplied CSVs do not contain serving weights/volumes, so none were invented."
493283357911848931,indian-food-6d87e99b9f297e3463bd9a9f7d76ba42,Anuvaad INDB + Indian_Food_Nutrition_Processed,INDB:0116,Curd rice (Dahi bhaat/Dahi chawal/ Perugu annam/Daddojanam/Thayir saadam),curd rice (dahi bhaat/dahi chawal/ perugu annam/daddojanam/thayir saadam),,,,INDIAN_RECIPE,,PER_100_G,plate,1,1 plate,,,195.74,5.75,32.93,4.32,2.13,3.91,,1.6,,3.12,213.29,211.78,101.52,0.59,24.28,5.1,28.24,,,,,1872.22,1009.27,1392.21,HIGH,0,"Nutrition values are per 100 g based on Anuvaad INDB documentation. The supplied CSVs do not contain serving weights/volumes, so none were invented."
1082979480509613156,indian-food-f07841982d0046494f752756cfca48f5,Anuvaad INDB + Indian_Food_Nutrition_Processed,INDB:0687,Curd vegetable dip,curd vegetable dip,,,,INDIAN_RECIPE,,PER_100_G,tablespoon,1,1 tablespoon,,,56.21,3.88,6.04,1.94,0.63,5.42,,1.19,,6.59,132.48,243.19,129.58,0.37,17.18,4.53,5.78,,,,,776.42,484.35,129.65,HIGH,0,"Nutrition values are per 100 g based on Anuvaad INDB documentation. The supplied CSVs do not contain serving weights/volumes, so none were invented."
911909506492351764,indian-food-ca7c0dd59c7451409a26aad9cfdae4cb,Anuvaad INDB + Indian_Food_Nutrition_Processed,INDB:0559,Curd with potatoes (Dahi aloo),curd with potatoes (dahi aloo),,,,INDIAN_RECIPE,,PER_100_G,bowl,1,1 bowl,,,59.9,1.56,7.15,2.72,1.19,1.82,,0.54,,1.45,51.99,259.27,36.36,0.47,15.87,42.93,44.72,,,,,788.54,579.46,1432.54,HIGH,0,"Nutrition values are per 100 g based on Anuvaad INDB documentation. The supplied CSVs do not contain serving weights/volumes, so none were invented."
817590967098073783,indian-food-b58aaa71d72e2b75e88a426934d99046,Anuvaad INDB + Indian_Food_Nutrition_Processed,INDB:0914,Curried Cauliflower soup,curried cauliflower soup,,,,INDIAN_RECIPE,,PER_100_G,cup,1,1 cup,,,37.32,6.72,3.12,9.77,2.34,1.79,,1.28,,4.77,7311.44,333.51,37.25,2.12,33.71,51.86,53.08,,,,,92.27,538.99,179.05,HIGH,0,"Nutrition values are per 100 g based on Anuvaad INDB documentation. The supplied CSVs do not contain serving weights/volumes, so none were invented."
1023480085539659948,indian-food-e3421b7154720acb129b61ab725905af,Anuvaad INDB + Indian_Food_Nutrition_Processed,INDB:0362,Custard tart,custard tart,,,,INDIAN_RECIPE,,PER_100_G,tart,1,1 tart,,,225.6,3.72,28.66,10.73,0.91,9.31,,6.63,,22.28,59.74,115.73,57.47,0.49,12.99,1.18,5.64,,,,,237.91,2714.31,464.93,HIGH,0,"Nutrition values are per 100 g based on Anuvaad INDB documentation. The supplied CSVs do not contain serving weights/volumes, so none were invented."
730105076760317954,indian-food-a21dab2f5021002cafd0edd8d34227e2,Anuvaad INDB + Indian_Food_Nutrition_Processed,INDB:0258,Dahi vadas/Dahi bhalla,dahi vadas/dahi bhalla,,,,INDIAN_RECIPE,,PER_100_G,vada,1,1 vada,,,667.73,2.96,5.49,70.4,0.97,1.78,,8.8,,2.39,79.0,152.37,49.03,0.49,17.84,0.57,18.3,,,,,80.6,14475.98,44186.95,HIGH,0,"Nutrition values are per 100 g based on Anuvaad INDB documentation. The supplied CSVs do not contain serving weights/volumes, so none were invented."
600930420803166625,indian-food-856ef08aab2e1a1ce728214bc314bc9c,Anuvaad INDB + Indian_Food_Nutrition_Processed,INDB:0923,Dal dhokli,dal dhokli,,,,INDIAN_RECIPE,,PER_100_G,bowl,1,1 bowl,,,68.74,2.96,8.55,2.47,1.86,1.12,,0.41,,0.0,37.53,152.23,14.54,0.79,23.63,2.77,45.31,,,,,505.54,823.53,1066.81,HIGH,0,"Nutrition values are per 100 g based on Anuvaad INDB documentation. The supplied CSVs do not contain serving weights/volumes, so none were invented."
123487797414096710,indian-food-1b6b77f5af66f4641f46b8eed2567a1b,Anuvaad INDB + Indian_Food_Nutrition_Processed,INDB:0918,Dal makhani,dal makhani,,,,INDIAN_RECIPE,,PER_100_G,bowl,1,1 bowl,,,74.04,3.32,7.96,3.06,2.27,0.8,,1.77,,7.25,41.85,199.4,20.62,1.23,27.39,9.19,75.16,,,,,621.91,729.79,225.15,HIGH,0,"Nutrition values are per 100 g based on Anuvaad INDB documentation. The supplied CSVs do not contain serving weights/volumes, so none were invented."
600190395977982283,indian-food-8544dfc35de614bb5a46f31263dfbd04,Anuvaad INDB + Indian_Food_Nutrition_Processed,INDB:1000,Dal moong,dal moong,,,,INDIAN_RECIPE,,PER_100_G,,,,,,43.69,2.2,4.92,1.62,1.08,0.13,,0.87,,3.55,117.74,130.13,7.69,0.52,16.62,,,,,,,113.22,401.86,141.62,HIGH,0,"Nutrition values are per 100 g based on Anuvaad INDB documentation. The supplied CSVs do not contain serving weights/volumes, so none were invented."
858233381533955570,indian-food-be90eb6a0b6b5f29aefc891f299c2c29,Anuvaad INDB + Indian_Food_Nutrition_Processed,INDB:0091,Dal parantha/paratha,dal parantha/paratha,,,,INDIAN_RECIPE,,PER_100_G,parantha,1,1 parantha,,,268.24,6.78,30.03,13.05,6.46,1.43,,1.56,,0.0,156.13,268.85,23.89,2.45,63.15,1.8,29.02,,,,,420.07,2583.4,8046.57,HIGH,0,"Nutrition values are per 100 g based on Anuvaad INDB documentation. The supplied CSVs do not contain serving weights/volumes, so none were invented."
166073791885710878,indian-food-24e033bdbd9961e8f977e5b6b54c4834,Anuvaad INDB + Indian_Food_Nutrition_Processed,INDB:0100,Dal stuffed poori,dal stuffed poori,,,,INDIAN_RECIPE,,PER_100_G,poori,1,1 poori,,,785.16,2.08,10.14,81.69,1.96,0.29,,10.13,,1.66,128.18,81.94,6.88,0.83,22.74,0.42,7.65,,,,,82.44,16769.68,51322.12,HIGH,0,"Nutrition values are per 100 g based on Anuvaad INDB documentation. The supplied CSVs do not contain serving weights/volumes, so none were invented."
377524324146141197,indian-food-53d3c5f62ccd80de7138a28b66f33090,Anuvaad INDB + Indian_Food_Nutrition_Processed,INDB:0919,Dalma,dalma,,,,INDIAN_RECIPE,,PER_100_G,bowl,1,1 bowl,,,118.93,4.91,15.04,4.58,2.16,3.1,,0.53,,0.0,49.35,390.38,54.28,2.1,43.25,36.63,137.41,,,,,1068.32,2174.06,1304.52,HIGH,0,"Nutrition values are per 100 g based on Anuvaad INDB documentation. The supplied CSVs do not contain serving weights/volumes, so none were invented."
616666270433643825,indian-food-88ed6b4aa298d310a10f39fd4b9e1caf,Anuvaad INDB + Indian_Food_Nutrition_Processed,INDB:0656,Danedar burfi,danedar burfi,,,,INDIAN_RECIPE,,PER_100_G,piece,1,1 piece,,,102.68,3.24,12.33,4.72,0.09,11.98,,2.53,,0.0,23.31,116.64,107.53,0.24,11.91,3.36,9.75,,,,,181.28,1494.45,262.28,HIGH,0,"Nutrition values are per 100 g based on Anuvaad INDB documentation. The supplied CSVs do not contain serving weights/volumes, so none were invented."
708061680062006485,indian-food-9d38a58b72984d567f5609d404b531b9,Anuvaad INDB + Indian_Food_Nutrition_Processed,INDB:0410,Danish cookies,danish cookies,,,,INDIAN_RECIPE,,PER_100_G,biscuit,1,1 biscuit,,,475.33,5.33,58.0,24.92,1.37,21.73,,15.6,,63.58,201.06,84.32,15.97,0.98,16.24,0.0,1.02,,,,,315.82,6266.98,1015.42,HIGH,0,"Nutrition values are per 100 g based on Anuvaad INDB documentation. The supplied CSVs do not contain serving weights/volumes, so none were invented."
806701612429684809,indian-food-b31fad7a89b3049d2e594f8907539cb8,Anuvaad INDB + Indian_Food_Nutrition_Processed,INDB:0702,Danish luncheon sandwich,danish luncheon sandwich,,,,INDIAN_RECIPE,,PER_100_G,sandwich,1,1 sandwich,,,193.82,9.03,17.77,10.1,1.52,1.13,,4.61,,124.4,365.63,164.39,77.13,1.27,17.99,2.35,25.88,,,,,186.31,3020.34,772.38,HIGH,0,"Nutrition values are per 100 g based on Anuvaad INDB documentation. The supplied CSVs do not contain serving weights/volumes, so none were invented."
508652628554611130,indian-food-70f18dee710f9bae97f25a910fc5cdab,Anuvaad INDB + Indian_Food_Nutrition_Processed,INDB:0305,Date and nut pie,date and nut pie,,,,INDIAN_RECIPE,,PER_100_G,bowl,1,1 bowl,,,322.42,3.93,46.86,13.31,4.13,31.18,,5.14,,18.85,3.87,291.15,34.69,1.54,40.61,6.39,32.22,,,,,935.38,2880.34,4381.9,HIGH,0,"Nutrition values are per 100 g based on Anuvaad INDB documentation. The supplied CSVs do not contain serving weights/volumes, so none were invented."
426126407278596390,indian-food-5e9e7b5af411126b9814676b0d035d8d,Anuvaad INDB + Indian_Food_Nutrition_Processed,INDB:0834,Date pickle (Khajoor ka achaar),date pickle (khajoor ka achaar),,,,INDIAN_RECIPE,,PER_100_G,small bowl,1,1 small bowl,,,182.29,1.68,34.66,4.21,5.2,30.47,,0.55,,0.0,138.86,434.89,41.49,1.96,39.25,3.46,15.77,,,,,2034.99,848.15,2605.0,HIGH,0,"Nutrition values are per 100 g based on Anuvaad INDB documentation. The supplied CSVs do not contain serving weights/volumes, so none were invented."
125787779147788692,indian-food-1bee351953071945a709c8f33d1d42c7,Anuvaad INDB + Indian_Food_Nutrition_Processed,INDB:0866,Dates chutney (Khajoor ki chutney),dates chutney (khajoor ki chutney),,,,INDIAN_RECIPE,,PER_100_G,small bowl,1,1 small bowl,,,103.57,1.07,21.69,1.12,3.41,18.68,,0.15,,0.0,76.77,288.06,28.72,1.19,29.16,3.41,17.27,,,,,3224.31,243.26,628.95,HIGH,0,"Nutrition values are per 100 g based on Anuvaad INDB documentation. The supplied CSVs do not contain serving weights/volumes, so none were invented."
998257977958657973,indian-food-dda86578a6cefb51c85f8c8bde6479db,Anuvaad INDB + Indian_Food_Nutrition_Processed,INDB:0685,Dessicated coconut chutney (Sookhe kase nariyal ki chutney),dessicated coconut chutney (sookhe kase nariyal ki chutney),,,,INDIAN_RECIPE,,PER_100_G,tablespoon,1,1 tablespoon,,,346.36,12.88,36.72,15.88,13.16,10.41,,7.17,,0.0,321.07,821.02,73.55,5.44,101.68,0.15,10.69,,,,,7432.15,1806.42,3556.04,HIGH,0,"Nutrition values are per 100 g based on Anuvaad INDB documentation. The supplied CSVs do not contain serving weights/volumes, so none were invented."
439343987376412514,indian-food-618dd075dc65762c6261bbcb8b98df9a,Anuvaad INDB + Indian_Food_Nutrition_Processed,INDB:0238,Deviled egg,deviled egg,,,,INDIAN_RECIPE,,PER_100_G,egg,1,1 egg,,,98.56,4.97,2.23,7.72,1.15,0.82,,1.33,,118.13,117.29,185.41,36.84,1.51,21.3,18.42,48.39,,,,,4136.37,3958.76,1711.92,HIGH,0,"Nutrition values are per 100 g based on Anuvaad INDB documentation. The supplied CSVs do not contain serving weights/volumes, so none were invented."
699514881694399488,indian-food-9b52d14267e7c00cf8aa934b39416b3a,Anuvaad INDB + Indian_Food_Nutrition_Processed,INDB:0581,Dhansak (vegetarian),dhansak (vegetarian),,,,INDIAN_RECIPE,,PER_100_G,bowl,1,1 bowl,,,82.8,3.32,7.28,4.18,4.17,0.91,,0.94,,0.0,34.18,264.5,26.4,1.26,28.3,13.25,45.12,,,,,1923.66,759.43,2048.04,HIGH,0,"Nutrition values are per 100 g based on Anuvaad INDB documentation. The supplied CSVs do not contain serving weights/volumes, so none were invented."
5233342365157539,indian-food-01297b278a9c8a3cfa24a3d57f0b5682,Anuvaad INDB + Indian_Food_Nutrition_Processed,INDB:0433,Dhokla,dhokla,,,,INDIAN_RECIPE,,PER_100_G,piece,1,1 piece,,,216.49,13.45,30.68,5.28,4.95,4.78,,1.34,,5.16,376.02,287.15,123.21,1.39,40.51,0.68,39.92,,,,,132.86,1135.81,2180.7,HIGH,0,"Nutrition values are per 100 g based on Anuvaad INDB documentation. The supplied CSVs do not contain serving weights/volumes, so none were invented."
111053563983751258,indian-food-18a8aa0c84ae85abb3a4db2cd7c772b2,Anuvaad INDB + Indian_Food_Nutrition_Processed,INDB:0650,Dil bahar,dil bahar,,,,INDIAN_RECIPE,,PER_100_G,piece,1,1 piece,,,130.05,1.52,28.27,1.92,0.02,27.84,,1.16,,0.1,16.65,64.67,62.58,0.13,5.13,2.69,10.2,,,,,86.52,518.66,60.96,HIGH,0,"Nutrition values are per 100 g based on Anuvaad INDB documentation. The supplied CSVs do not contain serving weights/volumes, so none were invented."
784061354146374035,indian-food-ae18ba5c001a1932bb924eb50e42d87f,Anuvaad INDB + Indian_Food_Nutrition_Processed,INDB:0568,Dry arbi (Sookhi arbi),dry arbi (sookhi arbi),,,,INDIAN_RECIPE,,PER_100_G,bowl,1,1 bowl,,,134.95,2.12,11.11,8.97,2.47,1.55,,1.1,,0.0,81.25,322.9,22.77,0.68,25.76,8.11,32.76,,,,,515.0,1839.85,5631.39,HIGH,0,"Nutrition values are per 100 g based on Anuvaad INDB documentation. The supplied CSVs do not contain serving weights/volumes, so none were invented."
1050673553575059815,indian-food-e94be07bfbd21671f15f9d53e89dfab9,Anuvaad INDB + Indian_Food_Nutrition_Processed,INDB:0358,Dry mango chutney (Sookhe aam ki chutney),dry mango chutney (sookhe aam ki chutney),,,,INDIAN_RECIPE,,PER_100_G,tablespoon,1,1 tablespoon,,,298.13,2.43,69.17,0.7,3.74,61.86,,0.15,,0.0,437.91,654.54,72.05,3.98,77.6,0.25,5.17,,,,,6345.34,94.42,334.87,HIGH,0,"Nutrition values are per 100 g based on Anuvaad INDB documentation. The supplied CSVs do not contain serving weights/volumes, so none were invented."
64077330307131873,indian-food-0e3a5fe0f1ca9e167d528550b0cb224c,Anuvaad INDB + Indian_Food_Nutrition_Processed,INDB:0526,Dry masala chops,dry masala chops,,,,INDIAN_RECIPE,,PER_100_G,chops,1,1 chops,,,135.07,9.08,3.3,9.54,0.86,2.27,,0.82,,2.24,83.47,219.97,112.25,1.39,10.66,1.87,15.19,,,,,162.73,871.28,2214.07,HIGH,0,"Nutrition values are per 100 g based on Anuvaad INDB documentation. The supplied CSVs do not contain serving weights/volumes, so none were invented."
986522996126932708,indian-food-db0d5702ae65ee49d6c3a9894ad7fab3,Anuvaad INDB + Indian_Food_Nutrition_Processed,INDB:0162,Dry potato (Sookhe aloo),dry potato (sookhe aloo),,,,INDIAN_RECIPE,,PER_100_G,bowl,1,1 bowl,,,103.15,1.62,14.38,4.18,1.88,0.33,,0.5,,0.0,199.99,531.41,17.2,0.83,26.89,23.23,15.7,,,,,244.02,841.34,2550.76,HIGH,0,"Nutrition values are per 100 g based on Anuvaad INDB documentation. The supplied CSVs do not contain serving weights/volumes, so none were invented."
766573721272215627,indian-food-aa36abcee94684bf6773d279ce830929,Anuvaad INDB + Indian_Food_Nutrition_Processed,INDB:0140,Dry washed urad,dry washed urad,,,,INDIAN_RECIPE,,PER_100_G,bowl,1,1 bowl,,,124.71,6.85,15.66,3.5,4.06,0.73,,0.44,,0.0,295.79,384.33,27.08,1.89,57.16,1.46,40.3,,,,,355.22,671.86,2050.46,HIGH,0,"Nutrition values are per 100 g based on Anuvaad INDB documentation. The supplied CSVs do not contain serving weights/volumes, so none were invented."
1058051022112492706,indian-food-eaef3cc7f410ca2ff0c2a2de3fd8cb7e,Anuvaad INDB + Indian_Food_Nutrition_Processed,INDB:0584,Ducheese potato,ducheese potato,,,,INDIAN_RECIPE,,PER_100_G,potato,1,1 potato,,,140.54,3.6,10.94,9.01,1.29,0.29,,5.12,,85.15,103.85,423.33,18.1,0.76,20.3,7.23,8.71,,,,,232.15,2469.01,551.93,HIGH,0,"Nutrition values are per 100 g based on Anuvaad INDB documentation. The supplied CSVs do not contain serving weights/volumes, so none were invented."
213562685833071080,indian-food-2f6ba219a5bc9e8b64832466c0b16a9a,Anuvaad INDB + Indian_Food_Nutrition_Processed,INDB:0197,Dum aloo,dum aloo,,,,INDIAN_RECIPE,,PER_100_G,bowl,1,1 bowl,,,682.33,0.7,3.33,74.01,0.68,0.71,,9.07,,0.49,183.85,119.55,16.49,0.36,8.63,29.39,34.41,,,,,103.9,15158.94,46646.23,HIGH,0,"Nutrition values are per 100 g based on Anuvaad INDB documentation. The supplied CSVs do not contain serving weights/volumes, so none were invented."
674717071804518160,indian-food-95d139a1ccccf1059f33a7da8e638d85,Anuvaad INDB + Indian_Food_Nutrition_Processed,INDB:0713,Dundee cake,dundee cake,,,,INDIAN_RECIPE,,PER_100_G,piece,1,1 piece,,,396.62,7.78,41.4,22.7,1.81,21.3,,10.26,,111.12,182.74,169.79,58.11,1.57,19.42,0.07,9.22,,,,,200.45,5307.85,1159.95,HIGH,0,"Nutrition values are per 100 g based on Anuvaad INDB documentation. The supplied CSVs do not contain serving weights/volumes, so none were invented."
371993841432727936,indian-food-529966d893b1180722322bd38b35ac51,Anuvaad INDB + Indian_Food_Nutrition_Processed,INDB:0036,Egg and tomato sandwich (Ande aur tamatar ka sandwich),egg and tomato sandwich (ande aur tamatar ka sandwich),,,,INDIAN_RECIPE,,PER_100_G,triangle,1,1 triangle,,,222.11,7.66,25.9,10.51,1.77,2.09,,5.16,,95.63,423.26,150.47,95.71,1.3,18.11,1.98,16.33,,,,,790.67,2761.66,611.98,HIGH,0,"Nutrition values are per 100 g based on Anuvaad INDB documentation. The supplied CSVs do not contain serving weights/volumes, so none were invented."
698915193477546201,indian-food-9b30baa5b5a40d950658792095e6617a,Anuvaad INDB + Indian_Food_Nutrition_Processed,INDB:0557,Egg curry (Anda curry),egg curry (anda curry),,,,INDIAN_RECIPE,,PER_100_G,bowl,1,1 bowl,,,117.52,5.38,4.03,8.81,2.09,1.9,,1.68,,120.74,142.12,198.53,41.59,1.52,21.72,19.03,44.73,,,,,2257.77,2417.37,3865.28,HIGH,0,"Nutrition values are per 100 g based on Anuvaad INDB documentation. The supplied CSVs do not contain serving weights/volumes, so none were invented."
92573003073043727,indian-food-148e2a7e3f5bd0fde2fdc75fce32c3eb,Anuvaad INDB + Indian_Food_Nutrition_Processed,INDB:0671,Egg cutlet (Anda cutlet),egg cutlet (anda cutlet),,,,INDIAN_RECIPE,,PER_100_G,cutlet,1,1 cutlet,,,575.02,2.45,5.77,60.25,0.58,0.2,,7.46,,45.0,79.4,139.03,16.22,0.56,8.76,11.07,22.05,,,,,141.76,12535.33,37536.57,HIGH,0,"Nutrition values are per 100 g based on Anuvaad INDB documentation. The supplied CSVs do not contain serving weights/volumes, so none were invented."
703144875126915974,indian-food-9c21289db93838661587d9997242ca15,Anuvaad INDB + Indian_Food_Nutrition_Processed,INDB:0079,Egg drop soup,egg drop soup,,,,INDIAN_RECIPE,,PER_100_G,soup bowl,1,1 soup bowl,,,26.64,12.93,1.1,13.52,0.81,0.6,,0.93,,31.67,12418.84,346.42,100.14,3.93,39.39,8.51,28.19,,,,,63.91,583.38,160.37,HIGH,0,"Nutrition values are per 100 g based on Anuvaad INDB documentation. The supplied CSVs do not contain serving weights/volumes, so none were invented."
789161285238390117,indian-food-af3aa01fd1ffd65e8ec7abd9d746c7c5,Anuvaad INDB + Indian_Food_Nutrition_Processed,INDB:0274,Egg halwa (Ande ka halwa),egg halwa (ande ka halwa),,,,INDIAN_RECIPE,,PER_100_G,bowl,1,1 bowl,,,299.74,7.85,39.59,13.41,0.49,37.85,,5.54,,204.93,83.04,119.03,35.77,1.45,7.93,0.0,24.67,,,,,187.68,3406.17,883.44,HIGH,0,"Nutrition values are per 100 g based on Anuvaad INDB documentation. The supplied CSVs do not contain serving weights/volumes, so none were invented."
227456593828696178,indian-food-328169124fad072a3ade637858327cfa,Anuvaad INDB + Indian_Food_Nutrition_Processed,INDB:0853,Egg in a pepper,egg in a pepper,,,,INDIAN_RECIPE,,PER_100_G,egg,1,1 egg,,,128.78,12.64,0.17,8.68,0.17,0.05,,2.8,,345.88,183.89,144.67,48.25,1.76,12.83,33.6,290.24,,,,,288.45,3292.86,1101.69,HIGH,0,"Nutrition values are per 100 g based on Anuvaad INDB documentation. The supplied CSVs do not contain serving weights/volumes, so none were invented."
893866410935390552,indian-food-c67a6c3cc7511580a2c6dd922a8e3bbf,Anuvaad INDB + Indian_Food_Nutrition_Processed,INDB:0019,Egg nog,egg nog,,,,INDIAN_RECIPE,,PER_100_G,tall glass,1,1 tall glass,,,97.14,4.78,8.15,5.11,0.02,8.06,,2.63,,60.3,40.65,115.14,102.13,0.43,8.99,4.82,41.91,,,,,180.53,1536.21,299.55,HIGH,0,"Nutrition values are per 100 g based on Anuvaad INDB documentation. The supplied CSVs do not contain serving weights/volumes, so none were invented."
1013630689885377541,indian-food-e1123bdf40d540519510f50dc0e2c9ca,Anuvaad INDB + Indian_Food_Nutrition_Processed,INDB:0333,Egg pakora/pakoda (Ande ke pakode),egg pakora/pakoda (ande ke pakode),,,,INDIAN_RECIPE,,PER_100_G,plate,1,1 plate,,,710.51,2.83,4.48,75.86,0.86,0.19,,9.25,,28.39,75.37,37.75,9.55,0.47,6.16,0.01,121.37,,,,,33.79,15683.41,47655.87,HIGH,0,"Nutrition values are per 100 g based on Anuvaad INDB documentation. The supplied CSVs do not contain serving weights/volumes, so none were invented."
10819219429516253,indian-food-0267005d2d7e3dd28f9e6b6f8b1b2814,Anuvaad INDB + Indian_Food_Nutrition_Processed,INDB:0023,Egg sandwich (Ande ka sandwich),egg sandwich (ande ka sandwich),,,,INDIAN_RECIPE,,PER_100_G,triangle,1,1 triangle,,,285.96,8.69,29.16,15.8,1.88,1.86,,8.44,,121.63,461.67,129.59,110.13,1.44,18.88,0.0,14.92,,,,,134.03,4047.35,733.87,HIGH,0,"Nutrition values are per 100 g based on Anuvaad INDB documentation. The supplied CSVs do not contain serving weights/volumes, so none were invented."
191197246105658665,indian-food-2a744e1e02925297a36301edabeb12b5,Anuvaad INDB + Indian_Food_Nutrition_Processed,INDB:0937,Egg sauce,egg sauce,,,,INDIAN_RECIPE,,PER_100_G,,,,,,146.85,5.97,5.88,11.08,0.12,3.19,,6.17,,111.08,51.54,117.22,89.49,0.65,9.73,,,,,,,225.95,3162.08,607.3,HIGH,0,"Nutrition values are per 100 g based on Anuvaad INDB documentation. The supplied CSVs do not contain serving weights/volumes, so none were invented."
716326877987616391,indian-food-9f0e78011843687519433710d1c0e69e,Anuvaad INDB + Indian_Food_Nutrition_Processed,INDB:0392,Eggless cake,eggless cake,,,,INDIAN_RECIPE,,PER_100_G,slice,1,1 slice,,,318.08,8.12,46.14,11.75,0.68,27.7,,7.31,,27.68,310.5,273.62,212.97,0.61,26.53,1.35,7.58,,,,,203.34,2982.65,474.96,HIGH,0,"Nutrition values are per 100 g based on Anuvaad INDB documentation. The supplied CSVs do not contain serving weights/volumes, so none were invented."
1003018595811358086,indian-food-deb701942727586d74b4f3a8080a5ba5,Anuvaad INDB + Indian_Food_Nutrition_Processed,INDB:0492,Eggplant/Brinjal rice (Vangi bhat),eggplant/brinjal rice (vangi bhat),,,,INDIAN_RECIPE,,PER_100_G,plate,1,1 plate,,,184.8,5.28,31.74,3.67,4.44,4.36,,0.55,,0.0,59.06,305.33,36.02,1.91,46.75,3.23,77.11,,,,,372.78,1420.41,1411.9,HIGH,0,"Nutrition values are per 100 g based on Anuvaad INDB documentation. The supplied CSVs do not contain serving weights/volumes, so none were invented."
209927276135844590,indian-food-2e9cfbed2be0aeeeaf7b5e58183c9633,Anuvaad INDB + Indian_Food_Nutrition_Processed,INDB:0003,Espreso coffee,espreso coffee,,,,INDIAN_RECIPE,,PER_100_G,tea cup,1,1 tea cup,,,51.54,1.75,6.62,2.14,0.0,6.53,,1.29,,0.0,13.98,103.86,58.1,0.15,8.57,1.51,5.53,,,,,94.64,580.16,66.21,HIGH,0,"Nutrition values are per 100 g based on Anuvaad INDB documentation. The supplied CSVs do not contain serving weights/volumes, so none were invented."
592953247834357354,indian-food-83a97d65994be6a7a4f7d43b5552b56b,Anuvaad INDB + Indian_Food_Nutrition_Processed,INDB:0836,Fermented bamboo shoot pickle (Mesu pickle),fermented bamboo shoot pickle (mesu pickle),,,,INDIAN_RECIPE,,PER_100_G,jar,1,1 jar,,,59.83,1.58,1.73,5.59,2.24,0.29,,0.67,,0.0,161.31,434.41,16.62,0.69,11.25,19.87,23.14,,,,,402.63,3010.48,1274.42,HIGH,0,"Nutrition values are per 100 g based on Anuvaad INDB documentation. The supplied CSVs do not contain serving weights/volumes, so none were invented."
7396687552717138,indian-food-01a473f86182152949e631f6b14a26a8,Anuvaad INDB + Indian_Food_Nutrition_Processed,INDB:0767,Fermented bengal gram vada (Khameerikrit/Ufna hua channa dal ka vada),fermented bengal gram vada (khameerikrit/ufna hua channa dal ka vada),,,,INDIAN_RECIPE,,PER_100_G,vada,1,1 vada,,,657.57,4.05,8.68,67.19,2.65,0.35,,8.08,,0.0,63.87,267.47,20.5,1.38,36.88,3.95,38.78,,,,,1435.37,13743.12,42453.15,HIGH,0,"Nutrition values are per 100 g based on Anuvaad INDB documentation. The supplied CSVs do not contain serving weights/volumes, so none were invented."
632900334920718600,indian-food-8c88380592cd908608b6b7de4d8e1bf2,Anuvaad INDB + Indian_Food_Nutrition_Processed,INDB:0128,Fettuccine with spinach sauce,fettuccine with spinach sauce,,,,INDIAN_RECIPE,,PER_100_G,plate,1,1 plate,,,129.21,3.1,12.19,7.83,0.77,1.18,,2.9,,10.29,153.59,247.35,53.67,1.28,34.19,38.37,170.92,,,,,2774.57,3757.31,628.94,HIGH,0,"Nutrition values are per 100 g based on Anuvaad INDB documentation. The supplied CSVs do not contain serving weights/volumes, so none were invented."
655478480991364242,indian-food-918ba34a1672492c6cbcd6c24c71cdb6,Anuvaad INDB + Indian_Food_Nutrition_Processed,INDB:0815,Finger millet biscuit (Ragi biscuit),finger millet biscuit (ragi biscuit),,,,INDIAN_RECIPE,,PER_100_G,biscuit,1,1 biscuit,,,458.56,4.03,52.69,25.79,5.97,16.9,,15.87,,64.19,98.24,247.17,207.04,2.54,78.66,0.0,13.87,,,,,265.49,6613.29,1082.5,HIGH,0,"Nutrition values are per 100 g based on Anuvaad INDB documentation. The supplied CSVs do not contain serving weights/volumes, so none were invented."
940627920971120101,indian-food-d0dc81c474c3de54b5b321453bb7bda5,Anuvaad INDB + Indian_Food_Nutrition_Processed,INDB:0903,Finger millet cake (Ragi cake),finger millet cake (ragi cake),,,,INDIAN_RECIPE,,PER_100_G,slice,1,1 slice,,,279.46,3.96,38.93,12.27,2.35,24.76,,7.52,,25.2,98.26,191.33,118.38,1.35,49.57,0.76,11.41,,,,,186.4,3192.04,514.95,HIGH,0,"Nutrition values are per 100 g based on Anuvaad INDB documentation. The supplied CSVs do not contain serving weights/volumes, so none were invented."
185406689239934127,indian-food-292b266cb20a4afee7adee01c5ca04bc,Anuvaad INDB + Indian_Food_Nutrition_Processed,INDB:0228,Fish curry (Machli curry),fish curry (machli curry),,,,INDIAN_RECIPE,,PER_100_G,bowl,1,1 bowl,,,111.13,8.76,3.77,6.69,1.89,2.02,,1.59,,19.22,184.71,241.98,52.06,1.09,24.11,22.48,40.45,,,,,1231.96,2191.97,3792.81,HIGH,0,"Nutrition values are per 100 g based on Anuvaad INDB documentation. The supplied CSVs do not contain serving weights/volumes, so none were invented."
1045688369798890281,indian-food-e830808339ec329ee29b669d42fdbfb0,Anuvaad INDB + Indian_Food_Nutrition_Processed,INDB:0345,Fish cutlet (Machli ka cutlet),fish cutlet (machli ka cutlet),,,,INDIAN_RECIPE,,PER_100_G,cutlet,1,1 cutlet,,,654.64,2.77,3.13,70.11,0.54,0.29,,8.67,,11.02,75.33,109.15,10.44,0.36,9.02,10.46,19.06,,,,,94.29,14398.96,44047.34,HIGH,0,"Nutrition values are per 100 g based on Anuvaad INDB documentation. The supplied CSVs do not contain serving weights/volumes, so none were invented."
624226172742721460,indian-food-8a9b26595d4dfb44f5ff93aae465efbc,Anuvaad INDB + Indian_Food_Nutrition_Processed,INDB:0549,Fish finger,fish finger,,,,INDIAN_RECIPE,,PER_100_G,fillet,1,1 fillet,,,542.9,5.66,4.47,55.82,0.34,0.17,,7.27,,30.0,103.55,135.39,11.38,0.38,12.17,14.13,34.81,,,,,47.23,11528.49,34548.42,HIGH,0,"Nutrition values are per 100 g based on Anuvaad INDB documentation. The supplied CSVs do not contain serving weights/volumes, so none were invented."
666737733404764721,indian-food-940ba6f9df0aa3124d7edffd4fb026ed,Anuvaad INDB + Indian_Food_Nutrition_Processed,INDB:0550,Fish in coconut milk (Nariyal ke doodh ke saath machli),fish in coconut milk (nariyal ke doodh ke saath machli),,,,INDIAN_RECIPE,,PER_100_G,dish,1,1 dish,,,86.21,8.66,2.73,4.43,1.52,1.55,,2.12,,17.13,73.93,190.38,21.94,0.91,23.46,10.71,38.0,,,,,279.51,492.67,1035.87,HIGH,0,"Nutrition values are per 100 g based on Anuvaad INDB documentation. The supplied CSVs do not contain serving weights/volumes, so none were invented."
68179923951111031,indian-food-0f2394793eb4b77a7b3a31d174696c2f,Anuvaad INDB + Indian_Food_Nutrition_Processed,INDB:0846,Fish orly,fish orly,,,,INDIAN_RECIPE,,PER_100_G,fillet,1,1 fillet,,,563.7,5.87,4.27,58.18,0.33,0.24,,7.58,,11.78,136.37,94.43,9.55,0.31,11.85,1.35,12.83,,,,,130.43,11930.07,36197.39,HIGH,0,"Nutrition values are per 100 g based on Anuvaad INDB documentation. The supplied CSVs do not contain serving weights/volumes, so none were invented."
600946757942636515,indian-food-856fde47417efe34615deae034ac3332,Anuvaad INDB + Indian_Food_Nutrition_Processed,INDB:0667,Fish pakora/pakoda,fish pakora/pakoda,,,,INDIAN_RECIPE,,PER_100_G,pakora,1,1 pakora,,,577.03,5.97,4.55,59.52,0.96,0.22,,7.23,,9.04,112.24,95.62,12.65,0.63,13.44,0.14,11.02,,,,,16.84,12183.87,37563.48,HIGH,0,"Nutrition values are per 100 g based on Anuvaad INDB documentation. The supplied CSVs do not contain serving weights/volumes, so none were invented."
105867194364095453,indian-food-1781da701706bdd625a4ab019dc800ce,Anuvaad INDB + Indian_Food_Nutrition_Processed,INDB:0553,Fish pie,fish pie,,,,INDIAN_RECIPE,,PER_100_G,pie,1,1 pie,,,120.9,9.25,7.74,5.77,0.76,1.13,,3.35,,23.97,101.8,316.28,36.15,0.46,24.55,27.02,37.04,,,,,183.6,1359.11,552.32,HIGH,0,"Nutrition values are per 100 g based on Anuvaad INDB documentation. The supplied CSVs do not contain serving weights/volumes, so none were invented."
803210062985167660,indian-food-b25934bf440032c683e614d46244f413,Anuvaad INDB + Indian_Food_Nutrition_Processed,INDB:0813,Fish sandwich,fish sandwich,,,,INDIAN_RECIPE,,PER_100_G,sandwich,1,1 sandwich,,,150.2,4.72,10.09,10.37,1.23,1.04,,1.84,,8.41,161.88,103.87,47.28,0.69,16.13,3.89,39.29,,,,,35.66,5610.9,2397.35,HIGH,0,"Nutrition values are per 100 g based on Anuvaad INDB documentation. The supplied CSVs do not contain serving weights/volumes, so none were invented."
828030974724972943,indian-food-b7dc1c8cf80a18fbe6e61a01e7ff55e0,Anuvaad INDB + Indian_Food_Nutrition_Processed,INDB:0555,Fish souffle,fish souffle,,,,INDIAN_RECIPE,,PER_100_G,dish,1,1 dish,,,139.71,10.51,5.14,8.55,0.19,2.09,,4.63,,84.69,92.45,167.34,63.87,0.59,18.5,2.41,45.24,,,,,144.69,2325.81,708.1,HIGH,0,"Nutrition values are per 100 g based on Anuvaad INDB documentation. The supplied CSVs do not contain serving weights/volumes, so none were invented."
612896460206645135,indian-food-881721552b61f8fbb7629decb6002faf,Anuvaad INDB + Indian_Food_Nutrition_Processed,INDB:0233,Fish tikka,fish tikka,,,,INDIAN_RECIPE,,PER_100_G,piece,1,1 piece,,,117.33,16.0,3.91,4.15,1.18,1.18,,0.81,,32.73,503.44,296.43,31.98,1.41,35.5,0.9,4.62,,,,,160.26,800.24,2221.32,HIGH,0,"Nutrition values are per 100 g based on Anuvaad INDB documentation. The supplied CSVs do not contain serving weights/volumes, so none were invented."
186342411243820188,indian-food-296056f8cc7149caae032858114e2758,Anuvaad INDB + Indian_Food_Nutrition_Processed,INDB:0950,Flaky pastry,flaky pastry,,,,INDIAN_RECIPE,,PER_100_G,,,,,,443.94,4.69,33.61,31.99,1.25,0.81,,3.85,,0.0,178.52,67.37,9.28,0.83,14.23,,,,,,,122.17,6516.13,20204.98,HIGH,0,"Nutrition values are per 100 g based on Anuvaad INDB documentation. The supplied CSVs do not contain serving weights/volumes, so none were invented."
804243937678376718,indian-food-b293f99aa14bf0e6855c8402adaa0fc6,Anuvaad INDB + Indian_Food_Nutrition_Processed,INDB:0734,Flan pastry,flan pastry,,,,INDIAN_RECIPE,,PER_100_G,pastry,1,1 pastry,,,445.8,6.72,47.84,25.04,1.58,6.22,,15.34,,102.33,193.23,97.91,21.85,1.15,19.16,0.0,7.11,,,,,338.79,6417.32,1133.32,HIGH,0,"Nutrition values are per 100 g based on Anuvaad INDB documentation. The supplied CSVs do not contain serving weights/volumes, so none were invented."
252020719930377148,indian-food-37f5b826f7d03bc0c408a2c6609bef4b,Anuvaad INDB + Indian_Food_Nutrition_Processed,INDB:0343,Flattened rice cutlet (Chirwa cutlet/Chivda cutlet/Poha cutlet),flattened rice cutlet (chirwa cutlet/chivda cutlet/poha cutlet),,,,INDIAN_RECIPE,,PER_100_G,cutlet,1,1 cutlet,,,701.71,1.76,7.39,73.89,0.86,0.27,,9.02,,6.9,76.65,119.47,9.17,0.59,14.57,12.63,23.98,,,,,96.7,15491.97,46275.86,HIGH,0,"Nutrition values are per 100 g based on Anuvaad INDB documentation. The supplied CSVs do not contain serving weights/volumes, so none were invented."
214284043484403583,indian-food-2f94a33c4ec177f8f347c6659b0f474e,Anuvaad INDB + Indian_Food_Nutrition_Processed,INDB:0439,Flavoured milkshake,flavoured milkshake,,,,INDIAN_RECIPE,,PER_100_G,tall glass,1,1 tall glass,,,66.78,2.06,8.65,2.83,0.0,8.61,,1.71,,0.0,16.34,72.89,75.05,0.11,5.33,3.62,12.65,,,,,126.32,766.74,87.16,HIGH,0,"Nutrition values are per 100 g based on Anuvaad INDB documentation. The supplied CSVs do not contain serving weights/volumes, so none were invented."
489406145382003312,indian-food-6cab84bd66332708c09a5d0184436813,Anuvaad INDB + Indian_Food_Nutrition_Processed,INDB:0603,French dressing,french dressing,,,,INDIAN_RECIPE,,PER_100_G,cup,1,1 cup,,,733.77,0.32,3.68,79.65,0.22,3.01,,11.39,,0.0,261.13,27.43,6.98,0.48,4.54,6.42,1.95,,,,,20.39,58150.57,6582.82,HIGH,0,"Nutrition values are per 100 g based on Anuvaad INDB documentation. The supplied CSVs do not contain serving weights/volumes, so none were invented."
1149091086247510288,indian-food-ff264413a59c110edb444a7c72e019fa,Anuvaad INDB + Indian_Food_Nutrition_Processed,INDB:0457,French omelette/omlet,french omelette/omlet,,,,INDIAN_RECIPE,,PER_100_G,egg,1,1 egg,,,211.04,10.03,0.41,18.86,0.38,0.1,,9.85,,300.44,381.85,133.09,46.35,1.58,13.26,0.48,25.79,,,,,611.11,5638.23,1280.56,HIGH,0,"Nutrition values are per 100 g based on Anuvaad INDB documentation. The supplied CSVs do not contain serving weights/volumes, so none were invented."
45703598375301681,indian-food-0a25f2e3a1df231563030f0d7d9887d3,Anuvaad INDB + Indian_Food_Nutrition_Processed,INDB:0081,French onion soup,french onion soup,,,,INDIAN_RECIPE,,PER_100_G,soup bowl,1,1 soup bowl,,,55.61,11.41,4.28,14.39,1.01,1.5,,2.42,,10.59,11202.89,320.67,106.22,3.52,37.54,5.35,24.85,,,,,53.65,995.75,166.59,HIGH,0,"Nutrition values are per 100 g based on Anuvaad INDB documentation. The supplied CSVs do not contain serving weights/volumes, so none were invented."
613450110459762320,indian-food-88369a01160d69010e2325e677505950,Anuvaad INDB + Indian_Food_Nutrition_Processed,INDB:0691,French sandwich (toasted),french sandwich (toasted),,,,INDIAN_RECIPE,,PER_100_G,sandwich,1,1 sandwich,,,186.75,6.82,14.82,11.51,1.37,1.82,,6.21,,104.86,274.68,153.54,100.73,1.24,18.82,6.66,29.24,,,,,1965.65,3085.76,618.92,HIGH,0,"Nutrition values are per 100 g based on Anuvaad INDB documentation. The supplied CSVs do not contain serving weights/volumes, so none were invented."
692049932254936079,indian-food-99aa7bf2ae37c0fb8dd3179a780dad21,Anuvaad INDB + Indian_Food_Nutrition_Processed,INDB:0590,Fricassee of Mushroom,fricassee of mushroom,,,,INDIAN_RECIPE,,PER_100_G,dish,1,1 dish,,,106.66,3.65,8.13,6.63,1.23,2.51,,4.0,,13.55,118.98,151.77,84.97,0.36,12.24,39.68,37.46,,,,,720.96,1679.32,301.91,HIGH,0,"Nutrition values are per 100 g based on Anuvaad INDB documentation. The supplied CSVs do not contain serving weights/volumes, so none were invented."
92497514099610325,indian-food-1489dffbe8392d583271c31d4a378653,Anuvaad INDB + Indian_Food_Nutrition_Processed,INDB:0227,Fried chicken with tomato sauce (Fried chicken tamatar ki chutney kay saath),fried chicken with tomato sauce (fried chicken tamatar ki chutney kay saath),,,,INDIAN_RECIPE,,PER_100_G,piece,1,1 piece,,,125.03,11.48,2.51,7.61,1.13,1.16,,0.88,,31.09,107.56,242.34,16.09,0.64,17.77,10.78,17.41,,,,,2774.02,1099.94,1993.2,HIGH,0,"Nutrition values are per 100 g based on Anuvaad INDB documentation. The supplied CSVs do not contain serving weights/volumes, so none were invented."
41239956882761491,indian-food-0928385b48ca7137fd187a0a8bdd0828,Anuvaad INDB + Indian_Food_Nutrition_Processed,INDB:0055,Fried Egg,fried egg,,,,INDIAN_RECIPE,,PER_100_G,egg,1,1 egg,,,223.67,11.59,0.31,19.62,0.29,0.0,,3.97,,316.88,446.96,133.13,46.4,1.69,12.75,0.0,24.77,,,,,136.1,5413.97,8405.42,HIGH,0,"Nutrition values are per 100 g based on Anuvaad INDB documentation. The supplied CSVs do not contain serving weights/volumes, so none were invented."
70363221196696564,indian-food-0f9fafa14ae6bf491c24238f9288d9a9,Anuvaad INDB + Indian_Food_Nutrition_Processed,INDB:0229,Fried fish (Indian style) (Tali hui machli),fried fish (indian style) (tali hui machli),,,,INDIAN_RECIPE,,PER_100_G,piece,1,1 piece,,,658.54,4.35,5.4,68.88,0.61,0.4,,8.34,,6.57,156.94,75.49,11.11,0.56,10.23,7.22,35.19,,,,,41.26,14107.74,43531.64,HIGH,0,"Nutrition values are per 100 g based on Anuvaad INDB documentation. The supplied CSVs do not contain serving weights/volumes, so none were invented."
1121013822003142931,indian-food-f8ea421b8cce113b5f65eeb9fb3b35f8,Anuvaad INDB + Indian_Food_Nutrition_Processed,INDB:0230,Fried fish and Chips (English Style) (Tali hui machli aur chips),fried fish and chips (english style) (tali hui machli aur chips),,,,INDIAN_RECIPE,,PER_100_G,fillet,1,1 fillet,,,651.75,3.36,2.77,69.69,0.29,0.17,,8.7,,12.51,72.73,90.72,6.56,0.26,8.05,22.16,31.65,,,,,202.62,14320.4,43724.44,HIGH,0,"Nutrition values are per 100 g based on Anuvaad INDB documentation. The supplied CSVs do not contain serving weights/volumes, so none were invented."
586245254437191987,indian-food-822c2f3edfcc13384b8b249e09aa2e03,Anuvaad INDB + Indian_Food_Nutrition_Processed,INDB:0602,Frozen frosty fruit salad (Phalon ka salaad),frozen frosty fruit salad (phalon ka salaad),,,,INDIAN_RECIPE,,PER_100_G,slice,1,1 slice,,,103.51,1.68,15.61,4.17,0.26,14.38,,2.5,,26.33,13.23,103.47,28.61,0.41,7.96,33.45,20.91,,,,,155.03,1138.4,210.76,HIGH,0,"Nutrition values are per 100 g based on Anuvaad INDB documentation. The supplied CSVs do not contain serving weights/volumes, so none were invented."
873613082500877396,indian-food-c1fb2784d994c54fb296099365cee617,Anuvaad INDB + Indian_Food_Nutrition_Processed,INDB:0635,Fruit delight,fruit delight,,,,INDIAN_RECIPE,,PER_100_G,small mould,1,1 small mould,,,107.09,2.09,9.11,7.09,0.09,9.03,,4.38,,12.28,17.27,96.94,71.69,0.15,6.93,7.74,19.39,,,,,145.51,2010.4,213.0,HIGH,0,"Nutrition values are per 100 g based on Anuvaad INDB documentation. The supplied CSVs do not contain serving weights/volumes, so none were invented."
1003912176523896566,indian-food-dee9cce3b6566f63beeb7ddab960da72,Anuvaad INDB + Indian_Food_Nutrition_Processed,INDB:0735,Fruit flan,fruit flan,,,,INDIAN_RECIPE,,PER_100_G,flan,1,1 flan,,,261.35,3.3,34.71,12.48,0.71,9.52,,7.67,,49.52,110.04,73.84,19.28,0.61,11.26,3.3,33.99,,,,,163.09,3209.99,550.54,HIGH,0,"Nutrition values are per 100 g based on Anuvaad INDB documentation. The supplied CSVs do not contain serving weights/volumes, so none were invented."
585063221980810779,indian-food-81e8fe68d4fce1b1770a9ac7ce57963b,Anuvaad INDB + Indian_Food_Nutrition_Processed,INDB:0283,Fruit Ice cream (Phalon ka Ice cream),fruit ice cream (phalon ka ice cream),,,,INDIAN_RECIPE,,PER_100_G,ice-cream cup,1,1 ice-cream cup,,,171.46,4.37,16.05,10.38,0.33,14.03,,5.38,,17.12,38.78,119.98,93.35,0.36,6.73,4.02,15.6,,,,,145.99,2147.27,263.88,HIGH,0,"Nutrition values are per 100 g based on Anuvaad INDB documentation. The supplied CSVs do not contain serving weights/volumes, so none were invented."
460618397515661985,indian-food-66471fdf8ee42a1edbde1a7f6baeffca,Anuvaad INDB + Indian_Food_Nutrition_Processed,INDB:0387,Fruit Loaf,fruit loaf,,,,INDIAN_RECIPE,,PER_100_G,slice,1,1 slice,,,324.19,5.36,46.49,13.31,0.87,24.54,,7.83,,90.0,160.6,116.78,45.71,0.96,13.06,2.47,7.82,,,,,209.18,3557.26,687.25,HIGH,0,"Nutrition values are per 100 g based on Anuvaad INDB documentation. The supplied CSVs do not contain serving weights/volumes, so none were invented."
516675250939941363,indian-food-72b99673c82d1f374c70962a5196664b,Anuvaad INDB + Indian_Food_Nutrition_Processed,INDB:0006,Fruit Punch (with fresh juices),fruit punch (with fresh juices),,,,INDIAN_RECIPE,,PER_100_G,tall glass,1,1 tall glass,,,36.12,0.14,9.38,0.03,0.06,9.25,,0.01,,0.0,2.63,33.43,5.07,0.1,3.2,41.44,24.57,,,,,45.53,1.3,10.08,HIGH,0,"Nutrition values are per 100 g based on Anuvaad INDB documentation. The supplied CSVs do not contain serving weights/volumes, so none were invented."
1130779769263703858,indian-food-fb1563582294732a29ce21b6ae49ee63,Anuvaad INDB + Indian_Food_Nutrition_Processed,INDB:0007,Fruit Punch (with squashes),fruit punch (with squashes),,,,INDIAN_RECIPE,,PER_100_G,tall glass,1,1 tall glass,,,23.13,0.07,5.99,0.02,0.17,5.88,,0.01,,0.0,2.26,16.65,3.3,0.06,1.88,15.08,9.13,,,,,55.69,1.63,7.07,HIGH,0,"Nutrition values are per 100 g based on Anuvaad INDB documentation. The supplied CSVs do not contain serving weights/volumes, so none were invented."
743102095077288693,indian-food-a50076b18ee2af502f8437f4c9cd8cc7,Anuvaad INDB + Indian_Food_Nutrition_Processed,INDB:0737,Fruit puree tart,fruit puree tart,,,,INDIAN_RECIPE,,PER_100_G,tart,1,1 tart,,,286.5,3.35,30.42,16.83,1.31,9.79,,10.47,,42.87,49.65,94.06,19.64,0.63,12.89,2.6,6.05,,,,,415.88,4419.59,674.31,HIGH,0,"Nutrition values are per 100 g based on Anuvaad INDB documentation. The supplied CSVs do not contain serving weights/volumes, so none were invented."
271223611593754616,indian-food-3c394700fbe87f83a85e950f93ca765b,Anuvaad INDB + Indian_Food_Nutrition_Processed,INDB:0247,Fruit salad (Phalon ka salaad),fruit salad (phalon ka salaad),,,,INDIAN_RECIPE,,PER_100_G,bowl,1,1 bowl,,,78.14,0.91,15.96,1.22,1.58,9.78,,0.68,,2.71,7.11,178.27,25.93,0.81,17.56,52.45,45.4,,,,,1660.97,271.85,165.14,HIGH,0,"Nutrition values are per 100 g based on Anuvaad INDB documentation. The supplied CSVs do not contain serving weights/volumes, so none were invented."
1038572566723991523,indian-food-e69c03f310c97e344bd3a39ec00c3c52,Anuvaad INDB + Indian_Food_Nutrition_Processed,INDB:0990,Garam masala,garam masala,,,,INDIAN_RECIPE,,PER_100_G,,,,,,254.21,9.89,26.2,10.97,35.56,1.79,,0.9,,0.0,58.33,1501.8,609.77,14.51,318.39,,,,,,,1088.7,5676.88,2164.46,HIGH,0,"Nutrition values are per 100 g based on Anuvaad INDB documentation. The supplied CSVs do not contain serving weights/volumes, so none were invented."
531136544990585858,indian-food-75ef9dfa3646402619bfc9749046b051,Anuvaad INDB + Indian_Food_Nutrition_Processed,INDB:0932,Garlic chickpea soup (Lahasun aur chane ka shoraba),garlic chickpea soup (lahasun aur chane ka shoraba),,,,INDIAN_RECIPE,,PER_100_G,soup bowl,1,1 soup bowl,,,89.53,4.45,13.92,2.01,2.84,2.65,,0.24,,0.0,79.73,177.33,13.93,0.96,18.79,13.24,380.59,,,,,711.01,811.06,650.3,HIGH,0,"Nutrition values are per 100 g based on Anuvaad INDB documentation. The supplied CSVs do not contain serving weights/volumes, so none were invented."
532261652306625866,indian-food-762f927194c854ae5f754bb662e9dc86,Anuvaad INDB + Indian_Food_Nutrition_Processed,INDB:0863,Garlic chutney/Poondu chutney (Lahasun ki chutney),garlic chutney/poondu chutney (lahasun ki chutney),,,,INDIAN_RECIPE,,PER_100_G,small bowl,1,1 small bowl,,,255.51,3.34,20.44,17.55,5.15,13.36,,2.12,,0.0,177.62,541.63,63.51,3.26,50.97,5.7,16.82,,,,,11518.02,3623.0,10862.43,HIGH,0,"Nutrition values are per 100 g based on Anuvaad INDB documentation. The supplied CSVs do not contain serving weights/volumes, so none were invented."
13429097182565732,indian-food-02fb5b1573895649d0f5318bc2681601,Anuvaad INDB + Indian_Food_Nutrition_Processed,INDB:0835,Garlic pickle (Lahasun ka achar),garlic pickle (lahasun ka achar),,,,INDIAN_RECIPE,,PER_100_G,jar,1,1 jar,,,413.62,3.72,9.75,39.88,5.13,2.32,,5.8,,0.0,269.12,311.08,54.66,1.82,33.55,7.33,15.98,,,,,392.45,14997.32,17239.78,HIGH,0,"Nutrition values are per 100 g based on Anuvaad INDB documentation. The supplied CSVs do not contain serving weights/volumes, so none were invented."
847933478483335452,indian-food-bc477019229191c3f0b9507c254fe67c,Anuvaad INDB + Indian_Food_Nutrition_Processed,INDB:0917,Garlic soup,garlic soup,,,,INDIAN_RECIPE,,PER_100_G,bowl,1,1 bowl,,,194.86,2.38,6.99,17.62,1.66,2.39,,6.46,,22.92,179.26,247.47,60.55,0.73,18.08,11.12,21.85,,,,,272.62,9024.43,1166.08,HIGH,0,"Nutrition values are per 100 g based on Anuvaad INDB documentation. The supplied CSVs do not contain serving weights/volumes, so none were invented."
645322924478164646,indian-food-8f4a5c7deefeea6b475537e9391c86d6,Anuvaad INDB + Indian_Food_Nutrition_Processed,INDB:0188,Ghiya/Lauki Kofta Curry,ghiya/lauki kofta curry,,,,INDIAN_RECIPE,,PER_100_G,bowl,1,1 bowl,,,638.71,0.89,2.71,69.4,0.83,0.82,,8.37,,0.23,91.43,60.75,11.64,0.33,6.58,21.87,87.12,,,,,489.5,14231.61,43896.56,HIGH,0,"Nutrition values are per 100 g based on Anuvaad INDB documentation. The supplied CSVs do not contain serving weights/volumes, so none were invented."
1103438846150552109,indian-food-f5033c8c82baa2dc82f2a39877ce31bd,Anuvaad INDB + Indian_Food_Nutrition_Processed,INDB:0323,Ghujia/Lavang latika,ghujia/lavang latika,,,,INDIAN_RECIPE,,PER_100_G,gunjia,1,1 gunjia,,,768.98,1.86,13.0,78.93,0.52,6.08,,11.41,,4.62,3.28,54.27,31.01,0.44,7.25,0.01,6.86,,,,,72.62,16215.63,47734.15,HIGH,0,"Nutrition values are per 100 g based on Anuvaad INDB documentation. The supplied CSVs do not contain serving weights/volumes, so none were invented."
990608618536905606,indian-food-dbf594a43552b861cf910271b66f4382,Anuvaad INDB + Indian_Food_Nutrition_Processed,INDB:0414,Ginger biscuit (Adarak ke biscuit),ginger biscuit (adarak ke biscuit),,,,INDIAN_RECIPE,,PER_100_G,biscuit,1,1 biscuit,,,417.91,5.98,58.44,18.31,1.49,27.06,,11.14,,81.73,79.68,106.42,25.97,2.2,17.59,0.0,1.59,,,,,256.33,4719.46,847.55,HIGH,0,"Nutrition values are per 100 g based on Anuvaad INDB documentation. The supplied CSVs do not contain serving weights/volumes, so none were invented."
998257696951395037,indian-food-dda86161d1662dd0dcfa233cd1c862bd,Anuvaad INDB + Indian_Food_Nutrition_Processed,INDB:0409,Ginger bread man,ginger bread man,,,,INDIAN_RECIPE,,PER_100_G,biscuit,1,1 biscuit,,,365.0,6.61,60.26,11.01,1.6,29.12,,6.4,,75.31,477.99,161.24,37.92,2.12,31.73,0.09,4.65,,,,,207.44,2895.71,639.54,HIGH,0,"Nutrition values are per 100 g based on Anuvaad INDB documentation. The supplied CSVs do not contain serving weights/volumes, so none were invented."
559858498619702547,indian-food-7c5045696b5fd13ec1f545957cd1bf65,Anuvaad INDB + Indian_Food_Nutrition_Processed,INDB:0982,Ginger candy (Adrak ki candy),ginger candy (adrak ki candy),,,,INDIAN_RECIPE,,PER_100_G,,,,,,195.71,0.69,50.38,0.27,1.67,47.99,,0.07,,0.0,5.4,129.45,10.43,0.68,17.99,,,,,,,102.81,21.24,119.06,HIGH,0,"Nutrition values are per 100 g based on Anuvaad INDB documentation. The supplied CSVs do not contain serving weights/volumes, so none were invented."
1115210896696591500,indian-food-f7a0666e33ec48c5ef01aa0688449ab9,Anuvaad INDB + Indian_Food_Nutrition_Processed,INDB:0545,Ginger chicken,ginger chicken,,,,INDIAN_RECIPE,,PER_100_G,bowl,1,1 bowl,,,129.17,8.24,5.6,8.24,1.21,1.95,,0.93,,19.24,365.86,228.87,18.41,0.96,19.98,49.96,64.3,,,,,319.87,1401.98,3515.07,HIGH,0,"Nutrition values are per 100 g based on Anuvaad INDB documentation. The supplied CSVs do not contain serving weights/volumes, so none were invented."
644961811602085342,indian-food-8f35d59ba3c15de97f184ff48ddcb18b,Anuvaad INDB + Indian_Food_Nutrition_Processed,INDB:0722,Gingerman biscuit,gingerman biscuit,,,,INDIAN_RECIPE,,PER_100_G,gingerman,1,1 gingerman,,,357.43,6.26,55.24,12.73,2.0,21.64,,7.02,,70.42,918.57,119.45,41.35,1.59,20.44,3.65,4.91,,,,,369.71,3359.65,814.95,HIGH,0,"Nutrition values are per 100 g based on Anuvaad INDB documentation. The supplied CSVs do not contain serving weights/volumes, so none were invented."
25423607802703068,indian-food-05a52a2f7fd2cdc9ad2da778c3de88e5,Anuvaad INDB + Indian_Food_Nutrition_Processed,INDB:0441,Gingo,gingo,,,,INDIAN_RECIPE,,PER_100_G,tall glass,1,1 tall glass,,,48.02,0.14,12.42,0.06,0.17,12.08,,0.01,,0.0,21.5,20.82,6.33,0.21,3.35,8.39,8.49,,,,,392.68,3.3,28.73,HIGH,0,"Nutrition values are per 100 g based on Anuvaad INDB documentation. The supplied CSVs do not contain serving weights/volumes, so none were invented."
707327308792749972,indian-food-9d0ee7094865f94b6e151e38b4d92443,Anuvaad INDB + Indian_Food_Nutrition_Processed,INDB:0952,Glace icing,glace icing,,,,INDIAN_RECIPE,,PER_100_G,,,,,,323.51,0.01,86.31,0.01,0.0,85.35,,0.0,,0.0,9.88,10.59,1.95,0.41,0.12,,,,,,,1.18,0.65,4.84,HIGH,0,"Nutrition values are per 100 g based on Anuvaad INDB documentation. The supplied CSVs do not contain serving weights/volumes, so none were invented."
490123317915465249,indian-food-6cd448f947cb6211cf3a3ee0d631bd9e,Anuvaad INDB + Indian_Food_Nutrition_Processed,INDB:0859,Gobi 65,gobi 65,,,,INDIAN_RECIPE,,PER_100_G,plate,1,1 plate,,,278.29,0.56,3.59,29.11,0.57,0.29,,3.55,,0.29,69.22,56.39,12.37,0.3,5.75,27.52,37.66,,,,,614.01,5967.12,18366.84,HIGH,0,"Nutrition values are per 100 g based on Anuvaad INDB documentation. The supplied CSVs do not contain serving weights/volumes, so none were invented."
251905858360366523,indian-food-37ef30b2468d5bb14095de2cd824e3e1,Anuvaad INDB + Indian_Food_Nutrition_Processed,INDB:0681,Gooseberry chutney (Amla chutney),gooseberry chutney (amla chutney),,,,INDIAN_RECIPE,,PER_100_G,tablespoon,1,1 tablespoon,,,43.02,1.44,8.83,0.62,4.58,0.06,,0.08,,0.0,215.09,269.12,46.4,1.22,22.58,4.84,2.23,,,,,2238.97,46.43,326.68,HIGH,0,"Nutrition values are per 100 g based on Anuvaad INDB documentation. The supplied CSVs do not contain serving weights/volumes, so none were invented."
386934025645331545,indian-food-55eaa723e1a14592c0d6691fab759ad2,Anuvaad INDB + Indian_Food_Nutrition_Processed,INDB:0981,Gooseberry marmalade (Amla murabba),gooseberry marmalade (amla murabba),,,,INDIAN_RECIPE,,PER_100_G,,,,,,123.16,0.14,32.34,0.03,0.0,28.61,,0.0,,0.0,216.89,64.52,16.4,0.38,0.96,,,,,,,2.45,0.0,0.0,HIGH,0,"Nutrition values are per 100 g based on Anuvaad INDB documentation. The supplied CSVs do not contain serving weights/volumes, so none were invented."
856289648503903503,indian-food-be226e603eb550f6a6edd13624adcd9f,Anuvaad INDB + Indian_Food_Nutrition_Processed,INDB:0832,Gooseberry pickle (Amla ka achaar),gooseberry pickle (amla ka achaar),,,,INDIAN_RECIPE,,PER_100_G,jar,1,1 jar,,,278.58,1.55,7.61,27.61,3.7,0.36,,3.12,,0.0,86.38,199.18,31.17,1.04,23.0,4.85,2.09,,,,,136.86,16017.13,6009.61,HIGH,0,"Nutrition values are per 100 g based on Anuvaad INDB documentation. The supplied CSVs do not contain serving weights/volumes, so none were invented."
57618554395786084,indian-food-0ccb3c51b3b7b64095306e2aa6a26707,Anuvaad INDB + Indian_Food_Nutrition_Processed,INDB:0420,Gram flour and semolina chilla/cheela/savory pancake (Besan suji chilla/cheela),gram flour and semolina chilla/cheela/savory pancake (besan suji chilla/cheela),,,,INDIAN_RECIPE,,PER_100_G,cheela,1,1 cheela,,,758.89,2.08,7.63,80.04,1.39,0.25,,9.62,,0.0,74.88,87.35,12.13,0.67,13.08,3.8,34.83,,,,,828.15,16406.54,50664.04,HIGH,0,"Nutrition values are per 100 g based on Anuvaad INDB documentation. The supplied CSVs do not contain serving weights/volumes, so none were invented."
551599980791871607,indian-food-7a7ad4291363877af056af3a91958f4f,Anuvaad INDB + Indian_Food_Nutrition_Processed,INDB:0772,Gram flour and semolina dhokla (Besan suji dhokla),gram flour and semolina dhokla (besan suji dhokla),,,,INDIAN_RECIPE,,PER_100_G,piece,1,1 piece,,,198.91,8.52,25.92,7.1,4.59,2.58,,1.06,,1.39,196.59,262.4,66.66,1.6,38.17,6.55,76.09,,,,,1451.54,1443.33,4048.59,HIGH,0,"Nutrition values are per 100 g based on Anuvaad INDB documentation. The supplied CSVs do not contain serving weights/volumes, so none were invented."
286521078280007062,indian-food-3f9ed67138aad969321b013db45d6a29,Anuvaad INDB + Indian_Food_Nutrition_Processed,INDB:0316,Gram flour burfi (Besan burfi),gram flour burfi (besan burfi),,,,INDIAN_RECIPE,,PER_100_G,burfi,1,1 burfi,,,421.79,11.19,46.59,22.41,3.41,28.44,,12.69,,40.13,13.02,226.63,160.71,1.47,35.67,0.0,32.38,,,,,359.54,5819.96,1840.7,HIGH,0,"Nutrition values are per 100 g based on Anuvaad INDB documentation. The supplied CSVs do not contain serving weights/volumes, so none were invented."
989935078801833850,indian-food-dbcf4b592ae7f7adb3268401568a173a,Anuvaad INDB + Indian_Food_Nutrition_Processed,INDB:0881,Gram flour chilla/cheela (Besan chilla/cheela),gram flour chilla/cheela (besan chilla/cheela),,,,INDIAN_RECIPE,,PER_100_G,cheela,1,1 cheela,,,135.93,7.8,21.03,2.85,4.25,1.87,,0.37,,0.0,135.57,168.7,28.38,2.19,27.71,1.73,34.69,,,,,701.38,552.73,1552.41,HIGH,0,"Nutrition values are per 100 g based on Anuvaad INDB documentation. The supplied CSVs do not contain serving weights/volumes, so none were invented."
436690703952360210,indian-food-60f6fe1adcbb3127d4816f9936a56c4c,Anuvaad INDB + Indian_Food_Nutrition_Processed,INDB:0810,Gram flour halwa (Besan halwa),gram flour halwa (besan halwa),,,,INDIAN_RECIPE,,PER_100_G,piece,1,1 piece,,,276.79,5.88,25.78,17.3,1.82,15.83,,9.6,,33.12,15.4,128.25,77.42,0.67,20.44,1.66,51.61,,,,,372.89,4781.18,1277.19,HIGH,0,"Nutrition values are per 100 g based on Anuvaad INDB documentation. The supplied CSVs do not contain serving weights/volumes, so none were invented."
667394809642630315,indian-food-943100b19b03cabee09214d9dbe6ec31,Anuvaad INDB + Indian_Food_Nutrition_Processed,INDB:0319,Gram flour ladoo (Besan ladoo),gram flour ladoo (besan ladoo),,,,INDIAN_RECIPE,,PER_100_G,ladoo,1,1 ladoo,,,476.91,8.93,62.61,22.76,4.43,37.76,,12.66,,52.34,5.48,142.26,25.35,1.51,26.77,0.0,24.79,,,,,430.12,5835.77,1995.12,HIGH,0,"Nutrition values are per 100 g based on Anuvaad INDB documentation. The supplied CSVs do not contain serving weights/volumes, so none were invented."
686464757367802961,indian-food-986d00f4dbb8c518c43524c2df87210d,Anuvaad INDB + Indian_Food_Nutrition_Processed,INDB:0484,Gram flour poori (Besan poori),gram flour poori (besan poori),,,,INDIAN_RECIPE,,PER_100_G,poori,1,1 poori,,,697.66,2.59,10.93,71.51,1.94,0.35,,8.73,,0.73,58.33,54.35,7.09,0.71,18.52,0.0,11.18,,,,,40.89,14666.25,45080.36,HIGH,0,"Nutrition values are per 100 g based on Anuvaad INDB documentation. The supplied CSVs do not contain serving weights/volumes, so none were invented."
710619511050662563,indian-food-9dca0ae26a2f2a35d830877982b0147a,Anuvaad INDB + Indian_Food_Nutrition_Processed,INDB:0632,Grape and orange whip,grape and orange whip,,,,INDIAN_RECIPE,,PER_100_G,orange case,1,1 orange case,,,57.39,1.41,6.72,2.62,0.97,5.66,,1.6,,6.51,14.36,138.86,17.4,0.53,8.95,34.86,16.85,,,,,460.1,738.1,116.8,HIGH,0,"Nutrition values are per 100 g based on Anuvaad INDB documentation. The supplied CSVs do not contain serving weights/volumes, so none were invented."
897234461463143566,indian-food-c739dfd2bbfe48e30a833cf191d51adc,Anuvaad INDB + Indian_Food_Nutrition_Processed,INDB:0615,Grapes raita (Angoor ka raita),grapes raita (angoor ka raita),,,,INDIAN_RECIPE,,PER_100_G,bowl,1,1 bowl,,,72.59,3.98,9.66,2.07,0.71,8.51,,1.24,,6.93,135.64,247.92,134.52,0.26,17.07,10.55,22.88,,,,,100.44,533.47,129.36,HIGH,0,"Nutrition values are per 100 g based on Anuvaad INDB documentation. The supplied CSVs do not contain serving weights/volumes, so none were invented."
959127053641191076,indian-food-d4f80f93ec00ea46d5a5c9e7a23da33f,Anuvaad INDB + Indian_Food_Nutrition_Processed,INDB:0180,Gravy for kofta,gravy for kofta,,,,INDIAN_RECIPE,,PER_100_G,bowl,1,1 bowl,,,125.59,1.75,6.31,10.35,1.96,3.73,,1.43,,1.18,312.86,199.42,39.65,0.75,19.19,17.05,27.6,,,,,2403.21,2113.44,6283.28,HIGH,0,"Nutrition values are per 100 g based on Anuvaad INDB documentation. The supplied CSVs do not contain serving weights/volumes, so none were invented."
983592566536435051,indian-food-da66c3a5c1e756beddf9ac29a70fa548,Anuvaad INDB + Indian_Food_Nutrition_Processed,INDB:0111,Green chickpeas pulao (Choliya pulao/Hare chane ka pulao),green chickpeas pulao (choliya pulao/hare chane ka pulao),,,,INDIAN_RECIPE,,PER_100_G,plate,1,1 plate,,,173.43,4.88,27.57,4.82,3.15,2.48,,0.59,,0.0,170.05,164.6,18.94,0.95,21.62,5.43,301.13,,,,,36.02,1007.47,2846.6,HIGH,0,"Nutrition values are per 100 g based on Anuvaad INDB documentation. The supplied CSVs do not contain serving weights/volumes, so none were invented."
1149982653225427691,indian-food-ff58f21575ce2eb743c262e3585f0c64,Anuvaad INDB + Indian_Food_Nutrition_Processed,INDB:0872,Green chilli raita (Hari mirch ka raita),green chilli raita (hari mirch ka raita),,,,INDIAN_RECIPE,,PER_100_G,bowl,1,1 bowl,,,77.13,5.58,7.66,2.92,0.26,7.49,,1.84,,10.52,161.31,286.94,193.58,0.21,20.12,4.3,18.82,,,,,206.15,762.55,127.09,HIGH,0,"Nutrition values are per 100 g based on Anuvaad INDB documentation. The supplied CSVs do not contain serving weights/volumes, so none were invented."
742240658120486208,indian-food-a4cf7f22d1fad40ae0e4e698a3391aae,Anuvaad INDB + Indian_Food_Nutrition_Processed,INDB:0998,Green chilli sauce,green chilli sauce,,,,INDIAN_RECIPE,,PER_100_G,,,,,,46.06,1.25,7.36,0.27,1.77,5.36,,0.05,,0.0,1037.04,155.76,9.89,0.64,16.54,,,,,,,498.89,11.93,152.96,HIGH,0,"Nutrition values are per 100 g based on Anuvaad INDB documentation. The supplied CSVs do not contain serving weights/volumes, so none were invented."
784866012119458826,indian-food-ae4677ac8a8640a192b7833ffdf1d0d2,Anuvaad INDB + Indian_Food_Nutrition_Processed,INDB:0879,Green chutney,green chutney,,,,INDIAN_RECIPE,,PER_100_G,glass jar,1,1 glass jar,,,79.42,5.42,10.01,1.6,5.84,0.92,,0.23,,0.0,262.81,508.96,112.74,4.58,73.93,7.35,15.53,,,,,7902.35,302.7,691.27,HIGH,0,"Nutrition values are per 100 g based on Anuvaad INDB documentation. The supplied CSVs do not contain serving weights/volumes, so none were invented."
199176364864716257,indian-food-2c39dd93b6a3de13bd54cda4dde4549e,Anuvaad INDB + Indian_Food_Nutrition_Processed,INDB:0522,Green gram whole with baghar (Sabut moong dal with tadka),green gram whole with baghar (sabut moong dal with tadka),,,,INDIAN_RECIPE,,PER_100_G,bowl,1,1 bowl,,,63.43,3.23,6.8,2.48,3.02,0.15,,1.35,,5.45,181.69,192.66,25.04,1.0,32.57,0.48,45.28,,,,,197.72,620.47,232.59,HIGH,0,"Nutrition values are per 100 g based on Anuvaad INDB documentation. The supplied CSVs do not contain serving weights/volumes, so none were invented."
780528625268028740,indian-food-ad4fea6361ff544858953ea0b1106dc2,Anuvaad INDB + Indian_Food_Nutrition_Processed,INDB:0468,Green pea soup (Matar ka soup),green pea soup (matar ka soup),,,,INDIAN_RECIPE,,PER_100_G,bowl,1,1 bowl,,,39.81,11.06,3.63,12.9,2.49,0.87,,0.89,,4.16,10958.11,329.91,46.63,2.18,38.39,41.12,65.46,,,,,473.18,532.86,135.79,HIGH,0,"Nutrition values are per 100 g based on Anuvaad INDB documentation. The supplied CSVs do not contain serving weights/volumes, so none were invented."
1111079740693442685,indian-food-f6b59232d2a707d70e791e1fca111a9a,Anuvaad INDB + Indian_Food_Nutrition_Processed,INDB:0840,Green tomato pickle (Haray tamatar ka achaar),green tomato pickle (haray tamatar ka achaar),,,,INDIAN_RECIPE,,PER_100_G,jar,1,1 jar,,,193.26,1.23,2.87,19.67,1.74,0.77,,2.35,,0.0,159.18,205.63,14.22,0.77,16.01,8.21,7.15,,,,,550.97,4183.09,12197.64,HIGH,0,"Nutrition values are per 100 g based on Anuvaad INDB documentation. The supplied CSVs do not contain serving weights/volumes, so none were invented."
418630204543024626,indian-food-5cf45f3fa093df2f4459a1c78116798d,Anuvaad INDB + Indian_Food_Nutrition_Processed,INDB:0821,Greenpea cookies,greenpea cookies,,,,INDIAN_RECIPE,,PER_100_G,cookie,1,1 cookie,,,159.42,6.53,23.07,4.24,5.32,14.45,,0.39,,0.0,229.9,241.34,48.45,1.47,45.08,16.8,28.24,,,,,1412.17,2295.02,1200.33,HIGH,0,"Nutrition values are per 100 g based on Anuvaad INDB documentation. The supplied CSVs do not contain serving weights/volumes, so none were invented."
36465690108283743,indian-food-0818d5a1964cb5fe6b12cba11c41e3f4,Anuvaad INDB + Indian_Food_Nutrition_Processed,INDB:0978,Guava jelly (Amrood ki jelly),guava jelly (amrood ki jelly),,,,INDIAN_RECIPE,,PER_100_G,,,,,,115.74,1.11,28.18,0.25,6.61,27.38,,0.04,,0.0,3.36,218.85,16.55,0.29,12.2,,,,,,,766.15,27.48,135.38,HIGH,0,"Nutrition values are per 100 g based on Anuvaad INDB documentation. The supplied CSVs do not contain serving weights/volumes, so none were invented."
413283444908626650,indian-food-5bc471a7d5412da6c72fb03ea6672a89,Anuvaad INDB + Indian_Food_Nutrition_Processed,INDB:0614,Guava raita (Amarood ka raita),guava raita (amarood ka raita),,,,INDIAN_RECIPE,,PER_100_G,bowl,1,1 bowl,,,64.36,4.19,7.27,2.07,3.0,6.71,,1.23,,6.93,135.94,283.96,136.93,0.28,19.61,108.7,33.5,,,,,347.7,540.96,144.15,HIGH,0,"Nutrition values are per 100 g based on Anuvaad INDB documentation. The supplied CSVs do not contain serving weights/volumes, so none were invented."
272759844629829862,indian-food-3c909a23026d8e6b002773690edd9c5b,Anuvaad INDB + Indian_Food_Nutrition_Processed,INDB:0924,Gujarati handvo,gujarati handvo,,,,INDIAN_RECIPE,,PER_100_G,cake,1,1 cake,,,207.09,8.24,31.86,4.8,4.95,2.51,,0.87,,1.93,308.55,411.2,68.21,2.03,47.32,31.39,374.11,,,,,1162.55,1014.18,2444.65,HIGH,0,"Nutrition values are per 100 g based on Anuvaad INDB documentation. The supplied CSVs do not contain serving weights/volumes, so none were invented."
584504974028653273,indian-food-81c942d526d42d92111eadf0d205ba5a,Anuvaad INDB + Indian_Food_Nutrition_Processed,INDB:0324,Gulab Jamun with khoya,gulab jamun with khoya,,,,INDIAN_RECIPE,,PER_100_G,gulab jamun,1,1 gulab jamun,,,586.06,2.03,26.09,53.23,0.07,24.12,,7.52,,0.0,15.09,62.61,67.32,0.39,7.51,0.02,16.44,,,,,28.45,11074.91,32406.96,HIGH,0,"Nutrition values are per 100 g based on Anuvaad INDB documentation. The supplied CSVs do not contain serving weights/volumes, so none were invented."
1087346315671834920,indian-food-f1707b68d7311284823d2b9245c6548f,Anuvaad INDB + Indian_Food_Nutrition_Processed,INDB:0648,Gulab jamun with milk powder,gulab jamun with milk powder,,,,INDIAN_RECIPE,,PER_100_G,piece,1,1 piece,,,471.15,0.85,28.24,40.15,0.05,27.04,,5.03,,1.25,67.28,33.68,26.13,0.13,3.16,0.41,4.56,,,,,11.27,8263.67,25183.02,HIGH,0,"Nutrition values are per 100 g based on Anuvaad INDB documentation. The supplied CSVs do not contain serving weights/volumes, so none were invented."
533278248405076081,indian-food-76695bdd2a0887192539cee0be06ef07,Anuvaad INDB + Indian_Food_Nutrition_Processed,INDB:0955,Gum icing,gum icing,,,,INDIAN_RECIPE,,PER_100_G,,,,,,223.07,5.94,53.19,0.0,0.0,52.63,,0.0,,0.0,29.32,6.07,18.62,0.4,1.06,,,,,,,0.0,0.0,0.0,HIGH,0,"Nutrition values are per 100 g based on Anuvaad INDB documentation. The supplied CSVs do not contain serving weights/volumes, so none were invented."
1069546360510373317,indian-food-ed7cabf89085dc5c2642d8f15fe0b2dc,Anuvaad INDB + Indian_Food_Nutrition_Processed,INDB:0684,Gun powder chutney,gun powder chutney,,,,INDIAN_RECIPE,,PER_100_G,tablespoon,1,1 tablespoon,,,312.34,21.55,47.65,2.67,13.95,1.16,,0.37,,0.0,195.67,1183.29,68.87,5.14,166.84,0.02,14.27,,,,,8394.7,346.67,1234.67,HIGH,0,"Nutrition values are per 100 g based on Anuvaad INDB documentation. The supplied CSVs do not contain serving weights/volumes, so none were invented."
386400777629752996,indian-food-55cc575c38e5ea4355e6e33bee3ee225,Anuvaad INDB + Indian_Food_Nutrition_Processed,INDB:0259,Gunjia,gunjia,,,,INDIAN_RECIPE,,PER_100_G,gunjia,1,1 gunjia,,,667.34,2.98,5.68,70.28,1.13,2.05,,9.27,,2.36,77.9,154.16,48.16,0.5,17.83,0.51,19.06,,,,,42.55,14321.06,43565.33,HIGH,0,"Nutrition values are per 100 g based on Anuvaad INDB documentation. The supplied CSVs do not contain serving weights/volumes, so none were invented."
745138182636335549,indian-food-a57433aac9e71bdd87874e34a1387b94,Anuvaad INDB + Indian_Food_Nutrition_Processed,INDB:0907,Ham and Bean soup,ham and bean soup,,,,INDIAN_RECIPE,,PER_100_G,bowl,1,1 bowl,,,96.04,10.61,4.18,4.15,0.54,1.43,,0.87,,25.92,378.14,309.3,20.52,0.88,22.97,22.31,103.7,,,,,720.43,2297.71,634.53,HIGH,0,"Nutrition values are per 100 g based on Anuvaad INDB documentation. The supplied CSVs do not contain serving weights/volumes, so none were invented."
683980222594975969,indian-food-97dfc63792a88e13744a2c7136626e78,Anuvaad INDB + Indian_Food_Nutrition_Processed,INDB:0849,Handi chicken,handi chicken,,,,INDIAN_RECIPE,,PER_100_G,plate,1,1 plate,,,166.02,12.32,1.49,12.46,0.67,0.75,,1.4,,33.71,75.64,214.67,26.85,0.93,18.15,1.47,20.46,,,,,124.12,4941.92,1790.94,HIGH,0,"Nutrition values are per 100 g based on Anuvaad INDB documentation. The supplied CSVs do not contain serving weights/volumes, so none were invented."
245284729247551059,indian-food-3676d2963a0ce53b993659c0e11562b7,Anuvaad INDB + Indian_Food_Nutrition_Processed,INDB:0847,Hariyali Fish Tikka,hariyali fish tikka,,,,INDIAN_RECIPE,,PER_100_G,kebab,1,1 kebab,,,150.24,14.01,2.21,9.41,0.99,0.83,,5.26,,43.28,100.45,257.74,34.86,0.83,33.88,11.11,26.78,,,,,934.22,2264.02,986.02,HIGH,0,"Nutrition values are per 100 g based on Anuvaad INDB documentation. The supplied CSVs do not contain serving weights/volumes, so none were invented."
899123193382735596,indian-food-c7a53c7d6e48eec55e928ca80d8d14a4,Anuvaad INDB + Indian_Food_Nutrition_Processed,INDB:0239,Hawain salad,hawain salad,,,,INDIAN_RECIPE,,PER_100_G,bowl,1,1 bowl,,,175.23,4.27,14.35,11.37,3.93,5.24,,6.35,,4.24,64.92,204.64,61.03,1.12,27.74,51.75,123.62,,,,,2220.59,2596.9,469.2,HIGH,0,"Nutrition values are per 100 g based on Anuvaad INDB documentation. The supplied CSVs do not contain serving weights/volumes, so none were invented."
65862935903393203,indian-food-0e9fdfdc262d5b3193c15722a92abb6b,Anuvaad INDB + Indian_Food_Nutrition_Processed,INDB:0824,Hazelnut cookies,hazelnut cookies,,,,INDIAN_RECIPE,,PER_100_G,cookie,1,1 cookie,,,493.32,6.25,39.44,34.97,2.45,22.01,,12.71,,46.99,81.06,233.17,47.43,1.29,50.12,0.0,19.45,,,,,197.1,17542.1,2441.33,HIGH,0,"Nutrition values are per 100 g based on Anuvaad INDB documentation. The supplied CSVs do not contain serving weights/volumes, so none were invented."
182653980685580630,indian-food-288ead3e39339563787328b28f9e724e,Anuvaad INDB + Indian_Food_Nutrition_Processed,INDB:0515,Home made egg noodles,home made egg noodles,,,,INDIAN_RECIPE,,PER_100_G,curry bowl,1,1 curry bowl,,,240.84,6.55,42.92,4.37,1.6,1.03,,0.79,,38.27,177.24,90.12,15.96,1.15,18.54,0.0,30.08,,,,,164.61,2577.8,559.43,HIGH,0,"Nutrition values are per 100 g based on Anuvaad INDB documentation. The supplied CSVs do not contain serving weights/volumes, so none were invented."
775672803050976630,indian-food-ac3be4dffc8f57621a2005a049901033,Anuvaad INDB + Indian_Food_Nutrition_Processed,INDB:0999,Home made plain noodles,home made plain noodles,,,,INDIAN_RECIPE,,PER_100_G,,,,,,238.78,6.21,44.5,3.56,1.65,1.07,,0.5,,0.0,182.07,89.09,12.27,1.07,18.74,,,,,,,161.79,2301.6,460.66,HIGH,0,"Nutrition values are per 100 g based on Anuvaad INDB documentation. The supplied CSVs do not contain serving weights/volumes, so none were invented."
937750479369947104,indian-food-d038f17b2cc47e0da72dbc81268f0716,Anuvaad INDB + Indian_Food_Nutrition_Processed,INDB:0633,Honey banana cream,honey banana cream,,,,INDIAN_RECIPE,,PER_100_G,tall stemmed glass,1,1 tall stemmed glass,,,125.49,2.78,13.64,6.68,0.7,10.51,,4.12,,14.27,15.65,159.94,43.52,0.23,12.73,16.68,28.45,,,,,165.8,1887.34,234.75,HIGH,0,"Nutrition values are per 100 g based on Anuvaad INDB documentation. The supplied CSVs do not contain serving weights/volumes, so none were invented."
570108363475532502,indian-food-7e96e8938703ad67b9f12e480ad8236b,Anuvaad INDB + Indian_Food_Nutrition_Processed,INDB:0904,Honey cake,honey cake,,,,INDIAN_RECIPE,,PER_100_G,slice,1,1 slice,,,333.59,3.08,49.04,14.7,0.51,33.43,,2.18,,1.54,72.55,88.76,50.86,0.46,9.73,0.53,10.06,,,,,70.76,3049.27,8790.58,HIGH,0,"Nutrition values are per 100 g based on Anuvaad INDB documentation. The supplied CSVs do not contain serving weights/volumes, so none were invented."
394787408716380334,indian-food-57a910e7a5638ae47938b95f21a673c0,Anuvaad INDB + Indian_Food_Nutrition_Processed,INDB:0921,Horsegram dal (Kulthi dal),horsegram dal (kulthi dal),,,,INDIAN_RECIPE,,PER_100_G,bowl,1,1 bowl,,,55.65,2.91,8.21,1.13,1.52,0.72,,0.15,,0.0,63.63,173.06,38.22,1.3,23.01,13.98,86.1,,,,,795.68,239.4,668.43,HIGH,0,"Nutrition values are per 100 g based on Anuvaad INDB documentation. The supplied CSVs do not contain serving weights/volumes, so none were invented."
504252575369526002,indian-food-6ff770baff9faf2c42faa7cfce03cc20,Anuvaad INDB + Indian_Food_Nutrition_Processed,INDB:0082,Hot and sour soup,hot and sour soup,,,,INDIAN_RECIPE,,PER_100_G,soup bowl,1,1 soup bowl,,,31.51,3.12,1.78,1.31,0.6,0.66,,0.2,,17.91,163.26,93.43,10.68,0.43,7.53,24.59,39.83,,,,,595.21,223.12,125.98,HIGH,0,"Nutrition values are per 100 g based on Anuvaad INDB documentation. The supplied CSVs do not contain serving weights/volumes, so none were invented."
235597194537951753,indian-food-3450266728362099f558596f979601d7,Anuvaad INDB + Indian_Food_Nutrition_Processed,INDB:0378,Hot cheese souffle,hot cheese souffle,,,,INDIAN_RECIPE,,PER_100_G,bowl,1,1 bowl,,,177.1,9.18,5.41,13.23,0.12,2.91,,7.32,,149.14,286.96,130.84,169.17,0.83,13.38,2.41,66.94,,,,,186.13,3861.71,748.91,HIGH,0,"Nutrition values are per 100 g based on Anuvaad INDB documentation. The supplied CSVs do not contain serving weights/volumes, so none were invented."
497196930652917708,indian-food-6e665f962fb4fccb2307f0c8048ac1f6,Anuvaad INDB + Indian_Food_Nutrition_Processed,INDB:1004,Hot cherry sauce,hot cherry sauce,,,,INDIAN_RECIPE,,PER_100_G,,,,,,252.74,0.13,67.95,0.07,0.0,17.65,,0.02,,0.0,105.81,39.98,24.82,0.45,6.7,,,,,,,7.08,6.31,32.6,HIGH,0,"Nutrition values are per 100 g based on Anuvaad INDB documentation. The supplied CSVs do not contain serving weights/volumes, so none were invented."
948298544220932549,indian-food-d2908806d4f09c5c2caa1d2aa7f2787d,Anuvaad INDB + Indian_Food_Nutrition_Processed,INDB:0436,Hot chocolate,hot chocolate,,,,INDIAN_RECIPE,,PER_100_G,tea cup,1,1 tea cup,,,90.01,3.43,9.02,4.61,0.0,8.86,,2.78,,0.02,36.04,135.43,113.63,0.33,14.99,3.62,13.41,,,,,189.02,1265.72,148.24,HIGH,0,"Nutrition values are per 100 g based on Anuvaad INDB documentation. The supplied CSVs do not contain serving weights/volumes, so none were invented."
1072457205219227189,indian-food-ee2222561e67635425ed3e933d556741,Anuvaad INDB + Indian_Food_Nutrition_Processed,INDB:0309,Hot chocolate souffle,hot chocolate souffle,,,,INDIAN_RECIPE,,PER_100_G,bowl,1,1 bowl,,,226.09,6.7,26.21,11.1,0.12,22.88,,5.88,,138.51,54.11,125.67,60.19,1.08,17.64,0.9,30.6,,,,,149.6,3446.79,689.07,HIGH,0,"Nutrition values are per 100 g based on Anuvaad INDB documentation. The supplied CSVs do not contain serving weights/volumes, so none were invented."
1150243955726317468,indian-food-ff67cc8921b779ca5649af3dbbfce2ee,Anuvaad INDB + Indian_Food_Nutrition_Processed,INDB:0013,Hot cocoa,hot cocoa,,,,INDIAN_RECIPE,,PER_100_G,cup,1,1 cup,,,90.1,3.36,9.23,4.56,0.0,9.01,,2.75,,0.0,24.2,132.15,113.66,0.31,16.05,3.62,13.79,,,,,189.11,1257.17,139.48,HIGH,0,"Nutrition values are per 100 g based on Anuvaad INDB documentation. The supplied CSVs do not contain serving weights/volumes, so none were invented."
1064460422940252576,indian-food-ec5b91d6ad0d9a097e1b5ba4b2fe4936,Anuvaad INDB + Indian_Food_Nutrition_Processed,INDB:0380,Hot fish souffle,hot fish souffle,,,,INDIAN_RECIPE,,PER_100_G,bowl,1,1 bowl,,,142.92,11.23,3.69,9.24,0.1,1.68,,4.84,,122.69,110.94,165.04,58.18,0.7,17.68,2.41,70.97,,,,,137.65,2603.52,793.51,HIGH,0,"Nutrition values are per 100 g based on Anuvaad INDB documentation. The supplied CSVs do not contain serving weights/volumes, so none were invented."
719666834311627471,indian-food-9fcc52c3fc642cf2fccc788a20d5a90b,Anuvaad INDB + Indian_Food_Nutrition_Processed,INDB:0647,Hot lemon souffle,hot lemon souffle,,,,INDIAN_RECIPE,,PER_100_G,bowl,1,1 bowl,,,155.25,5.29,16.31,7.93,0.14,12.07,,4.13,,116.79,47.75,106.74,48.77,0.55,9.2,12.93,20.7,,,,,127.65,2335.07,566.49,HIGH,0,"Nutrition values are per 100 g based on Anuvaad INDB documentation. The supplied CSVs do not contain serving weights/volumes, so none were invented."
831343082725000008,indian-food-b8986210c4d4348299b3a9dbce4ef504,Anuvaad INDB + Indian_Food_Nutrition_Processed,INDB:0308,Hot orange souffle,hot orange souffle,,,,INDIAN_RECIPE,,PER_100_G,bowl,1,1 bowl,,,179.97,6.87,18.77,8.95,0.29,14.93,,4.45,,160.48,58.8,114.96,53.81,1.03,9.92,7.01,30.66,,,,,230.68,2758.38,667.97,HIGH,0,"Nutrition values are per 100 g based on Anuvaad INDB documentation. The supplied CSVs do not contain serving weights/volumes, so none were invented."
349301416471212453,indian-food-4d8f7c9a04eb1a5ea86cd0c171a82ccc,Anuvaad INDB + Indian_Food_Nutrition_Processed,INDB:0379,Hot potato souffle,hot potato souffle,,,,INDIAN_RECIPE,,PER_100_G,bowl,1,1 bowl,,,125.64,5.51,8.56,7.64,0.66,1.78,,3.98,,109.09,97.2,258.62,56.84,0.79,15.02,30.19,78.05,,,,,205.71,2264.81,535.02,HIGH,0,"Nutrition values are per 100 g based on Anuvaad INDB documentation. The supplied CSVs do not contain serving weights/volumes, so none were invented."
46463438801811332,indian-food-0a512405cd33784cf7b8a534e68f6896,Anuvaad INDB + Indian_Food_Nutrition_Processed,INDB:0381,Hot spinach souffle,hot spinach souffle,,,,INDIAN_RECIPE,,PER_100_G,bowl,1,1 bowl,,,104.25,5.43,4.19,7.24,0.99,1.64,,3.74,,100.84,104.69,311.73,80.77,1.67,39.49,47.83,272.44,,,,,3738.96,2105.57,567.08,HIGH,0,"Nutrition values are per 100 g based on Anuvaad INDB documentation. The supplied CSVs do not contain serving weights/volumes, so none were invented."
425241820222627996,indian-food-5e6c32eb602a09c5b3b2b12fcef9b71a,Anuvaad INDB + Indian_Food_Nutrition_Processed,INDB:0001,Hot tea (Garam Chai),hot tea (garam chai),,,,INDIAN_RECIPE,,PER_100_G,tea cup,1,1 tea cup,,,16.14,0.39,2.58,0.53,0.0,2.58,,0.32,,0.0,3.12,13.95,14.2,0.02,1.04,0.5,1.8,,,,,23.75,144.18,16.39,HIGH,0,"Nutrition values are per 100 g based on Anuvaad INDB documentation. The supplied CSVs do not contain serving weights/volumes, so none were invented."
119236425822918488,indian-food-1a79ce5c576575885bf2d59748b14d4d,Anuvaad INDB + Indian_Food_Nutrition_Processed,INDB:0310,Hot vanilla souffle,hot vanilla souffle,,,,INDIAN_RECIPE,,PER_100_G,bowl,1,1 bowl,,,192.93,6.87,21.77,9.07,0.13,18.17,,4.57,,153.55,59.59,105.25,63.2,0.93,9.22,0.9,28.8,,,,,164.85,2779.99,649.8,HIGH,0,"Nutrition values are per 100 g based on Anuvaad INDB documentation. The supplied CSVs do not contain serving weights/volumes, so none were invented."
918349175247894310,indian-food-cbea1b5926c7726231b666346384dae5,Anuvaad INDB + Indian_Food_Nutrition_Processed,INDB:0408,Ice box cookies,ice box cookies,,,,INDIAN_RECIPE,,PER_100_G,cookie,1,1 cookie,,,374.24,5.7,56.09,14.44,1.28,26.69,,8.7,,70.82,449.14,94.3,18.5,1.04,15.33,0.1,1.64,,,,,239.98,3729.12,721.62,HIGH,0,"Nutrition values are per 100 g based on Anuvaad INDB documentation. The supplied CSVs do not contain serving weights/volumes, so none were invented."
739445922666905706,indian-food-a430a261f2c006a19d3128770e9cebb1,Anuvaad INDB + Indian_Food_Nutrition_Processed,INDB:0004,Iced tea,iced tea,,,,INDIAN_RECIPE,,PER_100_G,tall glass,1,1 tall glass,,,10.34,0.03,2.7,0.01,0.0,2.7,,0.01,,0.0,0.23,5.22,1.18,0.02,0.39,5.95,1.28,,,,,0.22,0.0,5.47,HIGH,0,"Nutrition values are per 100 g based on Anuvaad INDB documentation. The supplied CSVs do not contain serving weights/volumes, so none were invented."
1138251459057474014,indian-food-fcbe1abda30d9de98c76817fe73f4398,Anuvaad INDB + Indian_Food_Nutrition_Processed,INDB:0131,Idli,idli,,,,INDIAN_RECIPE,,PER_100_G,idli,1,1 idli,,,137.54,4.64,28.18,0.33,2.31,0.28,,0.07,,0.0,100.83,158.13,8.0,0.68,25.44,0.0,2.95,,,,,41.87,44.49,138.65,HIGH,0,"Nutrition values are per 100 g based on Anuvaad INDB documentation. The supplied CSVs do not contain serving weights/volumes, so none were invented."
1027874964070497737,indian-food-e43bed57af07dc9c3e5d534cb84db653,Anuvaad INDB + Indian_Food_Nutrition_Processed,INDB:0532,Indian lamb and egg curry (Nargisi kofta),indian lamb and egg curry (nargisi kofta),,,,INDIAN_RECIPE,,PER_100_G,kofta,1,1 kofta,,,335.75,3.84,2.07,34.7,0.6,0.75,,5.01,,44.04,57.44,85.8,12.91,0.55,8.06,7.67,44.36,,,,,268.45,7559.21,20490.22,HIGH,0,"Nutrition values are per 100 g based on Anuvaad INDB documentation. The supplied CSVs do not contain serving weights/volumes, so none were invented."
156712225574929736,indian-food-22cc0f0595ac548cf9655112a644eb90,Anuvaad INDB + Indian_Food_Nutrition_Processed,INDB:0456,Indian style egg bhujia (Anda bhujia (Indian style)),indian style egg bhujia (anda bhujia (indian style)),,,,INDIAN_RECIPE,,PER_100_G,small bowl,1,1 small bowl,,,102.83,6.1,3.76,7.02,1.53,1.95,,1.6,,145.28,218.05,178.56,31.9,1.14,17.09,13.56,40.85,,,,,1770.17,2060.48,2570.74,HIGH,0,"Nutrition values are per 100 g based on Anuvaad INDB documentation. The supplied CSVs do not contain serving weights/volumes, so none were invented."
532827951968504640,indian-food-764fc33037b4b404c8f7bade602e1c28,Anuvaad INDB + Indian_Food_Nutrition_Processed,INDB:0002,Instant coffee,instant coffee,,,,INDIAN_RECIPE,,PER_100_G,tea cup,1,1 tea cup,,,23.16,0.64,3.65,0.75,0.0,3.62,,0.45,,0.0,4.92,44.5,20.87,0.06,3.63,1.51,5.6,,,,,33.33,202.33,23.0,HIGH,0,"Nutrition values are per 100 g based on Anuvaad INDB documentation. The supplied CSVs do not contain serving weights/volumes, so none were invented."
1048308958179853344,indian-food-e8c57717b2b8420871a93eb3f6aa3846,Anuvaad INDB + Indian_Food_Nutrition_Processed,INDB:0677,Instant dhokla,instant dhokla,,,,INDIAN_RECIPE,,PER_100_G,dhokla,1,1 dhokla,,,207.11,7.66,24.11,9.37,3.57,6.86,,2.12,,2.59,763.98,187.95,66.58,1.05,25.8,2.7,22.87,,,,,216.47,1785.79,4618.67,HIGH,0,"Nutrition values are per 100 g based on Anuvaad INDB documentation. The supplied CSVs do not contain serving weights/volumes, so none were invented."
140469833993363260,indian-food-1f30c91dcd51f3c433ddefd5a355b87e,Anuvaad INDB + Indian_Food_Nutrition_Processed,INDB:0502,Instant idli (with semolina),instant idli (with semolina),,,,INDIAN_RECIPE,,PER_100_G,idli,1,1 idli,,,247.29,9.16,43.4,3.61,7.13,3.35,,0.88,,3.12,1504.66,348.78,93.2,2.31,42.92,0.14,9.08,,,,,3788.41,777.03,1580.84,HIGH,0,"Nutrition values are per 100 g based on Anuvaad INDB documentation. The supplied CSVs do not contain serving weights/volumes, so none were invented."
263764460264226505,indian-food-3a914610e6bfec981ecd18c3cb451c8a,Anuvaad INDB + Indian_Food_Nutrition_Processed,INDB:0897,Jackfruit fritters (Ponsa mulik/Kathal ka pakora),jackfruit fritters (ponsa mulik/kathal ka pakora),,,,INDIAN_RECIPE,,PER_100_G,mulik/fritter,1,1 mulik/fritter,,,597.79,2.34,24.0,54.41,1.5,11.48,,7.86,,0.0,46.39,176.51,24.62,1.15,30.82,0.32,2.47,,,,,25.49,11106.46,32627.24,HIGH,0,"Nutrition values are per 100 g based on Anuvaad INDB documentation. The supplied CSVs do not contain serving weights/volumes, so none were invented."
800563119980986203,indian-food-b1c2bea82bebf5b13dc975fb26def6bf,Anuvaad INDB + Indian_Food_Nutrition_Processed,INDB:0562,Jackfruit kofta curry (Kathal ka kofta curry),jackfruit kofta curry (kathal ka kofta curry),,,,INDIAN_RECIPE,,PER_100_G,bowl,1,1 bowl,,,321.08,0.8,3.17,33.83,0.96,2.4,,4.28,,3.54,40.04,79.59,11.36,0.24,8.78,27.49,63.24,,,,,460.06,6978.52,21145.48,HIGH,0,"Nutrition values are per 100 g based on Anuvaad INDB documentation. The supplied CSVs do not contain serving weights/volumes, so none were invented."
116437068754485441,indian-food-19daae5a9cc80c1b63eefbb62ad88e64,Anuvaad INDB + Indian_Food_Nutrition_Processed,INDB:0201,Jackfruit sabzi (Kathal ki sabzi),jackfruit sabzi (kathal ki sabzi),,,,INDIAN_RECIPE,,PER_100_G,bowl,1,1 bowl,,,625.4,0.69,3.4,67.6,1.02,2.59,,8.13,,0.0,58.95,80.75,9.85,0.27,8.88,14.11,32.14,,,,,479.51,13872.31,42800.21,HIGH,0,"Nutrition values are per 100 g based on Anuvaad INDB documentation. The supplied CSVs do not contain serving weights/volumes, so none were invented."
1125367931320461793,indian-food-f9e1c2bcbf8e9e1b310e928a4f4a1dd5,Anuvaad INDB + Indian_Food_Nutrition_Processed,INDB:0575,Jackfruit/Kathal (dry),jackfruit/kathal (dry),,,,INDIAN_RECIPE,,PER_100_G,bowl,1,1 bowl,,,488.97,0.93,4.56,51.78,1.33,3.55,,6.23,,0.0,33.68,106.26,12.79,0.33,11.71,21.72,55.34,,,,,470.96,10621.65,32777.55,HIGH,0,"Nutrition values are per 100 g based on Anuvaad INDB documentation. The supplied CSVs do not contain serving weights/volumes, so none were invented."
495577445046679664,indian-food-6e0a50f82b3f8707120d63b3a6e24368,Anuvaad INDB + Indian_Food_Nutrition_Processed,INDB:0440,Jal jeera,jal jeera,,,,INDIAN_RECIPE,,PER_100_G,juice glass,1,1 juice glass,,,30.24,0.44,6.7,0.26,0.95,5.71,,0.02,,0.0,215.62,76.31,24.72,0.84,12.89,2.23,4.47,,,,,411.22,107.02,77.33,HIGH,0,"Nutrition values are per 100 g based on Anuvaad INDB documentation. The supplied CSVs do not contain serving weights/volumes, so none were invented."
669267234478090957,indian-food-949b700fadfeacdd419af4175773a46b,Anuvaad INDB + Indian_Food_Nutrition_Processed,INDB:0064,Jam and fruit pancake,jam and fruit pancake,,,,INDIAN_RECIPE,,PER_100_G,pancake,1,1 pancake,,,162.02,3.79,20.73,7.01,1.21,7.85,,1.79,,23.09,93.09,110.42,54.06,0.52,11.9,6.48,8.42,,,,,146.33,1632.64,3082.64,HIGH,0,"Nutrition values are per 100 g based on Anuvaad INDB documentation. The supplied CSVs do not contain serving weights/volumes, so none were invented."
736891603946526730,indian-food-a39f7027333580a40270bbf8596f8de5,Anuvaad INDB + Indian_Food_Nutrition_Processed,INDB:0707,Jam filling,jam filling,,,,INDIAN_RECIPE,,PER_100_G,tablespoon,1,1 tablespoon,,,184.62,0.0,46.15,0.0,0.0,41.54,,0.0,,0.0,0.0,0.0,0.0,0.0,0.0,0.0,0.0,,,,,0.0,0.0,0.0,HIGH,0,"Nutrition values are per 100 g based on Anuvaad INDB documentation. The supplied CSVs do not contain serving weights/volumes, so none were invented."
981636026012158253,indian-food-d9f78c3c52e492d32462e365185e2e19,Anuvaad INDB + Indian_Food_Nutrition_Processed,INDB:0364,Jam tart,jam tart,,,,INDIAN_RECIPE,,PER_100_G,tart,1,1 tart,,,360.72,4.42,46.18,17.35,1.14,14.74,,10.84,,44.15,70.34,67.25,12.23,0.74,13.27,0.0,2.44,,,,,237.93,4354.67,728.7,HIGH,0,"Nutrition values are per 100 g based on Anuvaad INDB documentation. The supplied CSVs do not contain serving weights/volumes, so none were invented."
759797854085008704,indian-food-a8b581f69d74d407697016ce35b0aa9a,Anuvaad INDB + Indian_Food_Nutrition_Processed,INDB:0600,Jellied sunshine fruit salad,jellied sunshine fruit salad,,,,INDIAN_RECIPE,,PER_100_G,small mould,1,1 small mould,,,48.86,5.85,4.21,0.85,1.8,2.86,,0.11,,0.0,74.2,144.01,37.14,0.87,17.23,28.75,37.7,,,,,3359.82,128.81,563.9,HIGH,0,"Nutrition values are per 100 g based on Anuvaad INDB documentation. The supplied CSVs do not contain serving weights/volumes, so none were invented."
930045671820539645,indian-food-ce82f9c65c0b6fd3f3037291ef35c3aa,Anuvaad INDB + Indian_Food_Nutrition_Processed,INDB:0730,Jelly biscuit,jelly biscuit,,,,INDIAN_RECIPE,,PER_100_G,biscuit,1,1 biscuit,,,404.61,4.23,55.24,19.33,2.02,29.76,,11.38,,44.67,110.57,118.08,36.46,1.19,29.4,0.03,1.69,,,,,178.99,5122.32,1318.31,HIGH,0,"Nutrition values are per 100 g based on Anuvaad INDB documentation. The supplied CSVs do not contain serving weights/volumes, so none were invented."
222640645861193097,indian-food-316fa7ce11eb589e44d5ccefa0920612,Anuvaad INDB + Indian_Food_Nutrition_Processed,INDB:1011,Jhatpat achar with carrot (Jhatpat achaar gajar ke saath),jhatpat achar with carrot (jhatpat achaar gajar ke saath),,,,INDIAN_RECIPE,,PER_100_G,,,,,,91.21,1.98,6.32,6.55,5.08,3.04,,0.72,,0.0,2067.33,341.4,54.31,2.32,36.57,,,,,,,8113.88,3409.14,1643.32,HIGH,0,"Nutrition values are per 100 g based on Anuvaad INDB documentation. The supplied CSVs do not contain serving weights/volumes, so none were invented."
981019467588366269,indian-food-d9d48021358efbd70f7a9efbfff78eaa,Anuvaad INDB + Indian_Food_Nutrition_Processed,INDB:0927,Jowar dosa,jowar dosa,,,,INDIAN_RECIPE,,PER_100_G,dosa,1,1 dosa,,,294.35,8.5,40.53,10.28,5.56,0.59,,1.25,,0.0,97.25,339.77,19.46,2.03,71.56,0.0,9.63,,,,,116.34,2060.99,6285.96,HIGH,0,"Nutrition values are per 100 g based on Anuvaad INDB documentation. The supplied CSVs do not contain serving weights/volumes, so none were invented."
203977383537203082,indian-food-2d4ac597ff2d78ac711877a863693de9,Anuvaad INDB + Indian_Food_Nutrition_Processed,INDB:0524,Kabuli channa curry,kabuli channa curry,,,,INDIAN_RECIPE,,PER_100_G,bowl,1,1 bowl,,,68.57,2.92,7.63,3.06,1.12,1.24,,0.39,,0.15,122.05,190.0,32.03,0.95,23.41,16.22,93.09,,,,,948.3,628.63,1791.7,HIGH,0,"Nutrition values are per 100 g based on Anuvaad INDB documentation. The supplied CSVs do not contain serving weights/volumes, so none were invented."
202825726464084778,indian-food-2d094ec7133cb2a84b7bafa1844b9a5c,Anuvaad INDB + Indian_Food_Nutrition_Processed,INDB:0209,Kadhai Paneer,kadhai paneer,,,,INDIAN_RECIPE,,PER_100_G,bowl,1,1 bowl,,,107.99,4.33,7.34,6.81,2.07,5.54,,1.95,,0.0,144.33,290.81,91.53,0.65,22.4,85.83,117.12,,,,,2379.68,1574.98,2863.85,HIGH,0,"Nutrition values are per 100 g based on Anuvaad INDB documentation. The supplied CSVs do not contain serving weights/volumes, so none were invented."
614037482562278557,indian-food-8857fd64ae6549d7ba125c82d1bcd28a,Anuvaad INDB + Indian_Food_Nutrition_Processed,INDB:0873,Kale salad,kale salad,,,,INDIAN_RECIPE,,PER_100_G,bowl,1,1 bowl,,,177.71,4.86,5.01,15.33,1.36,3.31,,2.99,,6.12,292.04,336.77,109.11,1.3,32.2,30.49,35.39,,,,,1605.04,8729.32,2235.26,HIGH,0,"Nutrition values are per 100 g based on Anuvaad INDB documentation. The supplied CSVs do not contain serving weights/volumes, so none were invented."
498901509099364882,indian-food-6ec74477bc622121b625ca5645e2430f,Anuvaad INDB + Indian_Food_Nutrition_Processed,INDB:0493,Kashmiri 'tahar',kashmiri 'tahar',,,,INDIAN_RECIPE,,PER_100_G,plate,1,1 plate,,,98.21,1.95,19.11,1.37,0.98,0.17,,0.76,,3.02,61.29,40.82,3.93,0.32,7.58,0.02,7.94,,,,,40.06,346.3,118.32,HIGH,0,"Nutrition values are per 100 g based on Anuvaad INDB documentation. The supplied CSVs do not contain serving weights/volumes, so none were invented."
774429032809759816,indian-food-abf531a2c600448336aeace2cc97ae91,Anuvaad INDB + Indian_Food_Nutrition_Processed,INDB:0992,Kashmiri masala,kashmiri masala,,,,INDIAN_RECIPE,,PER_100_G,,,,,,389.02,8.26,23.16,31.03,12.12,2.41,,3.48,,0.0,3106.14,1020.75,303.49,14.72,183.44,,,,,,,8177.55,17010.94,6389.69,HIGH,0,"Nutrition values are per 100 g based on Anuvaad INDB documentation. The supplied CSVs do not contain serving weights/volumes, so none were invented."
703242972934197480,indian-food-9c26bc2088850e84fb3399ba625bfff4,Anuvaad INDB + Indian_Food_Nutrition_Processed,INDB:0214,Kashmiri mutton koftas (Gushtaba),kashmiri mutton koftas (gushtaba),,,,INDIAN_RECIPE,,PER_100_G,gushtaba,1,1 gushtaba,,,97.42,6.33,3.04,6.77,0.62,2.13,,2.9,,25.31,130.11,171.55,52.53,0.85,15.88,3.22,22.46,,,,,49.88,2194.37,1102.68,HIGH,0,"Nutrition values are per 100 g based on Anuvaad INDB documentation. The supplied CSVs do not contain serving weights/volumes, so none were invented."
1009053403084573793,indian-food-e00e0b952414c61e83de535dc8906f86,Anuvaad INDB + Indian_Food_Nutrition_Processed,INDB:0434,Kashmiri tea (Kehwa),kashmiri tea (kehwa),,,,INDIAN_RECIPE,,PER_100_G,tea cup,1,1 tea cup,,,24.9,0.17,5.23,0.51,0.16,5.14,,0.04,,0.0,0.29,8.81,3.19,0.07,3.47,0.06,0.82,,,,,0.81,330.29,114.39,HIGH,0,"Nutrition values are per 100 g based on Anuvaad INDB documentation. The supplied CSVs do not contain serving weights/volumes, so none were invented."
309298283331032822,indian-food-44ad926639596f66d66a7b4cb5cb2bee,Anuvaad INDB + Indian_Food_Nutrition_Processed,INDB:0213,Keema kofta curry,keema kofta curry,,,,INDIAN_RECIPE,,PER_100_G,kofta,1,1 kofta,,,154.45,9.77,5.64,10.39,1.51,2.14,,3.27,,57.79,311.51,251.56,49.89,1.25,22.07,2.43,6.6,,,,,1054.57,3229.65,2994.87,HIGH,0,"Nutrition values are per 100 g based on Anuvaad INDB documentation. The supplied CSVs do not contain serving weights/volumes, so none were invented."
777779490154109460,indian-food-acb3a5350385a14f06ec8b03c57036d4,Anuvaad INDB + Indian_Food_Nutrition_Processed,INDB:0062,Keema pancake,keema pancake,,,,INDIAN_RECIPE,,PER_100_G,pancake,1,1 pancake,,,176.27,9.01,9.56,11.25,0.84,2.2,,4.77,,46.43,125.4,198.42,40.96,0.93,16.95,4.64,12.23,,,,,770.6,3416.92,2148.88,HIGH,0,"Nutrition values are per 100 g based on Anuvaad INDB documentation. The supplied CSVs do not contain serving weights/volumes, so none were invented."
473408216976660569,indian-food-691e243dea51859f5aa5d57e12828af1,Anuvaad INDB + Indian_Food_Nutrition_Processed,INDB:0094,Keema parantha/paratha,keema parantha/paratha,,,,INDIAN_RECIPE,,PER_100_G,parantha,1,1 parantha,,,238.09,9.41,18.36,13.91,3.44,0.99,,3.21,,25.66,140.62,213.77,19.35,1.8,43.62,1.8,11.49,,,,,220.31,3659.35,6122.01,HIGH,0,"Nutrition values are per 100 g based on Anuvaad INDB documentation. The supplied CSVs do not contain serving weights/volumes, so none were invented."
434994367546055430,indian-food-609691294e0db0683a9a884206ee75c0,Anuvaad INDB + Indian_Food_Nutrition_Processed,INDB:0798,Kesari bath,kesari bath,,,,INDIAN_RECIPE,,PER_100_G,bowl,1,1 bowl,,,244.57,2.4,31.38,12.59,1.65,20.16,,6.87,,27.84,1.7,65.68,7.7,0.69,16.01,0.0,8.55,,,,,254.83,3797.93,802.88,HIGH,0,"Nutrition values are per 100 g based on Anuvaad INDB documentation. The supplied CSVs do not contain serving weights/volumes, so none were invented."
803822035488810456,indian-food-b27bfe1e7f125d88c0749c37f306d8bc,Anuvaad INDB + Indian_Food_Nutrition_Processed,INDB:0883,Khakhra,khakhra,,,,INDIAN_RECIPE,,PER_100_G,khakhra,1,1 khakhra,,,178.5,4.78,27.66,5.32,5.43,0.88,,0.66,,0.0,184.16,166.32,21.27,2.14,57.11,0.56,10.5,,,,,515.69,1021.5,3255.78,HIGH,0,"Nutrition values are per 100 g based on Anuvaad INDB documentation. The supplied CSVs do not contain serving weights/volumes, so none were invented."
751490265882262770,indian-food-a6dd46a4e137cf2eac665de0ced15cab,Anuvaad INDB + Indian_Food_Nutrition_Processed,INDB:0889,Khakhra chaat,khakhra chaat,,,,INDIAN_RECIPE,,PER_100_G,plate,1,1 plate,,,358.66,4.52,16.64,30.65,3.04,3.26,,3.7,,0.06,102.78,173.44,24.49,1.26,27.23,46.67,312.97,,,,,744.35,6261.69,19256.31,HIGH,0,"Nutrition values are per 100 g based on Anuvaad INDB documentation. The supplied CSVs do not contain serving weights/volumes, so none were invented."
785997462976647361,indian-food-ae86c873714d0c1579358f8f80d9bcd7,Anuvaad INDB + Indian_Food_Nutrition_Processed,INDB:0676,Khaman (dhokla),khaman (dhokla),,,,INDIAN_RECIPE,,PER_100_G,dhokla,1,1 dhokla,,,54.73,1.92,5.36,2.8,1.49,1.36,,0.55,,0.0,124.1,92.49,5.31,0.58,11.46,2.6,19.33,,,,,152.88,502.39,1432.69,HIGH,0,"Nutrition values are per 100 g based on Anuvaad INDB documentation. The supplied CSVs do not contain serving weights/volumes, so none were invented."
806938785370302996,indian-food-b32d28cc97b6a14645aeeadfcc7e82c2,Anuvaad INDB + Indian_Food_Nutrition_Processed,INDB:0341,Khasta kachori,khasta kachori,,,,INDIAN_RECIPE,,PER_100_G,kachori,1,1 kachori,,,712.73,2.51,12.81,72.27,0.97,0.34,,8.69,,0.0,90.56,78.13,7.84,0.59,12.9,0.86,6.38,,,,,76.1,14816.95,45749.29,HIGH,0,"Nutrition values are per 100 g based on Anuvaad INDB documentation. The supplied CSVs do not contain serving weights/volumes, so none were invented."
173878181443133808,indian-food-269bd48e71be170d6df8a69ea32a1c67,Anuvaad INDB + Indian_Food_Nutrition_Processed,INDB:0154,Khatta channa,khatta channa,,,,INDIAN_RECIPE,,PER_100_G,bowl,1,1 bowl,,,202.57,6.3,21.14,10.56,5.26,4.75,,1.25,,0.0,513.32,344.78,40.77,1.94,38.76,20.89,244.23,,,,,2188.99,2209.05,6291.16,HIGH,0,"Nutrition values are per 100 g based on Anuvaad INDB documentation. The supplied CSVs do not contain serving weights/volumes, so none were invented."
689074057478265960,indian-food-990153453eddc685da557e980924c025,Anuvaad INDB + Indian_Food_Nutrition_Processed,INDB:0065,Khoa and coconut pancake,khoa and coconut pancake,,,,INDIAN_RECIPE,,PER_100_G,pancake,1,1 pancake,,,271.98,6.98,27.32,15.29,1.65,16.47,,7.0,,21.35,101.0,205.43,157.22,1.12,22.61,0.73,19.12,,,,,171.62,2755.89,3040.07,HIGH,0,"Nutrition values are per 100 g based on Anuvaad INDB documentation. The supplied CSVs do not contain serving weights/volumes, so none were invented."
161071175519389618,indian-food-23c3d61786347b2aaca0f3210fcf243b,Anuvaad INDB + Indian_Food_Nutrition_Processed,INDB:0655,Khoa coconut burfi,khoa coconut burfi,,,,INDIAN_RECIPE,,PER_100_G,piece,1,1 piece,,,411.45,9.98,36.55,26.01,4.07,35.6,,17.17,,0.0,31.14,459.51,309.84,2.1,54.94,0.0,26.6,,,,,140.13,3745.23,627.03,HIGH,0,"Nutrition values are per 100 g based on Anuvaad INDB documentation. The supplied CSVs do not contain serving weights/volumes, so none were invented."
383871332258281776,indian-food-553c8f15eb5f9301242e9461fb42d0f6,Anuvaad INDB + Indian_Food_Nutrition_Processed,INDB:0659,Khoa ladoo,khoa ladoo,,,,INDIAN_RECIPE,,PER_100_G,piece,1,1 piece,,,396.02,12.21,34.43,24.09,3.08,33.37,,12.45,,0.0,31.71,479.67,358.61,2.25,69.26,0.02,27.31,,,,,154.57,6739.89,1939.94,HIGH,0,"Nutrition values are per 100 g based on Anuvaad INDB documentation. The supplied CSVs do not contain serving weights/volumes, so none were invented."
34906153871736775,indian-food-07c02f645ffffc7f46e61685235f8448,Anuvaad INDB + Indian_Food_Nutrition_Processed,INDB:0151,Kidney bean curry (Rajmah curry),kidney bean curry (rajmah curry),,,,INDIAN_RECIPE,,PER_100_G,bowl,1,1 bowl,,,143.73,5.95,16.38,5.77,5.83,2.49,,0.72,,0.0,354.6,485.9,47.87,2.27,58.61,16.33,112.28,,,,,2790.14,1085.92,3529.48,HIGH,0,"Nutrition values are per 100 g based on Anuvaad INDB documentation. The supplied CSVs do not contain serving weights/volumes, so none were invented."
927049697826921554,indian-food-cdd8ac9d81b5c52240d4b091c102490f,Anuvaad INDB + Indian_Food_Nutrition_Processed,INDB:0814,Kidney bean sandwich with cottage cheese,kidney bean sandwich with cottage cheese,,,,INDIAN_RECIPE,,PER_100_G,triangle,1,1 triangle,,,176.64,9.85,18.86,6.84,3.66,3.69,,3.18,,2.67,97.97,296.76,166.63,1.64,43.64,5.33,213.8,,,,,124.89,2410.18,449.02,HIGH,0,"Nutrition values are per 100 g based on Anuvaad INDB documentation. The supplied CSVs do not contain serving weights/volumes, so none were invented."
477437702088605568,indian-food-6a0330f7b5ebf80dadb76219d261056b,Anuvaad INDB + Indian_Food_Nutrition_Processed,INDB:0802,Kiwi granola pudding,kiwi granola pudding,,,,INDIAN_RECIPE,,PER_100_G,bowl,1,1 bowl,,,280.99,5.6,32.33,15.36,3.71,15.08,,5.67,,20.27,59.21,274.53,62.2,1.45,36.13,65.34,207.15,,,,,22.35,3679.38,1527.59,HIGH,0,"Nutrition values are per 100 g based on Anuvaad INDB documentation. The supplied CSVs do not contain serving weights/volumes, so none were invented."
756522675262156600,indian-food-a7fb55d6b876f380bfae173c4ab7ea4e,Anuvaad INDB + Indian_Food_Nutrition_Processed,INDB:0297,Kulfi,kulfi,,,,INDIAN_RECIPE,,PER_100_G,kulfi,1,1 kulfi,,,98.43,3.21,11.3,4.7,0.12,10.39,,2.55,,0.0,23.97,114.04,111.86,0.2,10.63,5.04,18.69,,,,,185.96,1467.59,256.8,HIGH,0,"Nutrition values are per 100 g based on Anuvaad INDB documentation. The supplied CSVs do not contain serving weights/volumes, so none were invented."
21992169757908212,indian-food-04e21c30a429cf4774a621969ee919e2,Anuvaad INDB + Indian_Food_Nutrition_Processed,INDB:0513,Lasagne with meat sauce,lasagne with meat sauce,,,,INDIAN_RECIPE,,PER_100_G,dish,1,1 dish,,,63.38,2.9,5.38,3.43,0.47,1.04,,1.5,,8.8,37.08,88.89,24.61,0.49,8.28,80.17,112.65,,,,,1063.57,1423.05,225.54,HIGH,0,"Nutrition values are per 100 g based on Anuvaad INDB documentation. The supplied CSVs do not contain serving weights/volumes, so none were invented."
983693403053163210,indian-food-da6c7f030e102cadfdaef08a72999a7b,Anuvaad INDB + Indian_Food_Nutrition_Processed,INDB:0514,Lasagne with vegetables,lasagne with vegetables,,,,INDIAN_RECIPE,,PER_100_G,dish,1,1 dish,,,49.23,1.71,5.9,2.16,0.66,1.37,,1.06,,2.81,40.78,126.45,32.89,0.57,13.26,179.9,286.76,,,,,1393.17,740.19,166.21,HIGH,0,"Nutrition values are per 100 g based on Anuvaad INDB documentation. The supplied CSVs do not contain serving weights/volumes, so none were invented."
225250958867141879,indian-food-320408dbc9794f777a666aeda780b247,Anuvaad INDB + Indian_Food_Nutrition_Processed,INDB:0021,Lassi (salted),lassi (salted),,,,INDIAN_RECIPE,,PER_100_G,tall glass,1,1 tall glass,,,18.84,1.35,1.86,0.72,0.02,1.84,,0.45,,2.6,65.4,67.37,47.78,0.04,4.84,1.02,18.07,,,,,5.29,191.6,26.17,HIGH,0,"Nutrition values are per 100 g based on Anuvaad INDB documentation. The supplied CSVs do not contain serving weights/volumes, so none were invented."
153217095392577874,indian-food-2205622f0644952361ba3051d532b29b,Anuvaad INDB + Indian_Food_Nutrition_Processed,INDB:0009,Lem-o-gin,lem-o-gin,,,,INDIAN_RECIPE,,PER_100_G,glass,1,1 glass,,,21.52,0.08,5.55,0.03,0.13,5.38,,0.01,,0.0,28.13,14.17,2.2,0.09,1.86,5.68,2.92,,,,,59.48,1.47,13.2,HIGH,0,"Nutrition values are per 100 g based on Anuvaad INDB documentation. The supplied CSVs do not contain serving weights/volumes, so none were invented."
86399805147146166,indian-food-132f42a3e7567b60004ebe685eb389ce,Anuvaad INDB + Indian_Food_Nutrition_Processed,INDB:0974,Lemon and ginger squash (Nimbu aur adrak ka squash),lemon and ginger squash (nimbu aur adrak ka squash),,,,INDIAN_RECIPE,,PER_100_G,,,,,,170.34,0.54,44.06,0.21,1.07,42.53,,0.07,,0.0,16.19,101.4,11.18,0.52,12.95,,,,,,,66.58,13.59,96.17,HIGH,0,"Nutrition values are per 100 g based on Anuvaad INDB documentation. The supplied CSVs do not contain serving weights/volumes, so none were invented."
1132453740923955199,indian-food-fb748ad6855a7ffe1b4e7b5fab6a3c2a,Anuvaad INDB + Indian_Food_Nutrition_Processed,INDB:0851,Lemon butter fish,lemon butter fish,,,,INDIAN_RECIPE,,PER_100_G,piece,1,1 piece,,,160.25,16.38,0.75,10.26,0.36,0.23,,5.16,,46.11,187.72,240.34,18.66,0.4,29.57,8.7,19.1,,,,,126.15,3187.7,1093.09,HIGH,0,"Nutrition values are per 100 g based on Anuvaad INDB documentation. The supplied CSVs do not contain serving weights/volumes, so none were invented."
24350946801049783,indian-food-056830e9e0560b760112cc622ba55277,Anuvaad INDB + Indian_Food_Nutrition_Processed,INDB:0712,Lemon cake,lemon cake,,,,INDIAN_RECIPE,,PER_100_G,piece,1,1 piece,,,373.85,5.29,43.1,20.63,0.62,25.84,,12.39,,123.01,151.29,80.6,32.77,0.91,10.65,2.44,9.0,,,,,230.98,5440.97,976.07,HIGH,0,"Nutrition values are per 100 g based on Anuvaad INDB documentation. The supplied CSVs do not contain serving weights/volumes, so none were invented."
64933991491278345,indian-food-0e6b11f08af9609bbbfcc7c02d2b95a5,Anuvaad INDB + Indian_Food_Nutrition_Processed,INDB:0850,Lemon chicken,lemon chicken,,,,INDIAN_RECIPE,,PER_100_G,plate,1,1 plate,,,169.79,20.2,0.55,9.66,0.16,0.16,,1.59,,60.15,79.93,282.83,17.4,0.95,19.91,8.94,31.21,,,,,20.44,1248.12,404.48,HIGH,0,"Nutrition values are per 100 g based on Anuvaad INDB documentation. The supplied CSVs do not contain serving weights/volumes, so none were invented."
958992943833014749,indian-food-d4f07005f45e1dd1c9cf658af757af2d,Anuvaad INDB + Indian_Food_Nutrition_Processed,INDB:0739,Lemon chiffon pie,lemon chiffon pie,,,,INDIAN_RECIPE,,PER_100_G,pie,1,1 pie,,,259.31,4.88,27.63,14.52,0.66,11.39,,8.85,,70.3,94.95,78.6,34.43,0.61,10.86,7.18,51.7,,,,,183.88,3813.59,648.38,HIGH,0,"Nutrition values are per 100 g based on Anuvaad INDB documentation. The supplied CSVs do not contain serving weights/volumes, so none were invented."
87390586735720669,indian-food-13679468f1878dd92da1af1d28f4eb04,Anuvaad INDB + Indian_Food_Nutrition_Processed,INDB:0817,Lemon cookies,lemon cookies,,,,INDIAN_RECIPE,,PER_100_G,cookie,1,1 cookie,,,394.48,5.63,42.19,23.02,0.78,23.47,,14.32,,82.16,84.71,79.05,72.04,0.69,12.5,1.5,10.76,,,,,244.66,5857.16,945.65,HIGH,0,"Nutrition values are per 100 g based on Anuvaad INDB documentation. The supplied CSVs do not contain serving weights/volumes, so none were invented."
882149280988681705,indian-food-c3e0618e43255e94ce47773d5e641a7f,Anuvaad INDB + Indian_Food_Nutrition_Processed,INDB:0916,Lemon coriander soup,lemon coriander soup,,,,INDIAN_RECIPE,,PER_100_G,bowl,1,1 bowl,,,108.06,2.27,10.32,6.26,6.77,2.2,,0.68,,0.0,219.17,368.81,102.57,3.47,54.52,8.6,12.47,,,,,2068.8,1988.96,2993.29,HIGH,0,"Nutrition values are per 100 g based on Anuvaad INDB documentation. The supplied CSVs do not contain serving weights/volumes, so none were invented."
1130399286127265994,indian-food-faffc295ff888caef0a0b5deb365c059,Anuvaad INDB + Indian_Food_Nutrition_Processed,INDB:0706,Lemon curd filling,lemon curd filling,,,,INDIAN_RECIPE,,PER_100_G,tablespoon,1,1 tablespoon,,,225.62,3.43,26.41,12.58,0.0,26.13,,7.26,,118.13,34.9,47.38,16.39,0.6,3.7,0.64,3.21,,,,,110.05,3484.0,649.25,HIGH,0,"Nutrition values are per 100 g based on Anuvaad INDB documentation. The supplied CSVs do not contain serving weights/volumes, so none were invented."
665698068667736173,indian-food-93d08ddce9aa06d21481fb31ef12eafd,Anuvaad INDB + Indian_Food_Nutrition_Processed,INDB:1008,Lemon green chilli pickle (Nimboo aur hari mirch ka achaar),lemon green chilli pickle (nimboo aur hari mirch ka achaar),,,,INDIAN_RECIPE,,PER_100_G,,,,,,14.07,0.85,2.14,0.24,1.07,1.0,,0.09,,0.0,7559.38,138.0,20.05,0.55,23.19,,,,,,,218.43,5.16,130.29,HIGH,0,"Nutrition values are per 100 g based on Anuvaad INDB documentation. The supplied CSVs do not contain serving weights/volumes, so none were invented."
262462620564754447,indian-food-3a4745ce194900f919df2c05d1f4a37f,Anuvaad INDB + Indian_Food_Nutrition_Processed,INDB:0371,Lemon meringue pie,lemon meringue pie,,,,INDIAN_RECIPE,,PER_100_G,slice,1,1 slice,,,224.43,3.88,35.11,8.16,0.44,21.17,,4.65,,75.3,85.12,58.11,16.79,0.67,8.08,5.1,17.48,,,,,113.48,2230.14,476.89,HIGH,0,"Nutrition values are per 100 g based on Anuvaad INDB documentation. The supplied CSVs do not contain serving weights/volumes, so none were invented."
1005714143612757504,indian-food-df503af639fe600478895adf9d1ecf12,Anuvaad INDB + Indian_Food_Nutrition_Processed,INDB:0114,"Lemon rice (Pulihora, Elumichai sadam, Chitranna)","lemon rice (pulihora, elumichai sadam, chitranna)",,,,INDIAN_RECIPE,,PER_100_G,plate,1,1 plate,,,176.3,4.26,21.62,7.88,2.52,0.78,,1.23,,0.0,187.11,152.57,12.7,0.77,29.94,10.2,38.01,,,,,2148.06,2472.67,3775.38,HIGH,0,"Nutrition values are per 100 g based on Anuvaad INDB documentation. The supplied CSVs do not contain serving weights/volumes, so none were invented."
681201326333205012,indian-food-9741cff449d9a148a61b251d32165930,Anuvaad INDB + Indian_Food_Nutrition_Processed,INDB:0285,Lemon souffle,lemon souffle,,,,INDIAN_RECIPE,,PER_100_G,souffle cup,1,1 souffle cup,,,168.51,6.95,13.43,10.02,0.0,11.67,,5.77,,100.42,50.73,88.44,59.81,0.56,7.4,12.9,32.11,,,,,100.53,2873.65,523.64,HIGH,0,"Nutrition values are per 100 g based on Anuvaad INDB documentation. The supplied CSVs do not contain serving weights/volumes, so none were invented."
1067056013447453282,indian-food-ecef1ca6cfada627a765aa4d2159b05b,Anuvaad INDB + Indian_Food_Nutrition_Processed,INDB:0969,Lemon squash (Nimbu ka squash),lemon squash (nimbu ka squash),,,,INDIAN_RECIPE,,PER_100_G,,,,,,184.56,0.15,48.88,0.06,0.0,48.88,,0.03,,0.0,15.01,30.02,9.85,0.18,2.79,,,,,,,1.23,0.0,30.76,HIGH,0,"Nutrition values are per 100 g based on Anuvaad INDB documentation. The supplied CSVs do not contain serving weights/volumes, so none were invented."
72221217626320344,indian-food-10094d095dcedd8916ee1aa2b540e0f0,Anuvaad INDB + Indian_Food_Nutrition_Processed,INDB:0363,Lemon tart,lemon tart,,,,INDIAN_RECIPE,,PER_100_G,tart,1,1 tart,,,303.35,6.12,30.68,17.45,0.81,10.68,,10.29,,123.17,76.09,94.23,24.03,0.98,12.99,2.66,9.19,,,,,223.58,4656.57,896.97,HIGH,0,"Nutrition values are per 100 g based on Anuvaad INDB documentation. The supplied CSVs do not contain serving weights/volumes, so none were invented."
721386195817039337,indian-food-a02e0ec4b8b85e9f9019237e34d4248a,Anuvaad INDB + Indian_Food_Nutrition_Processed,INDB:0008,Lemonade,lemonade,,,,INDIAN_RECIPE,,PER_100_G,glass,1,1 glass,,,20.8,0.03,5.48,0.01,0.02,5.47,,0.0,,0.0,28.52,5.73,1.84,0.05,0.73,5.27,2.11,,,,,53.7,0.04,5.3,HIGH,0,"Nutrition values are per 100 g based on Anuvaad INDB documentation. The supplied CSVs do not contain serving weights/volumes, so none were invented."
755016771280663664,indian-food-a7a5bc0d3a57470c3170dd1122468527,Anuvaad INDB + Indian_Food_Nutrition_Processed,INDB:0070,Lentil soup,lentil soup,,,,INDIAN_RECIPE,,PER_100_G,soup bowl,1,1 soup bowl,,,31.17,9.65,3.94,11.68,2.57,1.06,,0.57,,2.19,10418.84,350.26,40.57,2.26,36.61,17.9,34.92,,,,,2080.89,231.83,109.95,HIGH,0,"Nutrition values are per 100 g based on Anuvaad INDB documentation. The supplied CSVs do not contain serving weights/volumes, so none were invented."
698869127200619287,indian-food-9b2e1c4b747bb17155d35428694a9b7e,Anuvaad INDB + Indian_Food_Nutrition_Processed,INDB:0757,Lentils and semolina porridge (Dal suji porridge/daliya),lentils and semolina porridge (dal suji porridge/daliya),,,,INDIAN_RECIPE,,PER_100_G,,,,,,117.29,3.26,23.19,1.06,1.44,13.84,,0.57,,0.0,9.64,188.0,44.74,1.22,30.44,0.8,21.48,,,,,101.32,254.58,91.76,HIGH,0,"Nutrition values are per 100 g based on Anuvaad INDB documentation. The supplied CSVs do not contain serving weights/volumes, so none were invented."
887573221562388251,indian-food-c514b2477600f1b794b85dbad63ebf6b,Anuvaad INDB + Indian_Food_Nutrition_Processed,INDB:0760,Lentils and wheat porridge (Dal wheat porridge/daliya ),lentils and wheat porridge (dal wheat porridge/daliya ),,,,INDIAN_RECIPE,,PER_100_G,,,,,,52.54,2.71,8.36,0.94,1.28,0.92,,0.49,,0.0,62.79,94.87,26.28,0.52,10.67,0.6,11.32,,,,,71.6,216.03,55.68,HIGH,0,"Nutrition values are per 100 g based on Anuvaad INDB documentation. The supplied CSVs do not contain serving weights/volumes, so none were invented."
862214663300736457,indian-food-bf733ab062c65c9e9ef49e9ae299907e,Anuvaad INDB + Indian_Food_Nutrition_Processed,INDB:0971,Lichi squash,lichi squash,,,,INDIAN_RECIPE,,PER_100_G,,,,,,198.33,0.3,51.96,0.08,0.41,51.31,,0.03,,0.0,14.56,51.86,6.39,0.34,5.43,,,,,,,39.68,14.04,24.27,HIGH,0,"Nutrition values are per 100 g based on Anuvaad INDB documentation. The supplied CSVs do not contain serving weights/volumes, so none were invented."
114655874836267819,indian-food-19756e92307032b6e3f11890e6a9e57f,Anuvaad INDB + Indian_Food_Nutrition_Processed,INDB:0149,Lobia curry,lobia curry,,,,INDIAN_RECIPE,,PER_100_G,bowl,1,1 bowl,,,148.99,6.06,17.88,5.62,4.57,2.51,,0.73,,0.0,355.41,465.14,36.8,2.21,68.62,15.13,86.78,,,,,2818.9,1079.1,3434.16,HIGH,0,"Nutrition values are per 100 g based on Anuvaad INDB documentation. The supplied CSVs do not contain serving weights/volumes, so none were invented."
531921829791107061,indian-food-761c41600f987f52286574f72269a2a0,Anuvaad INDB + Indian_Food_Nutrition_Processed,INDB:0804,Lotus seed halwa (Kamal gattay ka halwa),lotus seed halwa (kamal gattay ka halwa),,,,INDIAN_RECIPE,,PER_100_G,piece,1,1 piece,,,370.55,7.79,39.56,20.69,0.42,9.8,,11.04,,45.24,3.06,658.52,82.84,1.8,105.76,0.06,179.08,,,,,348.85,6003.61,1817.66,HIGH,0,"Nutrition values are per 100 g based on Anuvaad INDB documentation. The supplied CSVs do not contain serving weights/volumes, so none were invented."
722423691534517125,indian-food-a069085173dc3856fa2b2ea024a0b839,Anuvaad INDB + Indian_Food_Nutrition_Processed,INDB:0179,Lotus stem curry (Kamal kakdi curry),lotus stem curry (kamal kakdi curry),,,,INDIAN_RECIPE,,PER_100_G,bowl,1,1 bowl,,,110.34,1.53,9.24,7.25,3.14,2.09,,0.94,,0.0,217.05,345.65,26.59,1.71,21.82,40.01,45.45,,,,,1731.88,1427.13,4474.81,HIGH,0,"Nutrition values are per 100 g based on Anuvaad INDB documentation. The supplied CSVs do not contain serving weights/volumes, so none were invented."
668842023423553349,indian-food-9483446d103af450b55b57eee8c676f5,Anuvaad INDB + Indian_Food_Nutrition_Processed,INDB:0184,Lotus stem kofta curry (Kamal kakdi kofta curry),lotus stem kofta curry (kamal kakdi kofta curry),,,,INDIAN_RECIPE,,PER_100_G,bowl,1,1 bowl,,,633.56,0.96,5.01,67.76,1.01,0.88,,8.18,,0.23,108.61,109.38,19.31,0.65,7.8,38.6,57.76,,,,,483.08,13870.18,42798.11,HIGH,0,"Nutrition values are per 100 g based on Anuvaad INDB documentation. The supplied CSVs do not contain serving weights/volumes, so none were invented."
250934210695487588,indian-food-37b7f55ca7f606404f618295a737f308,Anuvaad INDB + Indian_Food_Nutrition_Processed,INDB:0833,Lotus stem pickle (Kamal kakdi ka achar),lotus stem pickle (kamal kakdi ka achar),,,,INDIAN_RECIPE,,PER_100_G,jar,1,1 jar,,,102.69,1.44,20.07,1.6,8.58,2.53,,0.17,,0.0,181.83,1026.99,137.73,20.57,57.68,12.35,1.91,,,,,30.41,835.8,103.13,HIGH,0,"Nutrition values are per 100 g based on Anuvaad INDB documentation. The supplied CSVs do not contain serving weights/volumes, so none were invented."
800064987412363335,indian-food-b1a66ddfbf0f84791db6f7de5408070c,Anuvaad INDB + Indian_Food_Nutrition_Processed,INDB:0945,Low calorie quick mayonnaise,low calorie quick mayonnaise,,,,INDIAN_RECIPE,,PER_100_G,,,,,,242.89,1.41,4.71,24.35,0.06,0.83,,3.1,,35.67,165.94,19.66,6.47,0.25,2.55,,,,,,,17.48,5178.19,14944.2,HIGH,0,"Nutrition values are per 100 g based on Anuvaad INDB documentation. The supplied CSVs do not contain serving weights/volumes, so none were invented."
797959421477308093,indian-food-b12ebddb654c6bd74a048fce5add7c80,Anuvaad INDB + Indian_Food_Nutrition_Processed,INDB:0931,Maa chaane ki dal,maa chaane ki dal,,,,INDIAN_RECIPE,,PER_100_G,bowl,1,1 bowl,,,344.67,19.8,43.11,9.5,13.45,1.05,,3.99,,15.36,43.31,923.92,68.65,5.97,123.32,1.43,102.41,,,,,938.77,2188.78,1784.63,HIGH,0,"Nutrition values are per 100 g based on Anuvaad INDB documentation. The supplied CSVs do not contain serving weights/volumes, so none were invented."
15722414990215157,indian-food-037db740080c7f58b5e1623a49d36fcc,Anuvaad INDB + Indian_Food_Nutrition_Processed,INDB:0868,Macaroni salad,macaroni salad,,,,INDIAN_RECIPE,,PER_100_G,cup,1,1 cup,,,262.19,5.02,21.63,17.78,0.56,3.73,,3.23,,58.64,163.99,147.09,35.7,0.77,18.72,22.15,34.69,,,,,470.64,9044.05,3857.98,HIGH,0,"Nutrition values are per 100 g based on Anuvaad INDB documentation. The supplied CSVs do not contain serving weights/volumes, so none were invented."
219571500758688649,indian-food-30c131dd98563898ee60947cba7c0b87,Anuvaad INDB + Indian_Food_Nutrition_Processed,INDB:0120,Macroni cheese pie,macroni cheese pie,,,,INDIAN_RECIPE,,PER_100_G,casserole dish,1,1 casserole dish,,,170.63,5.85,21.1,7.48,0.4,3.4,,4.43,,15.99,200.51,156.11,122.01,0.54,19.78,14.65,28.19,,,,,1334.65,1955.48,419.11,HIGH,0,"Nutrition values are per 100 g based on Anuvaad INDB documentation. The supplied CSVs do not contain serving weights/volumes, so none were invented."
1055189615990370762,indian-food-ea4c95d77c971cae4533c3b3ada041db,Anuvaad INDB + Indian_Food_Nutrition_Processed,INDB:0761,Maize porridge,maize porridge,,,,INDIAN_RECIPE,,PER_100_G,,,,,,89.57,2.14,15.64,1.89,1.68,7.69,,0.23,,0.0,5.59,140.18,17.02,1.11,31.35,3.03,23.98,,,,,678.19,373.14,1107.69,HIGH,0,"Nutrition values are per 100 g based on Anuvaad INDB documentation. The supplied CSVs do not contain serving weights/volumes, so none were invented."
701475643014469451,indian-food-9bc24617877574befa37ad2dfa4cb128,Anuvaad INDB + Indian_Food_Nutrition_Processed,INDB:0262,Makhana kheer,makhana kheer,,,,INDIAN_RECIPE,,PER_100_G,bowl,1,1 bowl,,,107.85,3.31,12.88,5.0,0.11,11.54,,2.88,,1.77,23.4,139.35,111.64,0.28,13.39,5.06,23.77,,,,,195.0,1437.95,232.53,HIGH,0,"Nutrition values are per 100 g based on Anuvaad INDB documentation. The supplied CSVs do not contain serving weights/volumes, so none were invented."
1066431083601763220,indian-food-eccb96b9b849b94edd07e6947fabbd45,Anuvaad INDB + Indian_Food_Nutrition_Processed,INDB:0136,Makki ki roti,makki ki roti,,,,INDIAN_RECIPE,,PER_100_G,roti,1,1 roti,,,263.97,3.49,24.19,16.85,5.19,0.7,,9.44,,39.07,236.22,152.79,14.76,1.11,53.51,1.99,10.72,,,,,612.31,4332.02,1297.37,HIGH,0,"Nutrition values are per 100 g based on Anuvaad INDB documentation. The supplied CSVs do not contain serving weights/volumes, so none were invented."
1106871092655635647,indian-food-f5c6564f1e33cbf4e565656a2c1cce1f,Anuvaad INDB + Indian_Food_Nutrition_Processed,INDB:0325,Mal pua,mal pua,,,,INDIAN_RECIPE,,PER_100_G,malqura,1,1 malqura,,,566.68,1.71,17.56,54.64,0.62,11.77,,7.04,,0.0,6.35,47.87,30.05,0.33,5.77,0.67,5.3,,,,,68.01,11333.57,33941.02,HIGH,0,"Nutrition values are per 100 g based on Anuvaad INDB documentation. The supplied CSVs do not contain serving weights/volumes, so none were invented."
1143932637536355725,indian-food-fe010ac4b54858d8d5b396c865a424c7,Anuvaad INDB + Indian_Food_Nutrition_Processed,INDB:0900,Mango cheesecake,mango cheesecake,,,,INDIAN_RECIPE,,PER_100_G,slice,1,1 slice,,,152.46,2.39,20.06,7.3,1.14,15.36,,3.71,,16.9,107.12,139.64,55.1,0.53,13.97,24.93,68.68,,,,,620.18,2165.22,449.45,HIGH,0,"Nutrition values are per 100 g based on Anuvaad INDB documentation. The supplied CSVs do not contain serving weights/volumes, so none were invented."
636579034582116911,indian-food-8d595425bba6a2f2990c9042d7a6a83d,Anuvaad INDB + Indian_Food_Nutrition_Processed,INDB:0282,Mango ice cream,mango ice cream,,,,INDIAN_RECIPE,,PER_100_G,ice-cream cup,1,1 ice-cream cup,,,125.69,3.4,11.14,7.62,0.52,11.01,,4.44,,55.21,29.13,115.29,67.17,0.39,9.6,44.98,142.26,,,,,506.3,2141.03,373.04,HIGH,0,"Nutrition values are per 100 g based on Anuvaad INDB documentation. The supplied CSVs do not contain serving weights/volumes, so none were invented."
516957236446611747,indian-food-72c99de1a77c923d1790fbd8a7f0ea77,Anuvaad INDB + Indian_Food_Nutrition_Processed,INDB:0800,Mango malpua,mango malpua,,,,INDIAN_RECIPE,,PER_100_G,piece,1,1 piece,,,334.64,1.65,12.84,30.67,2.08,4.96,,18.19,,75.21,1.89,89.28,10.64,0.7,20.34,38.05,110.67,,,,,1024.54,7988.43,1563.92,HIGH,0,"Nutrition values are per 100 g based on Anuvaad INDB documentation. The supplied CSVs do not contain serving weights/volumes, so none were invented."
886940491583347773,indian-food-c4f0bad89bc5c3d90ee21d75872d34aa,Anuvaad INDB + Indian_Food_Nutrition_Processed,INDB:0016,Mango milkshake (Aam milkshake),mango milkshake (aam milkshake),,,,INDIAN_RECIPE,,PER_100_G,tall glass,1,1 tall glass,,,56.9,1.73,7.23,2.35,0.26,7.15,,1.39,,0.0,13.27,79.07,62.33,0.15,6.17,20.1,53.68,,,,,301.55,633.56,88.45,HIGH,0,"Nutrition values are per 100 g based on Anuvaad INDB documentation. The supplied CSVs do not contain serving weights/volumes, so none were invented."
473807556441805337,indian-food-6934d76559c1219bab193738850b97a8,Anuvaad INDB + Indian_Food_Nutrition_Processed,INDB:0783,Mango milkshake with ice cream (Aam milkshake ice cream ke saath),mango milkshake with ice cream (aam milkshake ice cream ke saath),,,,INDIAN_RECIPE,,PER_100_G,tall glass,1,1 tall glass,,,68.35,1.93,9.18,2.8,0.23,9.11,,1.68,,1.3,16.64,85.24,69.36,0.15,6.62,16.96,46.37,,,,,275.4,752.44,102.71,HIGH,0,"Nutrition values are per 100 g based on Anuvaad INDB documentation. The supplied CSVs do not contain serving weights/volumes, so none were invented."
65722714039027685,indian-food-0e97e75cff887e5bc2bed6c53fb7d8b7,Anuvaad INDB + Indian_Food_Nutrition_Processed,INDB:0292,Mango mousse,mango mousse,,,,INDIAN_RECIPE,,PER_100_G,cup,1,1 cup,,,124.98,3.21,9.14,8.47,0.88,8.89,,5.3,,23.66,19.62,113.71,51.38,0.35,10.48,42.76,110.68,,,,,844.68,2240.78,332.63,HIGH,0,"Nutrition values are per 100 g based on Anuvaad INDB documentation. The supplied CSVs do not contain serving weights/volumes, so none were invented."
509774114334634682,indian-food-71314db289af2ba60b090c5e44999525,Anuvaad INDB + Indian_Food_Nutrition_Processed,INDB:0844,Mango murabba candy,mango murabba candy,,,,INDIAN_RECIPE,,PER_100_G,candy,1,1 candy,,,293.35,0.27,77.32,0.05,0.95,74.73,,0.01,,0.0,13.71,56.54,16.55,0.33,7.64,19.85,5.7,,,,,150.94,5.8,10.77,HIGH,0,"Nutrition values are per 100 g based on Anuvaad INDB documentation. The supplied CSVs do not contain serving weights/volumes, so none were invented."
783161625490510564,indian-food-ade5959591452e4c114ad1d5f711d3d5,Anuvaad INDB + Indian_Food_Nutrition_Processed,INDB:0983,Mango pickle (Aam ka achaar),mango pickle (aam ka achaar),,,,INDIAN_RECIPE,,PER_100_G,,,,,,192.12,1.6,8.11,17.89,3.68,1.79,,2.07,,0.0,3429.94,206.92,48.97,1.44,32.75,,,,,,,707.69,10283.05,3861.34,HIGH,0,"Nutrition values are per 100 g based on Anuvaad INDB documentation. The supplied CSVs do not contain serving weights/volumes, so none were invented."
13771559075293378,indian-food-030ed28f6afa8c22462fde69b3b57e8a,Anuvaad INDB + Indian_Food_Nutrition_Processed,INDB:0613,Mango raita (Aam ka raita),mango raita (aam ka raita),,,,INDIAN_RECIPE,,PER_100_G,bowl,1,1 bowl,,,67.37,3.9,8.23,2.14,0.89,7.87,,1.27,,6.93,135.46,240.21,136.06,0.34,19.01,18.19,59.64,,,,,482.43,571.9,130.3,HIGH,0,"Nutrition values are per 100 g based on Anuvaad INDB documentation. The supplied CSVs do not contain serving weights/volumes, so none were invented."
70244371430361180,indian-food-0f98ee23693c85ccb8f45b87cb21eab8,Anuvaad INDB + Indian_Food_Nutrition_Processed,INDB:0972,Mango squash (Aam ka squash),mango squash (aam ka squash),,,,INDIAN_RECIPE,,PER_100_G,,,,,,194.66,0.17,50.96,0.17,0.58,50.84,,0.05,,0.0,14.81,46.63,9.47,0.25,5.05,,,,,,,438.02,41.22,40.6,HIGH,0,"Nutrition values are per 100 g based on Anuvaad INDB documentation. The supplied CSVs do not contain serving weights/volumes, so none were invented."
478526780258363971,indian-food-6a4119240cfaa4394fa34e5f694f3965,Anuvaad INDB + Indian_Food_Nutrition_Processed,INDB:0801,Mango vanilla custard,mango vanilla custard,,,,INDIAN_RECIPE,,PER_100_G,glass,1,1 glass,,,147.63,3.43,18.41,7.04,0.99,14.62,,2.85,,0.35,30.12,160.49,84.86,0.58,25.11,16.05,49.19,,,,,421.67,2757.99,828.29,HIGH,0,"Nutrition values are per 100 g based on Anuvaad INDB documentation. The supplied CSVs do not contain serving weights/volumes, so none were invented."
670362561755541633,indian-food-94d9b32bc28f081465a1118e5632b431,Anuvaad INDB + Indian_Food_Nutrition_Processed,INDB:0384,Marble cake,marble cake,,,,INDIAN_RECIPE,,PER_100_G,piece,1,1 piece,,,354.11,6.3,46.88,16.27,0.71,27.56,,9.53,,120.14,138.48,100.2,39.6,1.12,16.54,0.08,8.85,,,,,214.39,4390.9,833.99,HIGH,0,"Nutrition values are per 100 g based on Anuvaad INDB documentation. The supplied CSVs do not contain serving weights/volumes, so none were invented."
1150873069754002628,indian-food-ff8b8f598402cc4b723563e2a5b2c5b6,Anuvaad INDB + Indian_Food_Nutrition_Processed,INDB:1006,Marmalade (Murabba),marmalade (murabba),,,,INDIAN_RECIPE,,PER_100_G,,,,,,143.76,0.23,37.64,0.04,0.43,37.29,,0.01,,0.0,2.16,56.33,9.84,0.34,4.35,,,,,,,225.0,6.42,15.88,HIGH,0,"Nutrition values are per 100 g based on Anuvaad INDB documentation. The supplied CSVs do not contain serving weights/volumes, so none were invented."
1043120190292434153,indian-food-e79e849506b1ce99590615c9f301e6b7,Anuvaad INDB + Indian_Food_Nutrition_Processed,INDB:0569,Masala arbi,masala arbi,,,,INDIAN_RECIPE,,PER_100_G,bowl,1,1 bowl,,,185.38,3.01,16.16,11.9,3.1,0.81,,1.45,,0.0,261.31,467.53,32.08,0.99,35.19,1.9,20.12,,,,,98.56,2417.55,7464.85,HIGH,0,"Nutrition values are per 100 g based on Anuvaad INDB documentation. The supplied CSVs do not contain serving weights/volumes, so none were invented."
72818134231334539,indian-food-102b3b51010be8b2e7c538abff7bfed6,Anuvaad INDB + Indian_Food_Nutrition_Processed,INDB:0407,Masala biscuit,masala biscuit,,,,INDIAN_RECIPE,,PER_100_G,biscuit,1,1 biscuit,,,393.64,6.06,45.18,20.75,2.14,6.82,,12.22,,51.29,714.52,136.35,53.73,1.32,25.48,0.15,2.15,,,,,1276.8,5370.4,1160.13,HIGH,0,"Nutrition values are per 100 g based on Anuvaad INDB documentation. The supplied CSVs do not contain serving weights/volumes, so none were invented."
827519179227569102,indian-food-b7bf04f22ae9bce191bcedccbd6530ee,Anuvaad INDB + Indian_Food_Nutrition_Processed,INDB:0132,Masala dosa,masala dosa,,,,INDIAN_RECIPE,,PER_100_G,dosa,1,1 dosa,,,164.58,3.29,19.57,7.84,2.52,1.33,,0.96,,0.0,191.28,271.77,15.58,0.79,26.62,14.14,35.76,,,,,1008.09,1609.59,4867.08,HIGH,0,"Nutrition values are per 100 g based on Anuvaad INDB documentation. The supplied CSVs do not contain serving weights/volumes, so none were invented."
580264953033140790,indian-food-80d83e681262a36d9d2513267fc95200,Anuvaad INDB + Indian_Food_Nutrition_Processed,INDB:0504,Masala dosa mixed vegetable fillings,masala dosa mixed vegetable fillings,,,,INDIAN_RECIPE,,PER_100_G,dosa,1,1 dosa,,,144.53,4.84,23.02,3.26,4.31,1.53,,1.46,,5.18,122.08,329.75,31.79,1.21,36.14,52.07,89.33,,,,,2180.08,744.0,759.59,HIGH,0,"Nutrition values are per 100 g based on Anuvaad INDB documentation. The supplied CSVs do not contain serving weights/volumes, so none were invented."
531659697734931894,indian-food-760d5ada0e1d5b6bbc47a5ef06cde149,Anuvaad INDB + Indian_Food_Nutrition_Processed,INDB:0505,Masala dosa paneer fillings,masala dosa paneer fillings,,,,INDIAN_RECIPE,,PER_100_G,dosa,1,1 dosa,,,243.12,10.31,29.76,8.84,3.11,4.81,,4.69,,7.29,160.4,226.69,171.23,1.27,39.72,11.5,94.26,,,,,1342.68,2337.78,1080.24,HIGH,0,"Nutrition values are per 100 g based on Anuvaad INDB documentation. The supplied CSVs do not contain serving weights/volumes, so none were invented."
1029900404785408222,indian-food-e4af0f62543e8decd2c55751422951e1,Anuvaad INDB + Indian_Food_Nutrition_Processed,INDB:0665,Masala green chilli pakora/pakoda (Hari mirch kay pakode),masala green chilli pakora/pakoda (hari mirch kay pakode),,,,INDIAN_RECIPE,,PER_100_G,pakora,1,1 pakora,,,668.76,2.22,5.55,71.01,1.34,0.27,,8.53,,0.0,120.9,56.48,8.58,0.47,8.39,3.84,12.67,,,,,119.64,14554.42,44930.63,HIGH,0,"Nutrition values are per 100 g based on Anuvaad INDB documentation. The supplied CSVs do not contain serving weights/volumes, so none were invented."
545250493161052861,indian-food-7911e6f46789abdbb7164ec08e0e6695,Anuvaad INDB + Indian_Food_Nutrition_Processed,INDB:0664,Masala onion pakora/pakoda (Pyaaz ke pakode),masala onion pakora/pakoda (pyaaz ke pakode),,,,INDIAN_RECIPE,,PER_100_G,pakora,1,1 pakora,,,551.64,2.05,6.48,57.61,1.44,1.58,,6.93,,0.0,99.22,70.11,11.06,0.42,9.65,1.18,14.65,,,,,54.46,11809.75,36439.39,HIGH,0,"Nutrition values are per 100 g based on Anuvaad INDB documentation. The supplied CSVs do not contain serving weights/volumes, so none were invented."
627952302014474402,indian-food-8b6ef4aa97628a22cca810b3f986d2f2,Anuvaad INDB + Indian_Food_Nutrition_Processed,INDB:0875,Masala souffle,masala souffle,,,,INDIAN_RECIPE,,PER_100_G,souffle dish,1,1 souffle dish,,,123.51,6.38,8.02,7.37,1.24,1.84,,3.95,,86.45,131.14,274.75,103.68,0.74,18.3,382.64,363.81,,,,,442.75,2134.54,484.17,HIGH,0,"Nutrition values are per 100 g based on Anuvaad INDB documentation. The supplied CSVs do not contain serving weights/volumes, so none were invented."
230109064694903098,indian-food-33182f9a4bcb13a1acb871f229290367,Anuvaad INDB + Indian_Food_Nutrition_Processed,INDB:0675,Masala urad dal vada,masala urad dal vada,,,,INDIAN_RECIPE,,PER_100_G,vada,1,1 vada,,,703.78,4.32,9.93,71.62,2.71,0.7,,9.29,,0.0,61.49,232.79,11.87,1.0,33.89,2.05,15.89,,,,,91.16,14486.93,44567.64,HIGH,0,"Nutrition values are per 100 g based on Anuvaad INDB documentation. The supplied CSVs do not contain serving weights/volumes, so none were invented."
268483565264856625,indian-food-3b9d8614fa46631af143feb425d64226,Anuvaad INDB + Indian_Food_Nutrition_Processed,INDB:0352,Masala vada,masala vada,,,,INDIAN_RECIPE,,PER_100_G,vada,1,1 vada,,,826.02,1.69,4.06,89.15,1.07,0.24,,10.71,,0.0,74.53,97.19,7.45,0.52,10.44,2.05,32.14,,,,,148.63,18276.41,56443.62,HIGH,0,"Nutrition values are per 100 g based on Anuvaad INDB documentation. The supplied CSVs do not contain serving weights/volumes, so none were invented."
521081553826232171,indian-food-73b40e992d2376b41de9b98e4e65f388,Anuvaad INDB + Indian_Food_Nutrition_Processed,INDB:0961,Mashed banana with milk,mashed banana with milk,,,,INDIAN_RECIPE,,PER_100_G,,,,,,95.43,2.51,14.62,2.99,0.71,11.35,,1.78,,0.0,16.99,191.13,78.64,0.23,15.15,,,,,,,212.9,787.86,131.61,HIGH,0,"Nutrition values are per 100 g based on Anuvaad INDB documentation. The supplied CSVs do not contain serving weights/volumes, so none were invented."
1136563858823155192,indian-food-fc5e2cecdb38df8577d61ffbb310daa0,Anuvaad INDB + Indian_Food_Nutrition_Processed,INDB:0340,Mathri,mathri,,,,INDIAN_RECIPE,,PER_100_G,kachori,1,1 kachori,,,805.12,1.75,12.32,83.1,0.6,0.29,,9.98,,0.0,64.7,30.35,5.23,0.43,5.79,0.0,2.38,,,,,51.5,17034.38,52628.26,HIGH,0,"Nutrition values are per 100 g based on Anuvaad INDB documentation. The supplied CSVs do not contain serving weights/volumes, so none were invented."
508239691663230794,indian-food-70da14e8a57474aa427f69b59a45917e,Anuvaad INDB + Indian_Food_Nutrition_Processed,INDB:0944,Mayonnaise,mayonnaise,,,,INDIAN_RECIPE,,PER_100_G,,,,,,774.86,1.86,1.65,84.52,0.11,1.44,,10.74,,117.12,272.89,23.47,15.36,0.51,3.69,,,,,,,33.78,17899.45,52047.93,HIGH,0,"Nutrition values are per 100 g based on Anuvaad INDB documentation. The supplied CSVs do not contain serving weights/volumes, so none were invented."
949622521128048186,indian-food-d2dbca6d28c563abf9ca7d536e5fddc9,Anuvaad INDB + Indian_Food_Nutrition_Processed,INDB:0688,Mayonnaise vegetable dip,mayonnaise vegetable dip,,,,INDIAN_RECIPE,,PER_100_G,tablespoon,1,1 tablespoon,,,241.27,3.01,4.8,23.44,0.41,4.39,,5.04,,29.91,119.58,168.95,91.42,0.28,11.86,4.58,7.03,,,,,533.2,12320.94,4872.03,HIGH,0,"Nutrition values are per 100 g based on Anuvaad INDB documentation. The supplied CSVs do not contain serving weights/volumes, so none were invented."
142714186691417887,indian-food-1fb05cbf226971f1144c36d5d7149fd5,Anuvaad INDB + Indian_Food_Nutrition_Processed,INDB:0604,Mayonnaise without eggs,mayonnaise without eggs,,,,INDIAN_RECIPE,,PER_100_G,cup,1,1 cup,,,329.05,2.13,3.98,33.84,0.04,3.68,,6.12,,0.0,193.58,81.04,75.54,0.27,6.83,12.05,18.85,,,,,130.15,23426.99,2655.53,HIGH,0,"Nutrition values are per 100 g based on Anuvaad INDB documentation. The supplied CSVs do not contain serving weights/volumes, so none were invented."
153074736056887863,indian-food-21fd4a952c1ea37fe4cdea84dda14b87,Anuvaad INDB + Indian_Food_Nutrition_Processed,INDB:0510,Meat and macaroni casserole,meat and macaroni casserole,,,,INDIAN_RECIPE,,PER_100_G,small casserole dish,1,1 small casserole dish,,,161.55,9.15,16.12,10.17,1.19,1.0,,0.98,,2.13,2511.99,329.91,68.28,1.85,22.39,29.03,47.45,,,,,783.11,928.63,2307.13,HIGH,0,"Nutrition values are per 100 g based on Anuvaad INDB documentation. The supplied CSVs do not contain serving weights/volumes, so none were invented."
756878314167703035,indian-food-a80f8d10e2995fbd58ec5d50e090d64e,Anuvaad INDB + Indian_Food_Nutrition_Processed,INDB:0465,Meat consomme (with mutton),meat consomme (with mutton),,,,INDIAN_RECIPE,,PER_100_G,bowl,1,1 bowl,,,29.76,14.86,0.51,13.68,0.71,0.24,,0.01,,0.0,12665.52,366.48,115.88,4.22,38.67,2.44,15.49,,,,,206.11,3.91,14.76,HIGH,0,"Nutrition values are per 100 g based on Anuvaad INDB documentation. The supplied CSVs do not contain serving weights/volumes, so none were invented."
148201299795392252,indian-food-20e844c058e36fc97ce3f3c105260c19,Anuvaad INDB + Indian_Food_Nutrition_Processed,INDB:0463,Meat stock,meat stock,,,,INDIAN_RECIPE,,PER_100_G,cup,1,1 cup,,,24.48,2.1,0.0,1.78,0.0,0.0,,0.52,,11.03,8.62,31.03,0.86,0.05,2.41,0.0,6.0,,,,,0.0,775.86,362.07,HIGH,0,"Nutrition values are per 100 g based on Anuvaad INDB documentation. The supplied CSVs do not contain serving weights/volumes, so none were invented."
1092754414548473782,indian-food-f2a3e59b1e6d7b61f6cb8d1d83aa550e,Anuvaad INDB + Indian_Food_Nutrition_Processed,INDB:0413,Melting moments,melting moments,,,,INDIAN_RECIPE,,PER_100_G,biscuit,1,1 biscuit,,,437.91,5.71,55.84,21.78,1.88,25.0,,13.01,,80.33,119.09,112.25,30.39,1.2,21.49,0.0,3.59,,,,,243.52,5791.68,1183.33,HIGH,0,"Nutrition values are per 100 g based on Anuvaad INDB documentation. The supplied CSVs do not contain serving weights/volumes, so none were invented."
85415113944577284,indian-food-12f7497f51db504c1e9e1e47d0664901,Anuvaad INDB + Indian_Food_Nutrition_Processed,INDB:0299,Meringue and rice pudding,meringue and rice pudding,,,,INDIAN_RECIPE,,PER_100_G,bowl,1,1 bowl,,,112.93,4.84,14.6,4.05,0.17,10.87,,2.15,,40.85,44.16,110.88,85.43,0.37,8.94,3.02,24.69,,,,,151.09,1205.32,230.63,HIGH,0,"Nutrition values are per 100 g based on Anuvaad INDB documentation. The supplied CSVs do not contain serving weights/volumes, so none were invented."
935429211545917863,indian-food-cfb4fe96ab7d9a71e153b3e0558aded9,Anuvaad INDB + Indian_Food_Nutrition_Processed,INDB:0199,Methi chaman,methi chaman,,,,INDIAN_RECIPE,,PER_100_G,bowl,1,1 bowl,,,475.62,1.54,2.78,50.91,0.53,1.79,,6.88,,0.0,54.94,115.42,60.57,0.63,12.51,63.26,141.85,,,,,1205.41,10537.24,31291.37,HIGH,0,"Nutrition values are per 100 g based on Anuvaad INDB documentation. The supplied CSVs do not contain serving weights/volumes, so none were invented."
384881747345118658,indian-food-5575fe8f70995c230f4a8e420cd4fbba,Anuvaad INDB + Indian_Food_Nutrition_Processed,INDB:0206,Methi malai paneer,methi malai paneer,,,,INDIAN_RECIPE,,PER_100_G,bowl,1,1 bowl,,,194.98,7.34,8.15,14.76,1.47,6.0,,5.46,,7.11,221.16,125.72,183.96,0.77,22.08,13.6,73.86,,,,,602.57,3671.44,4730.85,HIGH,0,"Nutrition values are per 100 g based on Anuvaad INDB documentation. The supplied CSVs do not contain serving weights/volumes, so none were invented."
168278995144450246,indian-food-255d8dac0bea0c66ebc0a24d5d8562f4,Anuvaad INDB + Indian_Food_Nutrition_Processed,INDB:0332,Methi pakora/pakoda (Methi ke pakode),methi pakora/pakoda (methi ke pakode),,,,INDIAN_RECIPE,,PER_100_G,plate,1,1 plate,,,713.25,2.06,4.68,76.39,1.18,0.25,,9.18,,0.0,69.83,41.72,23.07,0.69,9.33,23.31,126.81,,,,,827.78,15657.55,48344.22,HIGH,0,"Nutrition values are per 100 g based on Anuvaad INDB documentation. The supplied CSVs do not contain serving weights/volumes, so none were invented."
925489761763736039,indian-food-cd80008ed3039e70a050f4819e86e280,Anuvaad INDB + Indian_Food_Nutrition_Processed,INDB:0482,Methi parantha/paratha,methi parantha/paratha,,,,INDIAN_RECIPE,,PER_100_G,parantha,1,1 parantha,,,148.36,4.27,22.19,4.34,5.09,2.44,,0.56,,0.0,48.36,193.92,65.85,2.42,54.87,12.63,28.46,,,,,2462.55,809.69,2655.25,HIGH,0,"Nutrition values are per 100 g based on Anuvaad INDB documentation. The supplied CSVs do not contain serving weights/volumes, so none were invented."
1130898404880522808,indian-food-fb1c21b83f59e38191dcbb4d0223bcc6,Anuvaad INDB + Indian_Food_Nutrition_Processed,INDB:0099,Methi poori,methi poori,,,,INDIAN_RECIPE,,PER_100_G,poori,1,1 poori,,,710.02,1.45,7.98,74.6,1.61,0.26,,9.26,,1.51,35.37,48.54,14.61,0.81,18.01,2.91,8.47,,,,,550.68,15318.2,46887.28,HIGH,0,"Nutrition values are per 100 g based on Anuvaad INDB documentation. The supplied CSVs do not contain serving weights/volumes, so none were invented."
264610163840568458,indian-food-3ac158ac3accc8a5cb16c00d402b3601,Anuvaad INDB + Indian_Food_Nutrition_Processed,INDB:0885,Methi thepla,methi thepla,,,,INDIAN_RECIPE,,PER_100_G,thepla,1,1 thepla,,,346.16,8.98,41.34,15.95,7.56,2.98,,2.24,,1.85,543.27,298.37,73.51,4.52,83.17,1.06,15.26,,,,,712.45,3263.2,9358.91,HIGH,0,"Nutrition values are per 100 g based on Anuvaad INDB documentation. The supplied CSVs do not contain serving weights/volumes, so none were invented."
248824007658301357,indian-food-374001ddc0fe7ade15dd95396e5a1430,Anuvaad INDB + Indian_Food_Nutrition_Processed,INDB:0500,Mexican rice,mexican rice,,,,INDIAN_RECIPE,,PER_100_G,plate,1,1 plate,,,120.57,4.62,14.21,4.88,1.64,1.44,,1.32,,11.9,93.42,147.26,14.51,0.55,14.39,42.71,53.09,,,,,1718.39,1392.69,1834.46,HIGH,0,"Nutrition values are per 100 g based on Anuvaad INDB documentation. The supplied CSVs do not contain serving weights/volumes, so none were invented."
612664685636015445,indian-food-8809f4919c2d555373a995a93ef09d74,Anuvaad INDB + Indian_Food_Nutrition_Processed,INDB:0322,Milk cake,milk cake,,,,INDIAN_RECIPE,,PER_100_G,slice,1,1 slice,,,127.41,3.01,9.13,8.93,0.06,8.9,,5.17,,11.56,24.97,109.26,104.94,0.2,7.48,8.0,18.19,,,,,261.74,2264.4,337.46,HIGH,0,"Nutrition values are per 100 g based on Anuvaad INDB documentation. The supplied CSVs do not contain serving weights/volumes, so none were invented."
95743159594639251,indian-food-15425e5794fdf932b175d7afb62abdf7,Anuvaad INDB + Indian_Food_Nutrition_Processed,INDB:0825,Milk cookies,milk cookies,,,,INDIAN_RECIPE,,PER_100_G,cookie,1,1 cookie,,,459.43,10.49,48.43,24.96,0.99,22.06,,15.67,,67.93,156.53,385.42,251.59,0.75,32.61,2.03,19.54,,,,,280.86,6339.12,968.68,HIGH,0,"Nutrition values are per 100 g based on Anuvaad INDB documentation. The supplied CSVs do not contain serving weights/volumes, so none were invented."
223160756734844353,indian-food-318d386a0fcddc1e999875ef8dae38af,Anuvaad INDB + Indian_Food_Nutrition_Processed,INDB:0915,Millet soup,millet soup,,,,INDIAN_RECIPE,,PER_100_G,bowl,1,1 bowl,,,55.99,11.26,8.22,12.57,2.82,1.45,,0.39,,1.45,10918.83,382.18,65.21,2.74,48.47,4.23,26.39,,,,,532.97,289.29,480.65,HIGH,0,"Nutrition values are per 100 g based on Anuvaad INDB documentation. The supplied CSVs do not contain serving weights/volumes, so none were invented."
471424347792558137,indian-food-68ad5f254a54839adf85d088072a258e,Anuvaad INDB + Indian_Food_Nutrition_Processed,INDB:0529,Minced meat ball curry,minced meat ball curry,,,,INDIAN_RECIPE,,PER_100_G,bowl,1,1 bowl,,,109.79,6.82,2.86,7.85,1.49,1.27,,2.45,,24.77,170.06,194.09,23.84,1.01,18.97,20.62,33.86,,,,,1085.56,2445.44,2350.81,HIGH,0,"Nutrition values are per 100 g based on Anuvaad INDB documentation. The supplied CSVs do not contain serving weights/volumes, so none were invented."
321342330367564000,indian-food-475a3259cdad8e08cc7699389bf70152,Anuvaad INDB + Indian_Food_Nutrition_Processed,INDB:0672,Minced meat cutlet,minced meat cutlet,,,,INDIAN_RECIPE,,PER_100_G,cutlet,1,1 cutlet,,,531.86,5.1,5.61,54.47,0.4,0.31,,7.5,,16.5,95.81,88.67,20.82,0.63,8.14,1.81,8.86,,,,,73.41,11684.04,32693.5,HIGH,0,"Nutrition values are per 100 g based on Anuvaad INDB documentation. The supplied CSVs do not contain serving weights/volumes, so none were invented."
467178749328623443,indian-food-67bc098e8580753ad5d9da1afa12d372,Anuvaad INDB + Indian_Food_Nutrition_Processed,INDB:0491,Minced meat pancake (with chicken),minced meat pancake (with chicken),,,,INDIAN_RECIPE,,PER_100_G,pancake,1,1 pancake,,,116.04,12.01,8.18,10.48,0.7,1.29,,2.32,,33.26,4942.18,254.7,64.72,1.99,25.38,2.14,12.77,,,,,494.43,1229.41,311.17,HIGH,0,"Nutrition values are per 100 g based on Anuvaad INDB documentation. The supplied CSVs do not contain serving weights/volumes, so none were invented."
136824654698037361,indian-food-1e6194c6bcac071220cab0ad0cba7301,Anuvaad INDB + Indian_Food_Nutrition_Processed,INDB:0376,Minced meat patties,minced meat patties,,,,INDIAN_RECIPE,,PER_100_G,patty,1,1 patty,,,265.72,6.88,15.25,19.57,0.77,0.88,,3.64,,81.36,252.18,119.59,19.23,0.93,13.2,1.58,16.37,,,,,113.5,4807.12,9927.14,HIGH,0,"Nutrition values are per 100 g based on Anuvaad INDB documentation. The supplied CSVs do not contain serving weights/volumes, so none were invented."
1114830040320746549,indian-food-f78ac03da40a435c85ff9b390853a7c0,Anuvaad INDB + Indian_Food_Nutrition_Processed,INDB:0369,Minced meat pie,minced meat pie,,,,INDIAN_RECIPE,,PER_100_G,pie,1,1 pie,,,221.55,7.38,18.11,13.04,2.33,1.42,,6.42,,34.57,127.85,185.89,18.14,1.07,22.33,37.52,69.49,,,,,916.55,3522.71,2098.14,HIGH,0,"Nutrition values are per 100 g based on Anuvaad INDB documentation. The supplied CSVs do not contain serving weights/volumes, so none were invented."
468532050850120419,indian-food-6808f6af8ce82e3c0111b249c3a9b28e,Anuvaad INDB + Indian_Food_Nutrition_Processed,INDB:0338,Minced meat samosa (Keema ka samosa),minced meat samosa (keema ka samosa),,,,INDIAN_RECIPE,,PER_100_G,samosa,1,1 samosa,,,620.99,4.43,6.14,64.26,0.39,0.5,,9.04,,16.71,88.64,81.99,6.7,0.55,7.78,0.82,4.62,,,,,57.98,13708.93,38681.06,HIGH,0,"Nutrition values are per 100 g based on Anuvaad INDB documentation. The supplied CSVs do not contain serving weights/volumes, so none were invented."
624477698507095489,indian-food-8aa97287dab3dc1fa758512851cf5a50,Anuvaad INDB + Indian_Food_Nutrition_Processed,INDB:0078,Minestrone soup,minestrone soup,,,,INDIAN_RECIPE,,PER_100_G,soup bowl,1,1 soup bowl,,,42.66,9.3,3.71,11.09,1.92,1.01,,0.79,,3.7,8875.06,299.64,53.55,1.82,31.06,19.43,23.24,,,,,1748.04,334.79,103.83,HIGH,0,"Nutrition values are per 100 g based on Anuvaad INDB documentation. The supplied CSVs do not contain serving weights/volumes, so none were invented."
1148043993821431587,indian-food-feeabee063f472381c37fdd9c4c34959,Anuvaad INDB + Indian_Food_Nutrition_Processed,INDB:0361,Mint and coriander chutney (Pudinay aur dhaniye ki chutney),mint and coriander chutney (pudinay aur dhaniye ki chutney),,,,INDIAN_RECIPE,,PER_100_G,tablespoon,1,1 tablespoon,,,102.6,2.81,21.18,0.51,4.33,15.88,,0.11,,0.0,391.66,459.42,107.45,4.76,62.72,3.62,10.89,,,,,6306.47,67.05,218.28,HIGH,0,"Nutrition values are per 100 g based on Anuvaad INDB documentation. The supplied CSVs do not contain serving weights/volumes, so none were invented."
45890953793655430,indian-food-0a309944f4652861a112bcc5d29c0e77,Anuvaad INDB + Indian_Food_Nutrition_Processed,INDB:0608,Mint and peanut raita (Pudinay aur moongfali ka raita),mint and peanut raita (pudinay aur moongfali ka raita),,,,INDIAN_RECIPE,,PER_100_G,bowl,1,1 bowl,,,112.05,7.05,7.31,6.19,1.79,6.17,,2.13,,8.26,223.01,365.46,191.01,1.68,48.55,6.06,44.25,,,,,2851.12,2350.98,1322.48,HIGH,0,"Nutrition values are per 100 g based on Anuvaad INDB documentation. The supplied CSVs do not contain serving weights/volumes, so none were invented."
398791214438144095,indian-food-588ca7f2421d85f62cb3f97f7aeee75f,Anuvaad INDB + Indian_Food_Nutrition_Processed,INDB:0693,Mint and peanut sandwich,mint and peanut sandwich,,,,INDIAN_RECIPE,,PER_100_G,sandwich,1,1 sandwich,,,273.59,7.18,31.83,13.88,3.67,2.78,,7.17,,21.7,453.3,198.91,114.99,1.7,34.02,1.75,15.62,,,,,2097.6,3192.06,965.8,HIGH,0,"Nutrition values are per 100 g based on Anuvaad INDB documentation. The supplied CSVs do not contain serving weights/volumes, so none were invented."
21202503472453169,indian-food-04b539087d3163103c0bd19d39f79d8f,Anuvaad INDB + Indian_Food_Nutrition_Processed,INDB:0254,Mint raita (Pudinay ka raita),mint raita (pudinay ka raita),,,,INDIAN_RECIPE,,PER_100_G,bowl,1,1 bowl,,,77.59,5.64,7.65,2.96,0.34,7.48,,1.84,,10.51,274.38,292.83,198.22,0.37,22.5,2.94,20.62,,,,,442.55,783.2,138.29,HIGH,0,"Nutrition values are per 100 g based on Anuvaad INDB documentation. The supplied CSVs do not contain serving weights/volumes, so none were invented."
569747962007599124,indian-food-7e826c0b6f73814daf48ba3eca81b16b,Anuvaad INDB + Indian_Food_Nutrition_Processed,INDB:0679,Mint tomato chutney (Pudinay aur tamatar ki chutney),mint tomato chutney (pudinay aur tamatar ki chutney),,,,INDIAN_RECIPE,,PER_100_G,tablespoon,1,1 tablespoon,,,43.65,1.53,8.22,0.36,2.63,5.48,,0.06,,0.0,183.98,268.71,47.59,2.06,32.52,4.07,4.94,,,,,6377.23,55.65,164.25,HIGH,0,"Nutrition values are per 100 g based on Anuvaad INDB documentation. The supplied CSVs do not contain serving weights/volumes, so none were invented."
461024753697448206,indian-food-665e39224cc610e2c76f154cbb7bc28e,Anuvaad INDB + Indian_Food_Nutrition_Processed,INDB:0442,Mintade,mintade,,,,INDIAN_RECIPE,,PER_100_G,glass,1,1 glass,,,40.32,0.03,10.59,0.02,0.03,10.47,,0.01,,0.0,26.69,6.0,2.1,0.05,0.85,8.5,4.69,,,,,84.27,1.31,11.27,HIGH,0,"Nutrition values are per 100 g based on Anuvaad INDB documentation. The supplied CSVs do not contain serving weights/volumes, so none were invented."
978471482462413876,indian-food-d943aa10f05a4340ec125db301d4d7d4,Anuvaad INDB + Indian_Food_Nutrition_Processed,INDB:0141,Mixed dal,mixed dal,,,,INDIAN_RECIPE,,PER_100_G,bowl,1,1 bowl,,,61.93,2.51,5.79,3.1,1.62,0.34,,0.37,,0.0,141.36,144.27,11.0,0.78,19.72,1.1,40.35,,,,,107.33,624.55,1869.15,HIGH,0,"Nutrition values are per 100 g based on Anuvaad INDB documentation. The supplied CSVs do not contain serving weights/volumes, so none were invented."
1013338296813683145,indian-food-e1019cfe2e101c97e387b1fc76ecb502,Anuvaad INDB + Indian_Food_Nutrition_Processed,INDB:0240,Mixed pulse and vegetable salad,mixed pulse and vegetable salad,,,,INDIAN_RECIPE,,PER_100_G,bowl,1,1 bowl,,,83.12,4.74,13.96,0.84,2.96,1.36,,0.14,,0.0,127.78,442.65,51.63,2.13,49.99,23.82,105.59,,,,,2388.85,120.56,442.36,HIGH,0,"Nutrition values are per 100 g based on Anuvaad INDB documentation. The supplied CSVs do not contain serving weights/volumes, so none were invented."
50179744224865254,indian-food-0b2463625716be69f2f2f6eeac0cb630,Anuvaad INDB + Indian_Food_Nutrition_Processed,INDB:0462,Mixed stock,mixed stock,,,,INDIAN_RECIPE,,PER_100_G,cup,1,1 cup,,,25.19,2.06,0.33,1.71,0.15,0.2,,0.5,,10.55,9.51,39.43,2.06,0.07,3.07,2.58,16.58,,,,,208.05,743.09,354.35,HIGH,0,"Nutrition values are per 100 g based on Anuvaad INDB documentation. The supplied CSVs do not contain serving weights/volumes, so none were invented."
1142348740684160784,indian-food-fda702092181f105c21b1725327102dc,Anuvaad INDB + Indian_Food_Nutrition_Processed,INDB:0330,Mixed vegetable pakora/pakoda,mixed vegetable pakora/pakoda,,,,INDIAN_RECIPE,,PER_100_G,plate,1,1 plate,,,673.81,1.94,5.12,71.86,1.13,0.38,,8.64,,0.0,65.35,75.24,9.55,0.46,9.51,21.46,143.18,,,,,315.85,14731.39,45473.01,HIGH,0,"Nutrition values are per 100 g based on Anuvaad INDB documentation. The supplied CSVs do not contain serving weights/volumes, so none were invented."
950524113332045571,indian-food-d30f0a51d99870368608c0b53a3f24de,Anuvaad INDB + Indian_Food_Nutrition_Processed,INDB:0984,Mixed vegetable pickle (Sabziyoon ka achaar),mixed vegetable pickle (sabziyoon ka achaar),,,,INDIAN_RECIPE,,PER_100_G,,,,,,211.2,1.9,7.48,19.68,2.76,2.77,,2.27,,0.0,2488.32,283.15,42.81,2.12,33.01,,,,,,,464.24,11262.04,4262.45,HIGH,0,"Nutrition values are per 100 g based on Anuvaad INDB documentation. The supplied CSVs do not contain serving weights/volumes, so none were invented."
491986514473200579,indian-food-6d3e320d5752bc3f1a30821754a85cf1,Anuvaad INDB + Indian_Food_Nutrition_Processed,INDB:0105,Mixed vegetable pulao,mixed vegetable pulao,,,,INDIAN_RECIPE,,PER_100_G,plate,1,1 plate,,,113.05,2.72,17.49,3.33,2.67,1.35,,0.43,,0.0,187.92,133.82,19.61,0.6,17.6,26.15,80.63,,,,,1340.13,671.57,2058.53,HIGH,0,"Nutrition values are per 100 g based on Anuvaad INDB documentation. The supplied CSVs do not contain serving weights/volumes, so none were invented."
267928372389289487,indian-food-3b7df6f65831e0f516142ebbfa483848,Anuvaad INDB + Indian_Food_Nutrition_Processed,INDB:0243,Mixed vegetable salad with curd sauce,mixed vegetable salad with curd sauce,,,,INDIAN_RECIPE,,PER_100_G,bowl,1,1 bowl,,,60.28,4.23,7.03,1.5,3.79,2.16,,0.88,,4.09,116.66,267.24,65.51,1.35,32.94,37.73,86.34,,,,,3408.86,364.96,160.55,HIGH,0,"Nutrition values are per 100 g based on Anuvaad INDB documentation. The supplied CSVs do not contain serving weights/volumes, so none were invented."
979222226063243797,indian-food-d96e56d2caaba15a30963473c8ca7ea5,Anuvaad INDB + Indian_Food_Nutrition_Processed,INDB:0470,Mixed vegetable soup,mixed vegetable soup,,,,INDIAN_RECIPE,,PER_100_G,bowl,1,1 bowl,,,35.71,8.22,2.95,11.66,1.64,1.64,,1.34,,3.87,9202.27,295.84,50.69,1.74,30.09,20.06,31.61,,,,,1100.41,555.06,120.26,HIGH,0,"Nutrition values are per 100 g based on Anuvaad INDB documentation. The supplied CSVs do not contain serving weights/volumes, so none were invented."
97020936119120976,indian-food-158b0070127f45056ba679b57234ec99,Anuvaad INDB + Indian_Food_Nutrition_Processed,INDB:0564,Mooli bhujia,mooli bhujia,,,,INDIAN_RECIPE,,PER_100_G,bowl,1,1 bowl,,,91.2,1.69,4.74,7.25,2.36,1.07,,0.9,,0.0,89.73,282.6,131.88,2.37,40.41,80.77,75.87,,,,,4782.41,4077.92,1643.67,HIGH,0,"Nutrition values are per 100 g based on Anuvaad INDB documentation. The supplied CSVs do not contain serving weights/volumes, so none were invented."
497660515037620732,indian-food-6e80b9a098e29fcca6305d170e153d9c,Anuvaad INDB + Indian_Food_Nutrition_Processed,INDB:0884,Moong bean dosa (Pesarattu),moong bean dosa (pesarattu),,,,INDIAN_RECIPE,,PER_100_G,pesarattu,1,1 pesarattu,,,285.96,12.32,31.91,11.67,6.04,2.9,,4.87,,17.86,61.36,704.21,36.44,3.38,86.95,1.48,14.32,,,,,514.38,2724.42,2968.49,HIGH,0,"Nutrition values are per 100 g based on Anuvaad INDB documentation. The supplied CSVs do not contain serving weights/volumes, so none were invented."
920920145623269239,indian-food-cc7c3fe42603f77a105f6fa50b0c2b30,Anuvaad INDB + Indian_Food_Nutrition_Processed,INDB:0277,Moong dal halwa,moong dal halwa,,,,INDIAN_RECIPE,,PER_100_G,bowl,1,1 bowl,,,349.8,8.35,40.23,17.68,2.65,25.59,,10.38,,34.81,11.19,386.87,110.4,1.51,46.78,0.03,34.53,,,,,442.28,4714.05,972.72,HIGH,0,"Nutrition values are per 100 g based on Anuvaad INDB documentation. The supplied CSVs do not contain serving weights/volumes, so none were invented."
998124014177022846,indian-food-dda0c80aacef37e1689e671e9338fec8,Anuvaad INDB + Indian_Food_Nutrition_Processed,INDB:0269,Moong dal kheer,moong dal kheer,,,,INDIAN_RECIPE,,PER_100_G,bowl,1,1 bowl,,,77.16,2.95,9.89,2.97,0.4,7.92,,1.69,,0.0,16.34,123.56,75.66,0.28,11.91,5.06,32.3,,,,,146.93,855.02,141.55,HIGH,0,"Nutrition values are per 100 g based on Anuvaad INDB documentation. The supplied CSVs do not contain serving weights/volumes, so none were invented."
180461793716002098,indian-food-281210b95f8dd3278c9366174b5c692a,Anuvaad INDB + Indian_Food_Nutrition_Processed,INDB:0966,Moong dal mixture,moong dal mixture,,,,INDIAN_RECIPE,,PER_100_G,,,,,,158.84,4.62,33.93,1.0,1.9,24.68,,0.49,,2.38,29.6,453.86,70.53,1.25,45.55,,,,,,,2184.27,188.22,180.57,HIGH,0,"Nutrition values are per 100 g based on Anuvaad INDB documentation. The supplied CSVs do not contain serving weights/volumes, so none were invented."
313153320358835905,indian-food-4588b492438f6c11022f154fed4e1ed4,Anuvaad INDB + Indian_Food_Nutrition_Processed,INDB:0454,Moong dal stuffed cheela/chilla (Moong dal ka cheela/chilla),moong dal stuffed cheela/chilla (moong dal ka cheela/chilla),,,,INDIAN_RECIPE,,PER_100_G,cheela,1,1 cheela,,,154.89,6.97,19.42,5.11,4.25,1.11,,0.65,,0.0,267.23,574.12,39.34,2.22,61.1,34.81,79.95,,,,,1103.75,1003.81,3074.91,HIGH,0,"Nutrition values are per 100 g based on Anuvaad INDB documentation. The supplied CSVs do not contain serving weights/volumes, so none were invented."
97473761881493235,indian-food-15a4bdeb7de0ef3bddee76851ad01474,Anuvaad INDB + Indian_Food_Nutrition_Processed,INDB:0519,Moong dal with vadi,moong dal with vadi,,,,INDIAN_RECIPE,,PER_100_G,curry bowl,1,1 curry bowl,,,24.08,0.4,1.0,2.05,0.39,0.45,,1.15,,4.75,112.36,33.66,2.99,0.18,3.98,10.19,11.52,,,,,318.11,521.45,161.44,HIGH,0,"Nutrition values are per 100 g based on Anuvaad INDB documentation. The supplied CSVs do not contain serving weights/volumes, so none were invented."
814686215320952845,indian-food-b4e58cbe39ce00d9c0e18483a3172bfb,Anuvaad INDB + Indian_Food_Nutrition_Processed,INDB:0146,Moti mahal dal (Urad rajmah mix dal),moti mahal dal (urad rajmah mix dal),,,,INDIAN_RECIPE,,PER_100_G,bowl,1,1 bowl,,,103.13,3.93,8.74,5.66,3.38,1.7,,1.0,,1.92,157.61,246.09,38.13,1.05,33.51,15.45,93.14,,,,,1117.93,1157.9,3158.37,HIGH,0,"Nutrition values are per 100 g based on Anuvaad INDB documentation. The supplied CSVs do not contain serving weights/volumes, so none were invented."
264766964843335453,indian-food-3aca426d7becf1dc4bbaf6cdd63a735c,Anuvaad INDB + Indian_Food_Nutrition_Processed,INDB:0472,Mulligatawny soup,mulligatawny soup,,,,INDIAN_RECIPE,,PER_100_G,bowl,1,1 bowl,,,54.42,11.26,8.24,13.28,2.6,1.26,,0.78,,3.05,11602.5,363.74,43.89,2.65,39.75,8.37,27.88,,,,,655.43,317.78,116.0,HIGH,0,"Nutrition values are per 100 g based on Anuvaad INDB documentation. The supplied CSVs do not contain serving weights/volumes, so none were invented."
180973136666438898,indian-food-282f21be4e42cf22c8a94827766ff85b,Anuvaad INDB + Indian_Food_Nutrition_Processed,INDB:0052,Murmura (Puffed rice),murmura (puffed rice),,,,INDIAN_RECIPE,,PER_100_G,bowl,1,1 bowl,,,113.32,3.62,15.67,4.04,0.28,7.31,,2.34,,0.0,22.52,114.53,103.79,0.63,14.18,4.82,16.87,,,,,178.11,1052.35,123.97,HIGH,0,"Nutrition values are per 100 g based on Anuvaad INDB documentation. The supplied CSVs do not contain serving weights/volumes, so none were invented."
837458344117255647,indian-food-b9f3fed4b4bbddff66786ff892c69a00,Anuvaad INDB + Indian_Food_Nutrition_Processed,INDB:0663,Murmura chikki,murmura chikki,,,,INDIAN_RECIPE,,PER_100_G,piece,1,1 piece,,,253.82,2.12,59.59,0.32,0.37,48.27,,0.05,,0.0,15.03,298.86,63.3,3.3,74.94,0.0,2.16,,,,,17.77,18.06,25.31,HIGH,0,"Nutrition values are per 100 g based on Anuvaad INDB documentation. The supplied CSVs do not contain serving weights/volumes, so none were invented."
376712511258017894,indian-food-53a5a0877fac066c9d2dc8c1419c22f3,Anuvaad INDB + Indian_Food_Nutrition_Processed,INDB:0038,Mushroom and cheese sandwich (toasted),mushroom and cheese sandwich (toasted),,,,INDIAN_RECIPE,,PER_100_G,triangle,1,1 triangle,,,227.42,7.79,21.01,13.01,2.28,2.11,,7.55,,35.12,456.57,198.37,172.35,0.84,21.16,0.0,12.7,,,,,83.2,3185.63,525.33,HIGH,0,"Nutrition values are per 100 g based on Anuvaad INDB documentation. The supplied CSVs do not contain serving weights/volumes, so none were invented."
482266158601849891,indian-food-6b15a841ea7cc233fc3565d96b7a7aae,Anuvaad INDB + Indian_Food_Nutrition_Processed,INDB:0535,Mushroom matar,mushroom matar,,,,INDIAN_RECIPE,,PER_100_G,bowl,1,1 bowl,,,70.77,2.79,5.33,4.11,3.13,1.39,,0.52,,0.0,61.63,214.87,21.42,0.81,21.71,39.15,54.07,,,,,1737.12,811.16,2560.04,HIGH,0,"Nutrition values are per 100 g based on Anuvaad INDB documentation. The supplied CSVs do not contain serving weights/volumes, so none were invented."
743299779233460615,indian-food-a50bb3606d63187371e33f64f5cfaf28,Anuvaad INDB + Indian_Food_Nutrition_Processed,INDB:0106,Mushroom pulao,mushroom pulao,,,,INDIAN_RECIPE,,PER_100_G,plate,1,1 plate,,,124.29,2.52,19.02,4.03,1.88,1.0,,0.51,,0.0,222.36,108.7,13.54,0.39,13.23,3.42,26.77,,,,,30.39,814.5,2498.46,HIGH,0,"Nutrition values are per 100 g based on Anuvaad INDB documentation. The supplied CSVs do not contain serving weights/volumes, so none were invented."
1031693323974411593,indian-food-e514f9caca305496712c6ef41735cfa4,Anuvaad INDB + Indian_Food_Nutrition_Processed,INDB:0938,Mushroom sauce,mushroom sauce,,,,INDIAN_RECIPE,,PER_100_G,,,,,,137.56,3.39,7.31,10.51,0.47,3.86,,6.52,,18.2,20.94,131.43,94.1,0.22,9.85,,,,,,,215.81,2711.64,390.94,HIGH,0,"Nutrition values are per 100 g based on Anuvaad INDB documentation. The supplied CSVs do not contain serving weights/volumes, so none were invented."
915247067094860446,indian-food-cb39c5bbbe8429e221c6fe151de37816,Anuvaad INDB + Indian_Food_Nutrition_Processed,INDB:0939,Mustard sauce,mustard sauce,,,,INDIAN_RECIPE,,PER_100_G,,,,,,158.58,3.98,8.29,12.17,0.13,4.22,,7.18,,19.97,22.16,128.41,109.03,0.44,14.9,,,,,,,236.79,3455.69,528.24,HIGH,0,"Nutrition values are per 100 g based on Anuvaad INDB documentation. The supplied CSVs do not contain serving weights/volumes, so none were invented."
158818300124343080,indian-food-2343c670abe2b281a225ba7e06f5d0c1,Anuvaad INDB + Indian_Food_Nutrition_Processed,INDB:1003,Mustard seeds baghar (Mustard seed tadka),mustard seeds baghar (mustard seed tadka),,,,INDIAN_RECIPE,,PER_100_G,,,,,,552.59,4.73,10.45,54.3,9.74,1.14,,31.34,,130.57,8.9,553.41,182.93,4.14,91.77,,,,,,,23706.77,14349.38,3383.41,HIGH,0,"Nutrition values are per 100 g based on Anuvaad INDB documentation. The supplied CSVs do not contain serving weights/volumes, so none were invented."
431117653744715166,indian-food-5fba338cfda859e068e1eaeaa97cfbad,Anuvaad INDB + Indian_Food_Nutrition_Processed,INDB:0112,Mutton biryani/biriyani,mutton biryani/biriyani,,,,INDIAN_RECIPE,,PER_100_G,plate,1,1 plate,,,190.76,7.38,22.5,7.72,2.42,2.39,,0.71,,0.4,262.64,212.05,68.58,1.29,19.12,10.28,30.07,,,,,811.04,935.61,2609.1,HIGH,0,"Nutrition values are per 100 g based on Anuvaad INDB documentation. The supplied CSVs do not contain serving weights/volumes, so none were invented."
804666334338999853,indian-food-b2abfc48cfde62d0f655d44320a7a6a7,Anuvaad INDB + Indian_Food_Nutrition_Processed,INDB:0218,Mutton chops,mutton chops,,,,INDIAN_RECIPE,,PER_100_G,chop,1,1 chop,,,663.64,4.03,1.48,71.31,0.17,0.42,,8.39,,13.32,51.03,70.56,36.18,0.64,2.32,3.75,16.68,,,,,23.11,14216.69,43506.75,HIGH,0,"Nutrition values are per 100 g based on Anuvaad INDB documentation. The supplied CSVs do not contain serving weights/volumes, so none were invented."
888759226455686206,indian-food-c5581cebfbdfc3e43c24b7ac2d758692,Anuvaad INDB + Indian_Food_Nutrition_Processed,INDB:0217,Mutton do piaza,mutton do piaza,,,,INDIAN_RECIPE,,PER_100_G,bowl,1,1 bowl,,,183.3,9.39,4.14,14.41,1.93,2.9,,5.65,,77.86,118.62,240.92,118.61,1.63,18.38,7.42,67.3,,,,,357.27,2965.96,673.42,HIGH,0,"Nutrition values are per 100 g based on Anuvaad INDB documentation. The supplied CSVs do not contain serving weights/volumes, so none were invented."
79435108392959002,indian-food-11a35cf6a74fc1a9efd26715ee28b7c7,Anuvaad INDB + Indian_Food_Nutrition_Processed,INDB:0527,Mutton korma,mutton korma,,,,INDIAN_RECIPE,,PER_100_G,bowl,1,1 bowl,,,115.64,7.09,2.53,8.54,0.78,1.64,,1.17,,3.9,56.94,165.87,79.07,1.09,8.63,5.54,31.82,,,,,116.2,966.88,1809.2,HIGH,0,"Nutrition values are per 100 g based on Anuvaad INDB documentation. The supplied CSVs do not contain serving weights/volumes, so none were invented."
1148569562828236014,indian-food-ff089ee9833e4ee6e6ff6e72527fbbf8,Anuvaad INDB + Indian_Food_Nutrition_Processed,INDB:0498,Mutton pulao,mutton pulao,,,,INDIAN_RECIPE,,PER_100_G,plate,1,1 plate,,,130.77,6.52,11.26,10.78,1.65,1.0,,1.21,,2.35,3115.59,177.66,49.87,1.25,22.89,4.47,39.34,,,,,61.83,1665.93,2839.89,HIGH,0,"Nutrition values are per 100 g based on Anuvaad INDB documentation. The supplied CSVs do not contain serving weights/volumes, so none were invented."
36296964439534277,indian-food-080f3e597d7eac55284dd45145df4614,Anuvaad INDB + Indian_Food_Nutrition_Processed,INDB:0531,Mutton seekh kebab,mutton seekh kebab,,,,INDIAN_RECIPE,,PER_100_G,kebab,1,1 kebab,,,133.94,11.25,3.11,8.43,1.88,1.4,,0.11,,0.0,102.17,269.59,117.44,2.19,19.83,3.97,5.3,,,,,244.74,431.57,257.35,HIGH,0,"Nutrition values are per 100 g based on Anuvaad INDB documentation. The supplied CSVs do not contain serving weights/volumes, so none were invented."
1003918893502959123,indian-food-deea2ea268c0e13f1ba73b0478190400,Anuvaad INDB + Indian_Food_Nutrition_Processed,INDB:0215,Mutton yakhni,mutton yakhni,,,,INDIAN_RECIPE,,PER_100_G,bowl,1,1 bowl,,,104.13,8.27,0.84,7.7,0.67,0.13,,0.24,,0.0,101.02,154.3,88.61,1.66,8.54,0.09,6.51,,,,,19.19,472.15,1137.71,HIGH,0,"Nutrition values are per 100 g based on Anuvaad INDB documentation. The supplied CSVs do not contain serving weights/volumes, so none were invented."
77755928092587112,indian-food-1143e9ac923b468ebecfee5e5227143b,Anuvaad INDB + Indian_Food_Nutrition_Processed,INDB:0129,Naan,naan,,,,INDIAN_RECIPE,,PER_100_G,naan,1,1 naan,,,286.45,8.05,51.75,4.99,1.91,5.59,,2.75,,10.15,326.11,166.24,88.01,1.29,27.53,0.23,7.56,,,,,238.35,1219.12,438.43,HIGH,0,"Nutrition values are per 100 g based on Anuvaad INDB documentation. The supplied CSVs do not contain serving weights/volumes, so none were invented."
229260976044778555,indian-food-32e7fa49e02243bcfea8a2f14ce49d55,Anuvaad INDB + Indian_Food_Nutrition_Processed,INDB:0776,Namkeen daliya,namkeen daliya,,,,INDIAN_RECIPE,,PER_100_G,plate,1,1 plate,,,295.11,8.29,49.32,7.99,8.57,0.82,,0.87,,0.0,149.63,51.52,35.98,2.99,4.34,6.88,6.32,,,,,1279.71,1471.48,4544.53,HIGH,0,"Nutrition values are per 100 g based on Anuvaad INDB documentation. The supplied CSVs do not contain serving weights/volumes, so none were invented."
604137273326353697,indian-food-86253a63430bd218eef853a128f39c44,Anuvaad INDB + Indian_Food_Nutrition_Processed,INDB:0792,Nannari sharbat,nannari sharbat,,,,INDIAN_RECIPE,,PER_100_G,cup,1,1 cup,,,88.79,0.01,23.62,0.01,0.0,23.58,,0.0,,0.0,1.16,3.35,2.67,0.05,0.61,9.92,2.29,,,,,0.83,0.43,4.51,HIGH,0,"Nutrition values are per 100 g based on Anuvaad INDB documentation. The supplied CSVs do not contain serving weights/volumes, so none were invented."
495742789210685835,indian-food-6e13b70b2dd418b8d782d60302b307da,Anuvaad INDB + Indian_Food_Nutrition_Processed,INDB:0110,Navratan pulao,navratan pulao,,,,INDIAN_RECIPE,,PER_100_G,plate,1,1 plate,,,261.71,6.2,36.98,9.45,3.82,2.52,,1.7,,0.0,334.26,185.63,59.61,1.1,32.27,12.89,46.97,,,,,1517.86,2268.66,4982.27,HIGH,0,"Nutrition values are per 100 g based on Anuvaad INDB documentation. The supplied CSVs do not contain serving weights/volumes, so none were invented."
253117435612115826,indian-food-38340f7741e3372e608dfd30a7c994d8,Anuvaad INDB + Indian_Food_Nutrition_Processed,INDB:0048,Oatmeal Porridge,oatmeal porridge,,,,INDIAN_RECIPE,,PER_100_G,bowl,1,1 bowl,,,72.85,2.6,8.77,3.22,0.39,5.2,,1.76,,0.02,16.14,91.03,76.83,0.28,10.97,5.03,23.98,,,,,125.63,918.84,246.98,HIGH,0,"Nutrition values are per 100 g based on Anuvaad INDB documentation. The supplied CSVs do not contain serving weights/volumes, so none were invented."
440198114844487689,indian-food-61be5da6a1a30099364ebf0b0b08a3bd,Anuvaad INDB + Indian_Food_Nutrition_Processed,INDB:0803,Oats burfi,oats burfi,,,,INDIAN_RECIPE,,PER_100_G,piece,1,1 piece,,,425.19,8.89,62.47,17.27,4.96,32.93,,5.11,,10.33,8.15,314.78,128.58,2.46,96.12,0.06,17.81,,,,,103.88,7837.72,3258.64,HIGH,0,"Nutrition values are per 100 g based on Anuvaad INDB documentation. The supplied CSVs do not contain serving weights/volumes, so none were invented."
254086719665997460,indian-food-386b2867bd60694a1a2a3fc52c3a91eb,Anuvaad INDB + Indian_Food_Nutrition_Processed,INDB:0571,Okra/Lady's fingers fry (Bhindi sabzi/sabji/subji),okra/lady's fingers fry (bhindi sabzi/sabji/subji),,,,INDIAN_RECIPE,,PER_100_G,bowl,1,1 bowl,,,110.81,1.83,4.5,9.27,3.57,1.42,,1.15,,0.0,92.78,233.03,67.88,0.88,52.6,29.07,85.27,,,,,927.88,1883.92,5827.37,HIGH,0,"Nutrition values are per 100 g based on Anuvaad INDB documentation. The supplied CSVs do not contain serving weights/volumes, so none were invented."
765742288823630010,indian-food-aa0768dfad3b8ba6037a8a7f67b4500f,Anuvaad INDB + Indian_Food_Nutrition_Processed,INDB:0827,Olive biscuit,olive biscuit,,,,INDIAN_RECIPE,,PER_100_G,biscuit,1,1 biscuit,,,438.29,3.2,55.01,23.75,0.82,32.27,,12.81,,48.63,120.1,53.32,10.76,1.37,9.54,0.0,2.28,,,,,218.74,6872.87,981.73,HIGH,0,"Nutrition values are per 100 g based on Anuvaad INDB documentation. The supplied CSVs do not contain serving weights/volumes, so none were invented."
749158983362308973,indian-food-a658c204b9a6b6d95fb742610121b5a9,Anuvaad INDB + Indian_Food_Nutrition_Processed,INDB:0865,Onion chutney (Pyaaz ki chutney/Vengaya chutney),onion chutney (pyaaz ki chutney/vengaya chutney),,,,INDIAN_RECIPE,,PER_100_G,cup,1,1 cup,,,143.94,2.97,13.52,8.38,4.6,6.8,,1.05,,0.0,256.89,342.69,28.5,1.19,37.83,2.83,17.03,,,,,6574.51,1665.27,5194.26,HIGH,0,"Nutrition values are per 100 g based on Anuvaad INDB documentation. The supplied CSVs do not contain serving weights/volumes, so none were invented."
213928708433234016,indian-food-2f80706e16bc860e9191b628881a39d4,Anuvaad INDB + Indian_Food_Nutrition_Processed,INDB:0328,Onion pakora/pakoda (Pyaaz ke pakode),onion pakora/pakoda (pyaaz ke pakode),,,,INDIAN_RECIPE,,PER_100_G,plate,1,1 plate,,,674.61,1.9,5.41,71.84,1.11,0.88,,8.63,,0.0,63.55,46.12,7.95,0.36,7.13,5.36,119.81,,,,,32.85,14732.48,45463.55,HIGH,0,"Nutrition values are per 100 g based on Anuvaad INDB documentation. The supplied CSVs do not contain serving weights/volumes, so none were invented."
258222949245412624,indian-food-39564677aa065104e2e3cc57df1fe6ad,Anuvaad INDB + Indian_Food_Nutrition_Processed,INDB:0871,Onion raita (Pyaaz ka raita),onion raita (pyaaz ka raita),,,,INDIAN_RECIPE,,PER_100_G,bowl,1,1 bowl,,,71.56,4.86,7.86,2.43,0.65,7.07,,1.51,,8.61,189.96,269.88,163.8,0.3,20.55,8.44,32.13,,,,,382.51,625.89,115.72,HIGH,0,"Nutrition values are per 100 g based on Anuvaad INDB documentation. The supplied CSVs do not contain serving weights/volumes, so none were invented."
679122786186640497,indian-food-96cba936d873c716345cb8f82757e4d4,Anuvaad INDB + Indian_Food_Nutrition_Processed,INDB:1002,Onion tomato baghar (Pyaaz tamatar ka tadka),onion tomato baghar (pyaaz tamatar ka tadka),,,,INDIAN_RECIPE,,PER_100_G,,,,,,137.52,1.26,6.17,11.98,2.12,3.51,,6.99,,29.17,31.33,174.16,20.45,0.63,16.74,,,,,,,2496.3,3097.01,697.59,HIGH,0,"Nutrition values are per 100 g based on Anuvaad INDB documentation. The supplied CSVs do not contain serving weights/volumes, so none were invented."
733488536524745751,indian-food-a2ddff01260ec175af3447e4c3f08436,Anuvaad INDB + Indian_Food_Nutrition_Processed,INDB:0134,Onion tomato uttapam,onion tomato uttapam,,,,INDIAN_RECIPE,,PER_100_G,uttapam,1,1 uttapam,,,462.02,1.91,11.32,45.3,1.26,0.8,,5.46,,0.0,143.53,90.2,5.82,0.36,12.35,4.78,11.68,,,,,554.36,9283.93,28671.18,HIGH,0,"Nutrition values are per 100 g based on Anuvaad INDB documentation. The supplied CSVs do not contain serving weights/volumes, so none were invented."
799589807570268700,indian-food-b18b6b18e3fb21ca937dfe63af9f89f4,Anuvaad INDB + Indian_Food_Nutrition_Processed,INDB:0481,Onion-green chilli parantha/paratha (Pyaaz aur hari mirch ka parantha/paratha),onion-green chilli parantha/paratha (pyaaz aur hari mirch ka parantha/paratha),,,,INDIAN_RECIPE,,PER_100_G,parantha,1,1 parantha,,,191.27,4.37,26.37,7.27,5.16,2.71,,0.89,,0.0,241.19,190.31,24.91,1.81,53.42,3.05,16.17,,,,,311.21,1432.34,4472.19,HIGH,0,"Nutrition values are per 100 g based on Anuvaad INDB documentation. The supplied CSVs do not contain serving weights/volumes, so none were invented."
87789444685605631,indian-food-137e408e983aaffc8da3f1ecaeb7909a,Anuvaad INDB + Indian_Food_Nutrition_Processed,INDB:0293,Orange and pineapple cream,orange and pineapple cream,,,,INDIAN_RECIPE,,PER_100_G,bowl,1,1 bowl,,,101.18,1.44,11.96,5.43,1.03,11.37,,3.43,,15.43,10.17,114.98,35.0,0.41,8.47,19.89,10.56,,,,,290.68,1433.94,200.84,HIGH,0,"Nutrition values are per 100 g based on Anuvaad INDB documentation. The supplied CSVs do not contain serving weights/volumes, so none were invented."
580186502964521047,indian-food-80d3c8cecad28576f634b42e271b7b2e,Anuvaad INDB + Indian_Food_Nutrition_Processed,INDB:0721,Orange biscuit,orange biscuit,,,,INDIAN_RECIPE,,PER_100_G,biscuit,1,1 biscuit,,,354.78,3.63,62.11,11.01,0.75,42.63,,6.69,,51.51,259.14,62.46,20.35,0.77,9.64,1.36,5.1,,,,,187.0,2844.49,517.39,HIGH,0,"Nutrition values are per 100 g based on Anuvaad INDB documentation. The supplied CSVs do not contain serving weights/volumes, so none were invented."
2680891535237682,indian-food-0098641b3a3a232687f90a6ef8a756d0,Anuvaad INDB + Indian_Food_Nutrition_Processed,INDB:0386,Orange cake,orange cake,,,,INDIAN_RECIPE,,PER_100_G,piece,1,1 piece,,,357.61,6.1,48.28,16.21,0.83,28.38,,9.49,,123.67,105.41,90.64,29.72,1.06,12.17,1.88,9.25,,,,,208.55,4363.78,843.19,HIGH,0,"Nutrition values are per 100 g based on Anuvaad INDB documentation. The supplied CSVs do not contain serving weights/volumes, so none were invented."
247181952240014592,indian-food-36e2aad0a275500c214cde2b30cc758d,Anuvaad INDB + Indian_Food_Nutrition_Processed,INDB:0740,Orange chiffon pie,orange chiffon pie,,,,INDIAN_RECIPE,,PER_100_G,pie,1,1 pie,,,207.57,3.89,23.14,11.16,0.7,10.46,,6.8,,53.94,73.23,100.87,30.34,0.62,11.03,84.88,91.24,,,,,258.92,2928.84,504.69,HIGH,0,"Nutrition values are per 100 g based on Anuvaad INDB documentation. The supplied CSVs do not contain serving weights/volumes, so none were invented."
223738389937705408,indian-food-31ae0e156dad1c03e739430980ba179b,Anuvaad INDB + Indian_Food_Nutrition_Processed,INDB:0736,Orange cream flan,orange cream flan,,,,INDIAN_RECIPE,,PER_100_G,flan,1,1 flan,,,280.28,4.73,36.16,13.59,0.63,25.27,,7.84,,119.55,82.41,97.95,27.9,0.93,9.77,43.79,76.78,,,,,317.4,3719.91,727.87,HIGH,0,"Nutrition values are per 100 g based on Anuvaad INDB documentation. The supplied CSVs do not contain serving weights/volumes, so none were invented."
265218767862663388,indian-food-3ae3f106e3888dc85c7078f44955e694,Anuvaad INDB + Indian_Food_Nutrition_Processed,INDB:0365,Orange cream tart,orange cream tart,,,,INDIAN_RECIPE,,PER_100_G,tart,1,1 tart,,,197.16,2.58,27.43,8.72,0.64,10.08,,5.44,,22.13,36.85,136.02,13.84,0.58,13.59,19.6,13.7,,,,,182.91,2186.41,375.05,HIGH,0,"Nutrition values are per 100 g based on Anuvaad INDB documentation. The supplied CSVs do not contain serving weights/volumes, so none were invented."
1077999167298481244,indian-food-ef5d287fafe2c5cefd76c2fa2fbda585,Anuvaad INDB + Indian_Food_Nutrition_Processed,INDB:0716,Orange eggless cake,orange eggless cake,,,,INDIAN_RECIPE,,PER_100_G,piece,1,1 piece,,,355.62,7.16,52.65,13.82,0.56,37.87,,8.63,,40.97,226.28,277.82,205.84,0.52,26.13,3.47,13.72,,,,,163.75,3665.0,515.9,HIGH,0,"Nutrition values are per 100 g based on Anuvaad INDB documentation. The supplied CSVs do not contain serving weights/volumes, so none were invented."
545983440150756680,indian-food-793b90bcb6e7d48688028b50c3d822a1,Anuvaad INDB + Indian_Food_Nutrition_Processed,INDB:0710,Orange gateau,orange gateau,,,,INDIAN_RECIPE,,PER_100_G,piece,1,1 piece,,,178.05,4.78,27.01,6.02,0.68,18.33,,3.18,,87.91,80.41,117.51,41.69,0.89,10.77,10.49,15.12,,,,,296.06,1797.28,423.92,HIGH,0,"Nutrition values are per 100 g based on Anuvaad INDB documentation. The supplied CSVs do not contain serving weights/volumes, so none were invented."
690221055959116614,indian-food-9942864b8f02b46cf36840d5e635c122,Anuvaad INDB + Indian_Food_Nutrition_Processed,INDB:0979,Orange marmalade (Santray ka murabba),orange marmalade (santray ka murabba),,,,INDIAN_RECIPE,,PER_100_G,,,,,,104.17,0.66,25.94,0.13,1.97,25.09,,0.03,,0.0,2.31,148.92,17.59,0.63,9.87,,,,,,,587.74,17.69,54.81,HIGH,0,"Nutrition values are per 100 g based on Anuvaad INDB documentation. The supplied CSVs do not contain serving weights/volumes, so none were invented."
372808391578218852,indian-food-52c7b41c54df1644d9f11c26b83fbb30,Anuvaad INDB + Indian_Food_Nutrition_Processed,INDB:0018,Orange milkshake (Narangi milkshake),orange milkshake (narangi milkshake),,,,INDIAN_RECIPE,,PER_100_G,tall glass,1,1 tall glass,,,57.42,1.86,7.11,2.52,0.0,7.08,,1.53,,0.0,14.63,73.43,67.42,0.11,5.3,10.82,16.85,,,,,115.26,683.94,77.75,HIGH,0,"Nutrition values are per 100 g based on Anuvaad INDB documentation. The supplied CSVs do not contain serving weights/volumes, so none were invented."
1080871074022105722,indian-food-f000683df15227ad713d379e6797a277,Anuvaad INDB + Indian_Food_Nutrition_Processed,INDB:0785,Orange milkshake with ice cream (Narangi milkshake ice cream ke saath),orange milkshake with ice cream (narangi milkshake ice cream ke saath),,,,INDIAN_RECIPE,,PER_100_G,tall glass,1,1 tall glass,,,67.82,1.95,9.15,2.75,0.16,9.0,,1.67,,1.3,16.65,87.59,69.8,0.19,6.35,20.86,21.34,,,,,187.28,738.94,92.78,HIGH,0,"Nutrition values are per 100 g based on Anuvaad INDB documentation. The supplied CSVs do not contain serving weights/volumes, so none were invented."
957546365587371298,indian-food-d49e358a0cd352225da23adbbf0bb93e,Anuvaad INDB + Indian_Food_Nutrition_Processed,INDB:0459,Orange omelette/omlet,orange omelette/omlet,,,,INDIAN_RECIPE,,PER_100_G,egg,1,1 egg,,,194.66,8.93,1.68,16.84,0.0,1.68,,8.8,,268.82,340.92,267.16,37.33,1.26,11.03,7.2,28.86,,,,,179.67,5041.45,1130.26,HIGH,0,"Nutrition values are per 100 g based on Anuvaad INDB documentation. The supplied CSVs do not contain serving weights/volumes, so none were invented."
85289244692845278,indian-food-12f021dbd1412de1c852327549af0732,Anuvaad INDB + Indian_Food_Nutrition_Processed,INDB:0286,Orange souffle,orange souffle,,,,INDIAN_RECIPE,,PER_100_G,souffle cup,1,1 souffle cup,,,168.28,6.8,14.2,9.73,0.22,12.31,,5.59,,97.54,49.22,101.26,59.04,0.65,8.23,19.16,37.93,,,,,214.64,2794.54,502.56,HIGH,0,"Nutrition values are per 100 g based on Anuvaad INDB documentation. The supplied CSVs do not contain serving weights/volumes, so none were invented."
852527821821718924,indian-food-bd4c9897cd2318ce8b8cfad767a1dc66,Anuvaad INDB + Indian_Food_Nutrition_Processed,INDB:0970,Orange squash (Santre ka squash),orange squash (santre ka squash),,,,INDIAN_RECIPE,,PER_100_G,,,,,,193.26,0.22,50.88,0.04,0.4,50.56,,0.01,,0.0,14.85,52.78,10.62,0.34,4.35,,,,,,,207.63,5.92,14.65,HIGH,0,"Nutrition values are per 100 g based on Anuvaad INDB documentation. The supplied CSVs do not contain serving weights/volumes, so none were invented."
1089905999705214164,indian-food-f201fbb6eff0cd4fa73d75e8ca0c0f58,Anuvaad INDB + Indian_Food_Nutrition_Processed,INDB:0857,Paaner do pyaza,paaner do pyaza,,,,INDIAN_RECIPE,,PER_100_G,bowl,1,1 bowl,,,127.7,4.22,3.41,10.87,0.84,2.2,,3.61,,15.07,160.66,135.24,57.22,0.45,17.05,16.81,35.64,,,,,623.05,2916.58,3483.96,HIGH,0,"Nutrition values are per 100 g based on Anuvaad INDB documentation. The supplied CSVs do not contain serving weights/volumes, so none were invented."
150477142043955679,indian-food-2169a29d65891df4b8433de8d73b0aea,Anuvaad INDB + Indian_Food_Nutrition_Processed,INDB:0061,Pancake,pancake,,,,INDIAN_RECIPE,,PER_100_G,pancake,1,1 pancake,,,203.36,5.68,20.49,10.82,0.65,3.32,,2.77,,35.93,143.7,116.83,79.49,0.69,13.56,0.5,5.43,,,,,195.39,2526.38,4767.85,HIGH,0,"Nutrition values are per 100 g based on Anuvaad INDB documentation. The supplied CSVs do not contain serving weights/volumes, so none were invented."
35719228095118336,indian-food-07ee672de42bc00fbb44003674c03593,Anuvaad INDB + Indian_Food_Nutrition_Processed,INDB:0922,Panchmel dal,panchmel dal,,,,INDIAN_RECIPE,,PER_100_G,bowl,1,1 bowl,,,111.22,4.63,10.71,5.36,3.2,0.75,,2.9,,11.86,79.46,269.92,23.05,1.42,32.49,8.49,79.58,,,,,1481.13,1361.43,489.16,HIGH,0,"Nutrition values are per 100 g based on Anuvaad INDB documentation. The supplied CSVs do not contain serving weights/volumes, so none were invented."
727315602169845207,indian-food-a17f1afcaeed5d7f5a4c30a6812729bb,Anuvaad INDB + Indian_Food_Nutrition_Processed,INDB:0339,Paneer and pea samosa (Paneer matar ka samosa),paneer and pea samosa (paneer matar ka samosa),,,,INDIAN_RECIPE,,PER_100_G,samosa,1,1 samosa,,,623.81,4.02,8.55,63.65,1.02,1.69,,8.52,,0.0,78.18,52.58,64.56,0.53,11.02,6.67,26.39,,,,,216.95,13207.58,39205.16,HIGH,0,"Nutrition values are per 100 g based on Anuvaad INDB documentation. The supplied CSVs do not contain serving weights/volumes, so none were invented."
675801097725909435,indian-food-960ed8490c599bb28851f26a9ed6cbe0,Anuvaad INDB + Indian_Food_Nutrition_Processed,INDB:0178,Paneer curry,paneer curry,,,,INDIAN_RECIPE,,PER_100_G,bowl,1,1 bowl,,,176.52,7.8,8.4,12.38,1.4,6.29,,4.13,,0.0,216.09,142.72,189.06,0.81,21.83,20.04,95.56,,,,,1745.97,2989.88,4484.07,HIGH,0,"Nutrition values are per 100 g based on Anuvaad INDB documentation. The supplied CSVs do not contain serving weights/volumes, so none were invented."
1003095515906097668,indian-food-debb60e9d5ec2047ebc044bdee60b0b1,Anuvaad INDB + Indian_Food_Nutrition_Processed,INDB:0668,Paneer cutlet,paneer cutlet,,,,INDIAN_RECIPE,,PER_100_G,cutlet,1,1 cutlet,,,672.2,4.59,7.62,69.38,0.39,2.52,,9.68,,0.0,91.45,35.43,107.86,0.48,8.93,1.81,38.34,,,,,132.28,14442.97,42104.15,HIGH,0,"Nutrition values are per 100 g based on Anuvaad INDB documentation. The supplied CSVs do not contain serving weights/volumes, so none were invented."
495297886475645102,indian-food-6dfa6cdb561f0aebee113473211d752e,Anuvaad INDB + Indian_Food_Nutrition_Processed,INDB:0205,Paneer in butter sauce,paneer in butter sauce,,,,INDIAN_RECIPE,,PER_100_G,bowl,1,1 bowl,,,145.61,6.99,9.7,8.81,1.5,7.49,,5.26,,9.9,151.45,158.34,170.59,0.85,23.01,18.02,64.79,,,,,2146.72,2378.26,392.42,HIGH,0,"Nutrition values are per 100 g based on Anuvaad INDB documentation. The supplied CSVs do not contain serving weights/volumes, so none were invented."
117029089045455493,indian-food-19fc55620f122852cfb6d72fb62ae36b,Anuvaad INDB + Indian_Food_Nutrition_Processed,INDB:0135,Paneer kaathi roll,paneer kaathi roll,,,,INDIAN_RECIPE,,PER_100_G,kaathi roll,1,1 kaathi roll,,,285.94,6.92,20.1,19.55,2.4,3.29,,3.71,,30.84,221.03,130.5,101.66,1.42,29.55,18.67,54.04,,,,,384.66,4319.96,10424.25,HIGH,0,"Nutrition values are per 100 g based on Anuvaad INDB documentation. The supplied CSVs do not contain serving weights/volumes, so none were invented."
491961682886135727,indian-food-6d3cc8b47880faf525b8deb193b340c8,Anuvaad INDB + Indian_Food_Nutrition_Processed,INDB:0265,Paneer kheer,paneer kheer,,,,INDIAN_RECIPE,,PER_100_G,bowl,1,1 bowl,,,105.31,4.53,10.03,5.37,0.07,9.87,,3.12,,0.0,23.81,112.75,144.66,0.26,10.91,5.06,41.81,,,,,190.5,1567.27,208.53,HIGH,0,"Nutrition values are per 100 g based on Anuvaad INDB documentation. The supplied CSVs do not contain serving weights/volumes, so none were invented."
739672766078623801,indian-food-a43d8763825a0398bf7a96aa077474d8,Anuvaad INDB + Indian_Food_Nutrition_Processed,INDB:0183,Paneer kofta curry,paneer kofta curry,,,,INDIAN_RECIPE,,PER_100_G,bowl,1,1 bowl,,,670.91,2.39,3.27,72.06,0.4,1.98,,9.45,,0.24,121.72,48.29,59.49,0.34,7.07,17.06,97.75,,,,,504.73,14918.83,44643.9,HIGH,0,"Nutrition values are per 100 g based on Anuvaad INDB documentation. The supplied CSVs do not contain serving weights/volumes, so none were invented."
696273904857159366,indian-food-9a9a96d6d6296c6be1a8a57cbd5c5db0,Anuvaad INDB + Indian_Food_Nutrition_Processed,INDB:0860,Paneer lababdar,paneer lababdar,,,,INDIAN_RECIPE,,PER_100_G,bowl,1,1 bowl,,,105.48,3.98,3.37,8.46,1.16,1.96,,1.9,,7.19,142.45,145.5,55.56,0.56,19.63,27.48,56.6,,,,,1467.88,2330.04,3654.59,HIGH,0,"Nutrition values are per 100 g based on Anuvaad INDB documentation. The supplied CSVs do not contain serving weights/volumes, so none were invented."
907701392110191514,indian-food-c98cd9b5edb039a86b43233925e27cfb,Anuvaad INDB + Indian_Food_Nutrition_Processed,INDB:0208,Paneer makhana korma,paneer makhana korma,,,,INDIAN_RECIPE,,PER_100_G,bowl,1,1 bowl,,,775.82,3.24,4.63,82.76,0.21,1.84,,11.23,,1.58,77.01,95.39,72.89,0.55,20.51,0.64,94.26,,,,,89.58,17613.41,50403.82,HIGH,0,"Nutrition values are per 100 g based on Anuvaad INDB documentation. The supplied CSVs do not contain serving weights/volumes, so none were invented."
179902576949995343,indian-food-27f2470c948274ffde758fd1f0c42ce6,Anuvaad INDB + Indian_Food_Nutrition_Processed,INDB:0335,Paneer pakora/pakoda,paneer pakora/pakoda,,,,INDIAN_RECIPE,,PER_100_G,plate,1,1 plate,,,718.12,3.27,5.52,76.05,0.89,1.08,,9.68,,0.0,131.7,33.87,43.38,0.43,7.7,0.07,143.43,,,,,45.37,15693.41,47438.05,HIGH,0,"Nutrition values are per 100 g based on Anuvaad INDB documentation. The supplied CSVs do not contain serving weights/volumes, so none were invented."
975421216763705641,indian-food-d89646dbb947929853040373d0195a07,Anuvaad INDB + Indian_Food_Nutrition_Processed,INDB:0095,Paneer parantha/paratha,paneer parantha/paratha,,,,INDIAN_RECIPE,,PER_100_G,parantha,1,1 parantha,,,262.97,7.98,24.33,14.62,4.0,3.77,,3.43,,0.0,142.52,141.55,127.65,1.7,48.99,1.69,29.0,,,,,303.06,3237.83,7067.94,HIGH,0,"Nutrition values are per 100 g based on Anuvaad INDB documentation. The supplied CSVs do not contain serving weights/volumes, so none were invented."
515457812164812644,indian-food-72746262ec89f648299913f2e72d2416,Anuvaad INDB + Indian_Food_Nutrition_Processed,INDB:0747,Paneer patties,paneer patties,,,,INDIAN_RECIPE,,PER_100_G,patty,1,1 patty,,,338.58,7.6,22.79,23.96,1.18,4.04,,13.27,,45.19,158.44,93.01,129.9,0.79,18.29,3.3,31.26,,,,,942.96,6249.09,2328.54,HIGH,0,"Nutrition values are per 100 g based on Anuvaad INDB documentation. The supplied CSVs do not contain serving weights/volumes, so none were invented."
408507992278148432,indian-food-5ab4fdac7a5a55083ec11c6dc45c7248,Anuvaad INDB + Indian_Food_Nutrition_Processed,INDB:0041,Paneer pea sandwich (toasted) (Paneer matar ka sandwich),paneer pea sandwich (toasted) (paneer matar ka sandwich),,,,INDIAN_RECIPE,,PER_100_G,toasted triangle,1,1 toasted triangle,,,249.56,12.4,24.05,11.98,2.12,6.4,,4.54,,0.0,268.9,127.84,274.1,1.26,27.81,4.85,52.13,,,,,282.96,2891.99,3093.7,HIGH,0,"Nutrition values are per 100 g based on Anuvaad INDB documentation. The supplied CSVs do not contain serving weights/volumes, so none were invented."
518330658759837217,indian-food-7317afce7930621994798589e2ff2438,Anuvaad INDB + Indian_Food_Nutrition_Processed,INDB:0346,Paneer potato cutlet (Paneer aloo cutlet),paneer potato cutlet (paneer aloo cutlet),,,,INDIAN_RECIPE,,PER_100_G,cutlet,1,1 cutlet,,,672.94,2.47,5.23,71.4,0.41,1.02,,9.15,,13.33,85.71,96.72,45.36,0.38,7.27,11.61,41.52,,,,,62.55,14777.88,44357.84,HIGH,0,"Nutrition values are per 100 g based on Anuvaad INDB documentation. The supplied CSVs do not contain serving weights/volumes, so none were invented."
559483927153607661,indian-food-7c3afaadf8803ed5ee15020e141e1b3b,Anuvaad INDB + Indian_Food_Nutrition_Processed,INDB:0108,Paneer pulao,paneer pulao,,,,INDIAN_RECIPE,,PER_100_G,plate,1,1 plate,,,581.91,1.98,8.76,59.81,0.62,1.11,,7.62,,0.0,72.28,31.25,33.09,0.26,6.11,3.42,69.28,,,,,24.57,12348.22,37341.27,HIGH,0,"Nutrition values are per 100 g based on Anuvaad INDB documentation. The supplied CSVs do not contain serving weights/volumes, so none were invented."
128830044891993527,indian-food-1c9b23e462f55b7e33ce90deae4db622,Anuvaad INDB + Indian_Food_Nutrition_Processed,INDB:0355,Paneer shaslik/tikka,paneer shaslik/tikka,,,,INDIAN_RECIPE,,PER_100_G,plate,1,1 plate,,,93.85,5.11,7.98,4.49,1.23,4.61,,2.17,,0.0,103.39,130.93,123.86,0.68,15.85,107.71,174.74,,,,,1779.63,1188.36,767.4,HIGH,0,"Nutrition values are per 100 g based on Anuvaad INDB documentation. The supplied CSVs do not contain serving weights/volumes, so none were invented."
771095760644244532,indian-food-ab37b82450284344c35657e97afea8d3,Anuvaad INDB + Indian_Food_Nutrition_Processed,INDB:0913,Paneer soup,paneer soup,,,,INDIAN_RECIPE,,PER_100_G,bowl,1,1 bowl,,,47.85,3.22,2.42,2.8,0.28,1.98,,1.5,,0.0,68.03,27.66,82.76,0.3,6.55,7.59,106.5,,,,,85.73,792.66,294.54,HIGH,0,"Nutrition values are per 100 g based on Anuvaad INDB documentation. The supplied CSVs do not contain serving weights/volumes, so none were invented."
465116014857376891,indian-food-6746c8d1ceb547bf95d4c74b155aa73f,Anuvaad INDB + Indian_Food_Nutrition_Processed,INDB:0455,Paneer stuffed cheela/chilla,paneer stuffed cheela/chilla,,,,INDIAN_RECIPE,,PER_100_G,cheela,1,1 cheela,,,205.19,11.44,19.16,8.89,4.03,3.81,,2.77,,0.0,289.1,464.03,151.3,2.41,64.32,19.76,116.52,,,,,1163.73,2083.07,3356.02,HIGH,0,"Nutrition values are per 100 g based on Anuvaad INDB documentation. The supplied CSVs do not contain serving weights/volumes, so none were invented."
975122159719018457,indian-food-d88547016a9efd9a50f6c28bd4aedd28,Anuvaad INDB + Indian_Food_Nutrition_Processed,INDB:0235,"Paneer, apple and pineapple salad","paneer, apple and pineapple salad",,,,INDIAN_RECIPE,,PER_100_G,bowl,1,1 bowl,,,95.08,3.88,8.35,5.07,1.65,6.36,,2.55,,6.52,176.63,185.05,103.05,0.84,22.73,25.3,67.13,,,,,2073.1,1275.31,895.37,HIGH,0,"Nutrition values are per 100 g based on Anuvaad INDB documentation. The supplied CSVs do not contain serving weights/volumes, so none were invented."
400345930332927400,indian-food-58e5080a4c475a89ef3a8f4d98f062c0,Anuvaad INDB + Indian_Food_Nutrition_Processed,INDB:0926,Papdi,papdi,,,,INDIAN_RECIPE,,PER_100_G,plate,1,1 plate,,,708.96,1.83,12.89,72.11,0.56,0.31,,8.66,,0.0,28.91,31.06,6.06,0.44,6.63,0.04,5.01,,,,,48.23,14793.75,45650.39,HIGH,0,"Nutrition values are per 100 g based on Anuvaad INDB documentation. The supplied CSVs do not contain serving weights/volumes, so none were invented."
519250872496417506,indian-food-734bfeadc75eae26376fec8b8dc73ed0,Anuvaad INDB + Indian_Food_Nutrition_Processed,INDB:0588,Parsley potato,parsley potato,,,,INDIAN_RECIPE,,PER_100_G,bowl,1,1 bowl,,,119.51,1.49,13.81,6.28,1.59,0.34,,3.88,,15.71,4.62,502.76,11.43,0.55,22.56,23.82,16.5,,,,,266.76,1554.64,329.75,HIGH,0,"Nutrition values are per 100 g based on Anuvaad INDB documentation. The supplied CSVs do not contain serving weights/volumes, so none were invented."
827833000889590864,indian-food-b7d0dba6f5ea450fbfec74cd84386051,Anuvaad INDB + Indian_Food_Nutrition_Processed,INDB:0943,Pasta cheese sauce,pasta cheese sauce,,,,INDIAN_RECIPE,,PER_100_G,,,,,,149.26,4.33,9.0,10.84,0.14,4.22,,6.73,,22.22,255.95,114.39,152.68,0.25,10.4,,,,,,,202.49,2866.95,380.98,HIGH,0,"Nutrition values are per 100 g based on Anuvaad INDB documentation. The supplied CSVs do not contain serving weights/volumes, so none were invented."
91348072139957113,indian-food-14488966ed1a37978370fc8b052558a4,Anuvaad INDB + Indian_Food_Nutrition_Processed,INDB:0126,Pasta hot pot,pasta hot pot,,,,INDIAN_RECIPE,,PER_100_G,plate,1,1 plate,,,125.17,5.84,11.6,6.47,0.8,5.99,,2.68,,27.19,231.17,215.22,55.28,0.82,17.09,58.74,111.3,,,,,1010.47,1884.61,1351.12,HIGH,0,"Nutrition values are per 100 g based on Anuvaad INDB documentation. The supplied CSVs do not contain serving weights/volumes, so none were invented."
175416874411696660,indian-food-26f34b7c6eb22144a45991148299d5d0,Anuvaad INDB + Indian_Food_Nutrition_Processed,INDB:0237,Pasta salad,pasta salad,,,,INDIAN_RECIPE,,PER_100_G,bowl,1,1 bowl,,,190.36,4.15,12.7,13.92,0.96,2.6,,2.68,,12.7,152.31,162.16,66.74,0.81,20.16,38.78,56.54,,,,,2034.82,7319.93,3098.98,HIGH,0,"Nutrition values are per 100 g based on Anuvaad INDB documentation. The supplied CSVs do not contain serving weights/volumes, so none were invented."
83620140626736766,indian-food-12914132a1ff67e2ca6a4009dfed4eaf,Anuvaad INDB + Indian_Food_Nutrition_Processed,INDB:0942,Pasta spinach sauce,pasta spinach sauce,,,,INDIAN_RECIPE,,PER_100_G,,,,,,85.46,1.76,1.76,7.9,0.86,1.04,,2.7,,9.34,115.79,251.05,58.57,1.23,32.15,,,,,,,3271.22,4136.42,596.4,HIGH,0,"Nutrition values are per 100 g based on Anuvaad INDB documentation. The supplied CSVs do not contain serving weights/volumes, so none were invented."
575632805399826822,indian-food-7fd0efc96eb1186cda44e830166fdc5f,Anuvaad INDB + Indian_Food_Nutrition_Processed,INDB:0430,Paushtik ladoo,paushtik ladoo,,,,INDIAN_RECIPE,,PER_100_G,ladoo,1,1 ladoo,,,485.87,7.65,60.34,24.98,4.57,38.12,,13.25,,52.71,6.09,161.0,20.67,1.63,47.46,0.0,16.16,,,,,461.56,7023.89,2437.07,HIGH,0,"Nutrition values are per 100 g based on Anuvaad INDB documentation. The supplied CSVs do not contain serving weights/volumes, so none were invented."
924085847131083183,indian-food-cd3032e9436d1af215521320a1c19daa,Anuvaad INDB + Indian_Food_Nutrition_Processed,INDB:0431,Paushtik roti,paushtik roti,,,,INDIAN_RECIPE,,PER_100_G,roti,1,1 roti,,,149.26,7.17,26.59,1.51,5.74,2.03,,0.23,,0.0,170.96,403.44,52.74,2.62,77.03,6.65,42.1,,,,,3830.81,216.59,753.4,HIGH,0,"Nutrition values are per 100 g based on Anuvaad INDB documentation. The supplied CSVs do not contain serving weights/volumes, so none were invented."
222556348989073412,indian-food-316add1fc0068045dc10b668c69a2877,Anuvaad INDB + Indian_Food_Nutrition_Processed,INDB:0892,Pav bhaji,pav bhaji,,,,INDIAN_RECIPE,,PER_100_G,,,,,,96.53,2.66,11.99,4.32,1.98,2.06,,2.22,,8.91,163.89,139.3,24.86,0.97,12.69,76.48,170.49,,,,,1629.76,943.1,629.0,HIGH,0,"Nutrition values are per 100 g based on Anuvaad INDB documentation. The supplied CSVs do not contain serving weights/volumes, so none were invented."
97247446066609706,indian-food-1597e09761d3e2a6f14e60a716b95e9c,Anuvaad INDB + Indian_Food_Nutrition_Processed,INDB:0878,Pav bhaji masala,pav bhaji masala,,,,INDIAN_RECIPE,,PER_100_G,gm,1,1 gm,,,230.47,9.13,29.15,10.96,24.3,1.48,,1.03,,0.0,1814.66,1258.15,588.91,12.84,269.44,0.06,0.21,,,,,4355.88,4773.47,2027.02,HIGH,0,"Nutrition values are per 100 g based on Anuvaad INDB documentation. The supplied CSVs do not contain serving weights/volumes, so none were invented."
119659611810192988,indian-food-1a91dc86fe85e5cae9dc8b7f0acf1000,Anuvaad INDB + Indian_Food_Nutrition_Processed,INDB:0644,Pavlova,pavlova,,,,INDIAN_RECIPE,,PER_100_G,meringue,1,1 meringue,,,200.6,1.84,21.84,12.29,0.06,20.37,,7.68,,31.94,26.34,86.9,23.0,0.25,6.3,23.78,19.18,,,,,105.08,3559.92,354.64,HIGH,0,"Nutrition values are per 100 g based on Anuvaad INDB documentation. The supplied CSVs do not contain serving weights/volumes, so none were invented."
765366718761362700,indian-food-a9f20f9c2ad650c7361609a46fa5ce16,Anuvaad INDB + Indian_Food_Nutrition_Processed,INDB:0176,Pea curry (Matar ki sabzi),pea curry (matar ki sabzi),,,,INDIAN_RECIPE,,PER_100_G,bowl,1,1 bowl,,,102.99,4.51,9.2,5.11,4.44,1.98,,0.63,,0.0,154.75,221.62,24.48,1.2,30.42,77.64,107.74,,,,,1916.89,1033.98,3183.12,HIGH,0,"Nutrition values are per 100 g based on Anuvaad INDB documentation. The supplied CSVs do not contain serving weights/volumes, so none were invented."
982980613278535423,indian-food-da43fa8e3900eff669d13a1ff848ce6d,Anuvaad INDB + Indian_Food_Nutrition_Processed,INDB:0212,Pea keema curry (Matar keema ki sabzi),pea keema curry (matar keema ki sabzi),,,,INDIAN_RECIPE,,PER_100_G,bowl,1,1 bowl,,,133.0,8.43,6.24,8.14,2.96,1.82,,2.4,,22.87,148.38,252.63,35.6,1.35,27.29,55.62,85.14,,,,,1356.01,2411.7,2748.27,HIGH,0,"Nutrition values are per 100 g based on Anuvaad INDB documentation. The supplied CSVs do not contain serving weights/volumes, so none were invented."
546297968311041985,indian-food-794d71b96b27fc13583fd61dbee80bd5,Anuvaad INDB + Indian_Food_Nutrition_Processed,INDB:0043,Pea keema sandwich (toasted) (Matar aur keema ka sandwich),pea keema sandwich (toasted) (matar aur keema ka sandwich),,,,INDIAN_RECIPE,,PER_100_G,toasted triangle,1,1 toasted triangle,,,171.78,11.06,20.26,5.61,2.45,1.94,,2.22,,27.29,290.07,234.35,70.79,1.51,26.19,5.5,18.29,,,,,216.2,1918.95,274.92,HIGH,0,"Nutrition values are per 100 g based on Anuvaad INDB documentation. The supplied CSVs do not contain serving weights/volumes, so none were invented."
361458624886932180,indian-food-50428b4496302d41331283014ad696cb,Anuvaad INDB + Indian_Food_Nutrition_Processed,INDB:0181,Pea kofta curry (Matar kofta curry),pea kofta curry (matar kofta curry),,,,INDIAN_RECIPE,,PER_100_G,bowl,1,1 bowl,,,595.66,2.01,4.17,63.39,1.7,0.88,,7.65,,0.21,83.07,88.85,13.84,0.56,12.23,74.66,129.13,,,,,682.24,13003.86,40099.15,HIGH,0,"Nutrition values are per 100 g based on Anuvaad INDB documentation. The supplied CSVs do not contain serving weights/volumes, so none were invented."
859375569027983492,indian-food-bed1d86e08fe88433c9bff87fbfcde30,Anuvaad INDB + Indian_Food_Nutrition_Processed,INDB:0175,Pea mushroom curry (Matar mushroom),pea mushroom curry (matar mushroom),,,,INDIAN_RECIPE,,PER_100_G,bowl,1,1 bowl,,,93.3,3.87,7.41,5.16,3.86,1.82,,0.64,,0.0,155.48,234.06,22.7,0.97,26.49,58.44,84.49,,,,,1685.04,1030.03,3220.39,HIGH,0,"Nutrition values are per 100 g based on Anuvaad INDB documentation. The supplied CSVs do not contain serving weights/volumes, so none were invented."
1147305590341049722,indian-food-fec0c5b11191d7af299828f140950476,Anuvaad INDB + Indian_Food_Nutrition_Processed,INDB:0174,Pea paneer curry (Matar paneer),pea paneer curry (matar paneer),,,,INDIAN_RECIPE,,PER_100_G,bowl,1,1 bowl,,,134.83,6.61,9.29,7.75,3.3,3.89,,2.22,,0.0,157.34,188.18,105.2,1.08,27.99,58.44,127.01,,,,,1720.01,1804.05,3252.12,HIGH,0,"Nutrition values are per 100 g based on Anuvaad INDB documentation. The supplied CSVs do not contain serving weights/volumes, so none were invented."
770597099743429166,indian-food-ab1b5fabb27422eb98db75a448e9b9f0,Anuvaad INDB + Indian_Food_Nutrition_Processed,INDB:0093,Pea parantha/paratha (Matar ka parantha/paratha),pea parantha/paratha (matar ka parantha/paratha),,,,INDIAN_RECIPE,,PER_100_G,parantha,1,1 parantha,,,190.73,5.59,21.51,8.8,5.61,1.29,,1.07,,0.0,109.99,197.71,23.49,1.78,49.23,17.8,33.64,,,,,697.85,1758.68,5488.28,HIGH,0,"Nutrition values are per 100 g based on Anuvaad INDB documentation. The supplied CSVs do not contain serving weights/volumes, so none were invented."
668057942202205443,indian-food-9456b28ae574503c0de5ee5f3655fdf9,Anuvaad INDB + Indian_Food_Nutrition_Processed,INDB:0173,Pea potato curry (Aloo matar),pea potato curry (aloo matar),,,,INDIAN_RECIPE,,PER_100_G,bowl,1,1 bowl,,,100.92,3.48,9.74,5.13,3.61,1.86,,0.63,,0.0,154.83,274.26,21.1,1.02,27.53,70.01,88.11,,,,,1722.54,1031.29,3196.23,HIGH,0,"Nutrition values are per 100 g based on Anuvaad INDB documentation. The supplied CSVs do not contain serving weights/volumes, so none were invented."
1105629793014613520,indian-food-f57fc7059b98610fc9df375418bc5743,Anuvaad INDB + Indian_Food_Nutrition_Processed,INDB:0040,Pea potato sandwich (toasted) (Matar aloo ka sandwich),pea potato sandwich (toasted) (matar aloo ka sandwich),,,,INDIAN_RECIPE,,PER_100_G,toasted triangle,1,1 toasted triangle,,,164.9,4.6,25.17,5.43,2.89,1.33,,0.58,,0.0,262.63,342.73,64.15,1.11,26.66,14.11,21.01,,,,,289.26,962.91,2954.18,HIGH,0,"Nutrition values are per 100 g based on Anuvaad INDB documentation. The supplied CSVs do not contain serving weights/volumes, so none were invented."
314408917037148062,indian-food-45d013e8636e79e812f784f4eae9ee75,Anuvaad INDB + Indian_Food_Nutrition_Processed,INDB:0177,Pea vadi curry,pea vadi curry,,,,INDIAN_RECIPE,,PER_100_G,bowl,1,1 bowl,,,101.95,4.64,8.9,5.08,4.28,1.92,,0.62,,0.0,149.51,216.1,23.62,1.2,30.16,77.64,109.24,,,,,1850.25,1025.84,3141.94,HIGH,0,"Nutrition values are per 100 g based on Anuvaad INDB documentation. The supplied CSVs do not contain serving weights/volumes, so none were invented."
733378008149090004,indian-food-a2d7b69adcf5ed45bc37036eb5dab7a6,Anuvaad INDB + Indian_Food_Nutrition_Processed,INDB:0829,Peach blueberry preserves,peach blueberry preserves,,,,INDIAN_RECIPE,,PER_100_G,half-pints,1,1 half-pints,,,177.38,0.53,45.76,0.2,1.14,45.33,,0.02,,0.0,2.81,129.46,9.03,0.33,5.14,16.56,16.68,,,,,24.4,92.39,53.02,HIGH,0,"Nutrition values are per 100 g based on Anuvaad INDB documentation. The supplied CSVs do not contain serving weights/volumes, so none were invented."
88019512445535724,indian-food-138b547bc9e85ec99bc8c49f59248f57,Anuvaad INDB + Indian_Food_Nutrition_Processed,INDB:0630,Peach melba ice cream,peach melba ice cream,,,,INDIAN_RECIPE,,PER_100_G,sundae glass,1,1 sundae glass,,,200.85,2.06,16.31,14.51,0.06,13.35,,8.89,,33.23,17.92,81.24,60.55,0.11,6.9,2.99,11.79,,,,,143.69,4281.7,468.69,HIGH,0,"Nutrition values are per 100 g based on Anuvaad INDB documentation. The supplied CSVs do not contain serving weights/volumes, so none were invented."
190129215870794191,indian-food-2a37983b566f9cfceda13062c1bec110,Anuvaad INDB + Indian_Food_Nutrition_Processed,INDB:0028,Peanut and tomato sandwich (Moongfali aur tamatar ka sandwich),peanut and tomato sandwich (moongfali aur tamatar ka sandwich),,,,INDIAN_RECIPE,,PER_100_G,triangle,1,1 triangle,,,291.43,9.53,28.54,16.14,4.03,2.82,,5.98,,17.53,364.99,252.82,94.03,1.58,56.19,3.16,22.04,,,,,1274.98,5583.7,2667.6,HIGH,0,"Nutrition values are per 100 g based on Anuvaad INDB documentation. The supplied CSVs do not contain serving weights/volumes, so none were invented."
404026108586864705,indian-food-59b639aea4db0413f8ed03028b59078f,Anuvaad INDB + Indian_Food_Nutrition_Processed,INDB:0404,Peanut biscuit,peanut biscuit,,,,INDIAN_RECIPE,,PER_100_G,biscuit,1,1 biscuit,,,401.05,8.45,46.72,20.41,2.48,21.26,,9.93,,61.88,202.26,180.95,50.58,1.34,42.54,0.03,4.23,,,,,221.61,6533.93,2462.31,HIGH,0,"Nutrition values are per 100 g based on Anuvaad INDB documentation. The supplied CSVs do not contain serving weights/volumes, so none were invented."
1143406878009391267,indian-food-fde327f5d7cf8a3336abf9f05d570685,Anuvaad INDB + Indian_Food_Nutrition_Processed,INDB:0356,Peanut brittle (Moongfali ki chikki),peanut brittle (moongfali ki chikki),,,,INDIAN_RECIPE,,PER_100_G,piece,1,1 piece,,,320.46,6.94,47.46,11.13,2.63,43.92,,2.7,,2.5,15.99,420.05,68.03,3.22,108.38,0.0,7.48,,,,,49.31,4925.97,3003.2,HIGH,0,"Nutrition values are per 100 g based on Anuvaad INDB documentation. The supplied CSVs do not contain serving weights/volumes, so none were invented."
986450425000334361,indian-food-db0936f62ad94195b4edac257e94aa6e,Anuvaad INDB + Indian_Food_Nutrition_Processed,INDB:0418,Peanut burfi (Moongfali ki burfi),peanut burfi (moongfali ki burfi),,,,INDIAN_RECIPE,,PER_100_G,burfi,1,1 burfi,,,550.99,9.31,48.14,36.84,4.09,43.08,,5.76,,0.0,6.78,269.29,25.2,1.45,78.35,0.0,7.57,,,,,32.6,11577.56,18018.11,HIGH,0,"Nutrition values are per 100 g based on Anuvaad INDB documentation. The supplied CSVs do not contain serving weights/volumes, so none were invented."
1896880878330341,indian-food-006bd33feef21e5afaeaa2ff80eb268c,Anuvaad INDB + Indian_Food_Nutrition_Processed,INDB:0692,Peanut butter cucumber sandwich,peanut butter cucumber sandwich,,,,INDIAN_RECIPE,,PER_100_G,sandwich,1,1 sandwich,,,243.33,9.04,29.76,10.56,3.35,2.91,,2.33,,0.0,460.09,249.54,95.35,1.32,50.4,0.92,16.53,,,,,46.43,3606.49,3066.41,HIGH,0,"Nutrition values are per 100 g based on Anuvaad INDB documentation. The supplied CSVs do not contain serving weights/volumes, so none were invented."
565395643814709747,indian-food-7d8b057ab2109f3a3d33eb185d8ad4f7,Anuvaad INDB + Indian_Food_Nutrition_Processed,INDB:0359,Peanut chutney (Mungfali ki chutney),peanut chutney (mungfali ki chutney),,,,INDIAN_RECIPE,,PER_100_G,tablespoon,1,1 tablespoon,,,258.37,11.8,9.87,19.06,5.73,2.76,,3.94,,0.0,475.34,414.29,34.79,1.99,103.32,4.2,10.14,,,,,172.49,8739.59,5613.41,HIGH,0,"Nutrition values are per 100 g based on Anuvaad INDB documentation. The supplied CSVs do not contain serving weights/volumes, so none were invented."
1137263744978599044,indian-food-fc85f59bf613c842304cf82b828cde6c,Anuvaad INDB + Indian_Food_Nutrition_Processed,INDB:0344,Peanut cutlet (Mungfali ke cutlet),peanut cutlet (mungfali ke cutlet),,,,INDIAN_RECIPE,,PER_100_G,cutlet,1,1 cutlet,,,698.77,2.63,5.68,74.0,1.21,0.51,,9.16,,6.75,84.24,143.3,14.38,0.56,20.0,12.63,38.52,,,,,96.74,15942.01,45738.83,HIGH,0,"Nutrition values are per 100 g based on Anuvaad INDB documentation. The supplied CSVs do not contain serving weights/volumes, so none were invented."
801326778759632336,indian-food-b1ee275acf9d5d0ea17f7cdd6c1b3f86,Anuvaad INDB + Indian_Food_Nutrition_Processed,INDB:0109,Peanut pulao,peanut pulao,,,,INDIAN_RECIPE,,PER_100_G,plate,1,1 plate,,,193.28,5.32,21.18,9.51,2.9,1.6,,1.64,,0.0,168.4,159.16,18.52,0.83,38.11,3.42,68.06,,,,,42.0,3376.43,4083.54,HIGH,0,"Nutrition values are per 100 g based on Anuvaad INDB documentation. The supplied CSVs do not contain serving weights/volumes, so none were invented."
1110821811838595713,indian-food-f6a6e8d6f6532816c395f133cf38a2da,Anuvaad INDB + Indian_Food_Nutrition_Processed,INDB:0249,Peanut raita (Mungfali ka raita),peanut raita (mungfali ka raita),,,,INDIAN_RECIPE,,PER_100_G,bowl,1,1 bowl,,,150.39,8.59,9.3,8.98,1.89,7.11,,2.89,,8.97,235.83,351.78,174.6,0.74,49.52,2.59,36.67,,,,,86.34,3657.71,2000.9,HIGH,0,"Nutrition values are per 100 g based on Anuvaad INDB documentation. The supplied CSVs do not contain serving weights/volumes, so none were invented."
269379710313874533,indian-food-3bd076b56f4c46500a43b62123a34c94,Anuvaad INDB + Indian_Food_Nutrition_Processed,INDB:0353,Peanut sago vada (Sabudana mungfali vada),peanut sago vada (sabudana mungfali vada),,,,INDIAN_RECIPE,,PER_100_G,vada,1,1 vada,,,749.89,1.01,7.14,79.82,0.62,0.19,,9.7,,0.0,71.29,94.5,5.03,0.38,10.38,9.74,15.66,,,,,91.93,16709.68,50118.12,HIGH,0,"Nutrition values are per 100 g based on Anuvaad INDB documentation. The supplied CSVs do not contain serving weights/volumes, so none were invented."
1058434802124784366,indian-food-eb050d83e8f02eeea6c42266c91e29c4,Anuvaad INDB + Indian_Food_Nutrition_Processed,INDB:0625,Pear chocholate sunday,pear chocholate sunday,,,,INDIAN_RECIPE,,PER_100_G,sundae glass,1,1 sundae glass,,,183.49,2.08,15.02,13.11,0.07,14.41,,7.99,,29.11,16.26,91.18,56.67,0.24,12.33,3.34,12.72,,,,,131.58,3876.07,443.48,HIGH,0,"Nutrition values are per 100 g based on Anuvaad INDB documentation. The supplied CSVs do not contain serving weights/volumes, so none were invented."
1021897694788638464,indian-food-e2e828a06aad70043910765a2ce40fcb,Anuvaad INDB + Indian_Food_Nutrition_Processed,INDB:0830,Pear preserves (Naashpati ka murabba),pear preserves (naashpati ka murabba),,,,INDIAN_RECIPE,,PER_100_G,half-pints,1,1 half-pints,,,101.24,0.25,25.67,0.19,3.06,25.19,,0.05,,0.0,2.1,74.27,6.57,0.23,5.64,15.65,21.93,,,,,63.04,16.56,70.01,HIGH,0,"Nutrition values are per 100 g based on Anuvaad INDB documentation. The supplied CSVs do not contain serving weights/volumes, so none were invented."
1073230530882095800,indian-food-ee4e17b4b54cab879f7b0501b2f0b68e,Anuvaad INDB + Indian_Food_Nutrition_Processed,INDB:0749,Pearl millet infant food (Bajra shishu aahaar),pearl millet infant food (bajra shishu aahaar),,,,INDIAN_RECIPE,,PER_100_G,,,,,,362.44,11.98,62.1,6.62,7.84,26.06,,1.15,,0.0,12.67,602.95,118.52,5.67,143.55,0.0,24.14,,,,,253.54,2155.52,2419.38,HIGH,0,"Nutrition values are per 100 g based on Anuvaad INDB documentation. The supplied CSVs do not contain serving weights/volumes, so none were invented."
1015988232530111644,indian-food-e1983ea1fef2c9c9785c40b5cfe29f6a,Anuvaad INDB + Indian_Food_Nutrition_Processed,INDB:0429,Pearl millet ladoo (Bajra ladoo),pearl millet ladoo (bajra ladoo),,,,INDIAN_RECIPE,,PER_100_G,ladoo,1,1 ladoo,,,319.66,9.61,50.98,8.06,6.0,27.44,,1.47,,0.0,12.26,479.32,118.74,4.72,125.58,0.0,19.1,,,,,159.82,3064.99,2786.93,HIGH,0,"Nutrition values are per 100 g based on Anuvaad INDB documentation. The supplied CSVs do not contain serving weights/volumes, so none were invented."
789740549688910620,indian-food-af5b8d880ede31c0ffa9072fcea35cae,Anuvaad INDB + Indian_Food_Nutrition_Processed,INDB:0765,Pearl millet mathri (Bajra mathri),pearl millet mathri (bajra mathri),,,,INDIAN_RECIPE,,PER_100_G,piece,1,1 piece,,,785.08,1.82,7.42,83.12,1.36,0.16,,11.25,,6.55,33.17,42.34,4.63,0.72,12.87,0.0,16.09,,,,,75.31,17198.65,50996.44,HIGH,0,"Nutrition values are per 100 g based on Anuvaad INDB documentation. The supplied CSVs do not contain serving weights/volumes, so none were invented."
376735236894573668,indian-food-53a6eb3b17944644881ca49f7a4b5abe,Anuvaad INDB + Indian_Food_Nutrition_Processed,INDB:0570,Peas brinjal bhartha (Matar baingan bhartha),peas brinjal bhartha (matar baingan bhartha),,,,INDIAN_RECIPE,,PER_100_G,small bowl,1,1 small bowl,,,84.55,2.05,5.02,6.05,3.63,1.57,,0.75,,0.0,63.65,224.01,19.63,0.63,22.0,27.86,82.49,,,,,1160.05,1205.36,3769.39,HIGH,0,"Nutrition values are per 100 g based on Anuvaad INDB documentation. The supplied CSVs do not contain serving weights/volumes, so none were invented."
340684993630807028,indian-food-4ba5b3259aba3f44dd4ac285de618607,Anuvaad INDB + Indian_Food_Nutrition_Processed,INDB:0487,Peas kachori (Matar kachori),peas kachori (matar kachori),,,,INDIAN_RECIPE,,PER_100_G,kachori,1,1 kachori,,,584.68,3.21,13.25,57.51,2.03,0.5,,6.91,,0.0,55.45,91.63,14.25,0.77,16.13,10.11,16.43,,,,,346.38,11817.05,36371.71,HIGH,0,"Nutrition values are per 100 g based on Anuvaad INDB documentation. The supplied CSVs do not contain serving weights/volumes, so none were invented."
1098609419368778613,indian-food-f3f0b723c5fcb754de35a05cce652b13,Anuvaad INDB + Indian_Food_Nutrition_Processed,INDB:0486,Peas poori (Matar ki poori),peas poori (matar ki poori),,,,INDIAN_RECIPE,,PER_100_G,poori,1,1 poori,,,592.83,3.04,14.92,57.69,2.25,0.48,,7.04,,0.59,47.77,79.58,8.96,0.84,20.7,4.61,10.21,,,,,241.49,11826.76,36380.27,HIGH,0,"Nutrition values are per 100 g based on Anuvaad INDB documentation. The supplied CSVs do not contain serving weights/volumes, so none were invented."
565631008150837851,indian-food-7d98667b2c6da5b6f806bdddb32b5ff3,Anuvaad INDB + Indian_Food_Nutrition_Processed,INDB:0495,Peas pulao (Matar pulao),peas pulao (matar pulao),,,,INDIAN_RECIPE,,PER_100_G,plate,1,1 plate,,,108.87,3.89,18.42,1.9,3.21,1.3,,0.25,,0.0,86.18,135.07,18.18,0.78,21.46,62.36,110.56,,,,,435.63,389.75,1154.32,HIGH,0,"Nutrition values are per 100 g based on Anuvaad INDB documentation. The supplied CSVs do not contain serving weights/volumes, so none were invented."
174275266410959953,indian-food-26b266e738fd451d8acedbb23f1b18d1,Anuvaad INDB + Indian_Food_Nutrition_Processed,INDB:0125,Penne platter,penne platter,,,,INDIAN_RECIPE,,PER_100_G,plate,1,1 plate,,,177.4,5.04,20.87,8.71,1.09,4.5,,2.14,,2.29,283.37,202.22,67.67,0.9,21.93,16.35,60.2,,,,,1013.17,4920.39,1072.46,HIGH,0,"Nutrition values are per 100 g based on Anuvaad INDB documentation. The supplied CSVs do not contain serving weights/volumes, so none were invented."
1140790691640094984,indian-food-fd4e7170247b108fa486f3f2a5ade777,Anuvaad INDB + Indian_Food_Nutrition_Processed,INDB:0270,Phirni,phirni,,,,INDIAN_RECIPE,,PER_100_G,bowl,1,1 bowl,,,116.12,3.49,16.11,4.34,0.36,10.79,,2.38,,0.0,22.47,114.51,104.57,0.23,11.53,5.04,20.33,,,,,175.6,1344.98,234.85,HIGH,0,"Nutrition values are per 100 g based on Anuvaad INDB documentation. The supplied CSVs do not contain serving weights/volumes, so none were invented."
928883607125458728,indian-food-ce40eb820657f28d92c792bb4b5774ad,Anuvaad INDB + Indian_Food_Nutrition_Processed,INDB:0841,Pickled cabbage,pickled cabbage,,,,INDIAN_RECIPE,,PER_100_G,jar,1,1 jar,,,13.69,0.39,2.56,0.14,0.61,2.08,,0.02,,0.0,121.39,58.17,15.96,0.19,6.13,16.63,23.56,,,,,72.51,63.74,43.51,HIGH,0,"Nutrition values are per 100 g based on Anuvaad INDB documentation. The supplied CSVs do not contain serving weights/volumes, so none were invented."
431470859761852359,indian-food-5fce475ff099fc793fe4950fea8f26b9,Anuvaad INDB + Indian_Food_Nutrition_Processed,INDB:0838,Pickled mustard greens,pickled mustard greens,,,,INDIAN_RECIPE,,PER_100_G,jar,1,1 jar,,,13.12,1.51,1.05,0.22,1.7,0.02,,0.06,,0.0,242.36,173.98,81.44,1.22,22.63,301.6,550.52,,,,,2809.57,12.34,140.26,HIGH,0,"Nutrition values are per 100 g based on Anuvaad INDB documentation. The supplied CSVs do not contain serving weights/volumes, so none were invented."
1002144990306429453,indian-food-de8558f20a6ea0d25317552f06bea23d,Anuvaad INDB + Indian_Food_Nutrition_Processed,INDB:0405,Pin wheel biscuit,pin wheel biscuit,,,,INDIAN_RECIPE,,PER_100_G,biscuit,1,1 biscuit,,,404.6,5.4,54.56,18.66,1.16,23.25,,11.62,,44.65,131.73,122.74,42.7,1.13,27.5,0.05,1.72,,,,,266.83,4738.72,769.56,HIGH,0,"Nutrition values are per 100 g based on Anuvaad INDB documentation. The supplied CSVs do not contain serving weights/volumes, so none were invented."
699801233357273335,indian-food-9b6318397a3f8f7bf5a08b8004d7f12e,Anuvaad INDB + Indian_Food_Nutrition_Processed,INDB:0032,Pin wheel sandwich,pin wheel sandwich,,,,INDIAN_RECIPE,,PER_100_G,triangle,1,1 triangle,,,311.52,8.77,14.0,24.93,0.93,1.45,,2.86,,179.52,374.39,110.3,67.75,1.36,13.69,0.0,9.04,,,,,70.49,13907.46,5907.96,HIGH,0,"Nutrition values are per 100 g based on Anuvaad INDB documentation. The supplied CSVs do not contain serving weights/volumes, so none were invented."
1073176537095454208,indian-food-ee4b05fe2dbbe00472f91f67a8cedd19,Anuvaad INDB + Indian_Food_Nutrition_Processed,INDB:0397,Pineapple cake,pineapple cake,,,,INDIAN_RECIPE,,PER_100_G,slice,1,1 slice,,,195.57,5.01,23.51,9.34,0.76,16.16,,5.33,,92.79,37.47,108.39,49.06,0.64,10.71,27.35,80.64,,,,,138.96,2667.5,516.49,HIGH,0,"Nutrition values are per 100 g based on Anuvaad INDB documentation. The supplied CSVs do not contain serving weights/volumes, so none were invented."
849876650699430573,indian-food-bcb5e4f9bd69aadcff24621fef5ad098,Anuvaad INDB + Indian_Food_Nutrition_Processed,INDB:0977,Pineapple jam,pineapple jam,,,,INDIAN_RECIPE,,PER_100_G,,,,,,149.18,0.32,38.27,0.15,2.2,37.44,,0.04,,0.0,2.45,93.4,10.47,0.24,8.54,,,,,,,70.46,22.46,53.64,HIGH,0,"Nutrition values are per 100 g based on Anuvaad INDB documentation. The supplied CSVs do not contain serving weights/volumes, so none were invented."
258469397086518380,indian-food-396448c16a6bc6c880fc7a4ab54a7d97,Anuvaad INDB + Indian_Food_Nutrition_Processed,INDB:0017,Pineapple milkshake (Ananas milkshake),pineapple milkshake (ananas milkshake),,,,INDIAN_RECIPE,,PER_100_G,tall glass,1,1 tall glass,,,55.72,1.66,7.62,2.23,0.0,7.6,,1.34,,0.0,14.05,65.68,59.92,0.11,5.14,10.22,17.45,,,,,100.08,599.51,68.15,HIGH,0,"Nutrition values are per 100 g based on Anuvaad INDB documentation. The supplied CSVs do not contain serving weights/volumes, so none were invented."
603655526096045487,indian-food-8609d80afa805afe6f1c7748d70aed21,Anuvaad INDB + Indian_Food_Nutrition_Processed,INDB:0784,Pineapple milkshake with ice cream (Ananas milkshake ice cream ke saath),pineapple milkshake with ice cream (ananas milkshake ice cream ke saath),,,,INDIAN_RECIPE,,PER_100_G,tall glass,1,1 tall glass,,,68.49,1.93,9.33,2.75,0.42,9.2,,1.67,,1.3,16.65,85.12,68.78,0.12,6.54,18.32,20.84,,,,,118.02,740.34,92.8,HIGH,0,"Nutrition values are per 100 g based on Anuvaad INDB documentation. The supplied CSVs do not contain serving weights/volumes, so none were invented."
444434918513722106,indian-food-62af33423ca42fa74a2ec0c096a6d102,Anuvaad INDB + Indian_Food_Nutrition_Processed,INDB:0394,Pineapple pastry,pineapple pastry,,,,INDIAN_RECIPE,,PER_100_G,pastry,1,1 pastry,,,208.21,6.06,29.04,7.87,0.72,18.83,,4.16,,115.34,44.3,107.33,42.97,0.86,11.42,3.64,17.42,,,,,134.81,2354.89,544.27,HIGH,0,"Nutrition values are per 100 g based on Anuvaad INDB documentation. The supplied CSVs do not contain serving weights/volumes, so none were invented."
10910459507672196,indian-food-026c3014f4a84844e6a625f0e5023f1c,Anuvaad INDB + Indian_Food_Nutrition_Processed,INDB:0611,Pineapple raita (Ananas ka raita),pineapple raita (ananas ka raita),,,,INDIAN_RECIPE,,PER_100_G,bowl,1,1 bowl,,,67.74,3.9,8.62,2.02,1.39,8.12,,1.23,,6.93,135.48,239.89,134.53,0.27,18.8,19.89,27.72,,,,,61.34,539.52,103.78,HIGH,0,"Nutrition values are per 100 g based on Anuvaad INDB documentation. The supplied CSVs do not contain serving weights/volumes, so none were invented."
621239415365348997,indian-food-89f15f4f152ae85b89a35dd5ee6ed413,Anuvaad INDB + Indian_Food_Nutrition_Processed,INDB:0289,Pineapple souffle,pineapple souffle,,,,INDIAN_RECIPE,,PER_100_G,souffle cup,1,1 souffle cup,,,196.14,8.06,15.52,11.72,0.0,13.45,,6.75,,117.82,59.17,88.17,67.23,0.61,7.64,1.0,29.66,,,,,117.25,3371.56,597.04,HIGH,0,"Nutrition values are per 100 g based on Anuvaad INDB documentation. The supplied CSVs do not contain serving weights/volumes, so none were invented."
465491104426226863,indian-food-675c1b1756df4afb97ec4ede6b182ed8,Anuvaad INDB + Indian_Food_Nutrition_Processed,INDB:0973,Pineapple squash (Ananas ka squash),pineapple squash (ananas ka squash),,,,INDIAN_RECIPE,,PER_100_G,,,,,,195.02,0.16,51.34,0.05,1.06,51.08,,0.02,,0.0,14.84,46.32,7.96,0.18,4.85,,,,,,,26.55,9.58,14.69,HIGH,0,"Nutrition values are per 100 g based on Anuvaad INDB documentation. The supplied CSVs do not contain serving weights/volumes, so none were invented."
52539443732392259,indian-food-0baa858805da943dd263be8757900840,Anuvaad INDB + Indian_Food_Nutrition_Processed,INDB:0366,Pineapple tart,pineapple tart,,,,INDIAN_RECIPE,,PER_100_G,tart,1,1 tart,,,195.4,2.29,28.62,8.21,0.87,11.09,,5.09,,20.7,37.88,71.82,12.02,0.5,10.57,6.85,6.84,,,,,123.93,2046.88,353.08,HIGH,0,"Nutrition values are per 100 g based on Anuvaad INDB documentation. The supplied CSVs do not contain serving weights/volumes, so none were invented."
583059043839255975,indian-food-817711c771e25a7ba743ef028012155e,Anuvaad INDB + Indian_Food_Nutrition_Processed,INDB:0304,Pineapple upside down pudding,pineapple upside down pudding,,,,INDIAN_RECIPE,,PER_100_G,large slice,1,1 large slice,,,257.73,3.15,35.73,11.91,0.8,22.16,,7.2,,62.13,74.52,81.05,26.05,0.68,10.27,9.66,15.44,,,,,150.34,3110.16,541.77,HIGH,0,"Nutrition values are per 100 g based on Anuvaad INDB documentation. The supplied CSVs do not contain serving weights/volumes, so none were invented."
411001090529684629,indian-food-5b42b507351ec95b5dbceaaa39f27576,Anuvaad INDB + Indian_Food_Nutrition_Processed,INDB:0488,Pizza,pizza,,,,INDIAN_RECIPE,,PER_100_G,slice,1,1 slice,,,146.77,6.85,9.94,8.72,1.71,1.38,,3.25,,18.65,225.02,193.91,77.23,0.66,18.24,42.9,87.58,,,,,1498.75,2710.49,2330.95,HIGH,0,"Nutrition values are per 100 g based on Anuvaad INDB documentation. The supplied CSVs do not contain serving weights/volumes, so none were invented."
710493765715788386,indian-food-9dc2e50c89e8262a163e2ddf5a77581b,Anuvaad INDB + Indian_Food_Nutrition_Processed,INDB:0311,Plain burfi (Burfi),plain burfi (burfi),,,,INDIAN_RECIPE,,PER_100_G,burfi,1,1 burfi,,,408.32,9.82,30.88,27.96,0.17,30.43,,16.69,,38.12,31.65,325.37,355.78,1.5,38.12,0.05,23.94,,,,,409.4,7792.14,1336.46,HIGH,0,"Nutrition values are per 100 g based on Anuvaad INDB documentation. The supplied CSVs do not contain serving weights/volumes, so none were invented."
691512511279102645,indian-food-998bef718877ab5ccc1e4871a00b4214,Anuvaad INDB + Indian_Food_Nutrition_Processed,INDB:0382,Plain cream cake,plain cream cake,,,,INDIAN_RECIPE,,PER_100_G,piece,1,1 piece,,,353.94,6.18,47.18,16.17,0.71,27.74,,9.47,,120.92,174.0,86.91,41.95,1.02,11.79,0.08,8.66,,,,,215.4,4351.64,833.74,HIGH,0,"Nutrition values are per 100 g based on Anuvaad INDB documentation. The supplied CSVs do not contain serving weights/volumes, so none were invented."
576326453789312926,indian-food-7ff85db30c5c79e4483463b51744dddf,Anuvaad INDB + Indian_Food_Nutrition_Processed,INDB:0503,Plain dosa,plain dosa,,,,INDIAN_RECIPE,,PER_100_G,dosa,1,1 dosa,,,380.91,10.34,64.08,8.43,5.23,0.7,,5.03,,19.9,142.98,344.39,19.35,1.5,55.44,0.0,9.16,,,,,151.37,2054.45,578.76,HIGH,0,"Nutrition values are per 100 g based on Anuvaad INDB documentation. The supplied CSVs do not contain serving weights/volumes, so none were invented."
892208190949871121,indian-food-c61c29f5f42ce11cd2004a5593e19c39,Anuvaad INDB + Indian_Food_Nutrition_Processed,INDB:0501,Plain khitchdi (Plain khichri/khichdi),plain khitchdi (plain khichri/khichdi),,,,INDIAN_RECIPE,,PER_100_G,small bowl,1,1 small bowl,,,57.03,1.72,10.04,1.01,0.85,0.12,,0.54,,2.14,37.14,69.32,5.05,0.31,9.97,0.83,26.18,,,,,102.54,250.79,96.34,HIGH,0,"Nutrition values are per 100 g based on Anuvaad INDB documentation. The supplied CSVs do not contain serving weights/volumes, so none were invented."
597548255230594560,indian-food-84aeaf8e12c8e0030784c6c50d9ed954,Anuvaad INDB + Indian_Food_Nutrition_Processed,INDB:0059,Plain omelette/omlet,plain omelette/omlet,,,,INDIAN_RECIPE,,PER_100_G,omelette,1,1 omelette,,,272.41,9.66,0.64,25.74,0.12,0.51,,4.62,,255.94,226.18,114.08,48.4,1.35,10.22,0.3,50.48,,,,,123.14,6433.86,12775.58,HIGH,0,"Nutrition values are per 100 g based on Anuvaad INDB documentation. The supplied CSVs do not contain serving weights/volumes, so none were invented."
749092889202063331,indian-food-a6550038ca8f7e347d3b1dc978f0b8f3,Anuvaad INDB + Indian_Food_Nutrition_Processed,INDB:0087,Plain parantha/paratha,plain parantha/paratha,,,,INDIAN_RECIPE,,PER_100_G,parantha,1,1 parantha,,,298.3,5.06,30.69,16.86,5.43,0.86,,2.04,,0.0,62.07,148.89,14.81,1.98,59.91,0.0,7.79,,,,,135.84,3380.49,10573.12,HIGH,0,"Nutrition values are per 100 g based on Anuvaad INDB documentation. The supplied CSVs do not contain serving weights/volumes, so none were invented."
232437332563763646,indian-food-339c885c000a1be0a04b93c48e8a5230,Anuvaad INDB + Indian_Food_Nutrition_Processed,INDB:0104,Plain pulao,plain pulao,,,,INDIAN_RECIPE,,PER_100_G,plate,1,1 plate,,,140.21,2.34,21.82,4.62,1.69,1.15,,0.59,,0.0,193.76,74.74,12.76,0.41,12.3,3.42,22.63,,,,,35.37,946.98,2865.54,HIGH,0,"Nutrition values are per 100 g based on Anuvaad INDB documentation. The supplied CSVs do not contain serving weights/volumes, so none were invented."
632858474908255260,indian-food-8c85d6e0e00841cd02ac6bca201a77b3,Anuvaad INDB + Indian_Food_Nutrition_Processed,INDB:0674,Plain urad dal vada (Uzunne vada/Minapa garelu/Ulundu vadai/Medu vada),plain urad dal vada (uzunne vada/minapa garelu/ulundu vadai/medu vada),,,,INDIAN_RECIPE,,PER_100_G,vada,1,1 vada,,,745.5,4.39,9.7,76.32,2.27,0.16,,9.18,,0.0,65.87,220.17,10.6,0.96,33.02,0.0,13.31,,,,,53.06,15629.67,48293.25,HIGH,0,"Nutrition values are per 100 g based on Anuvaad INDB documentation. The supplied CSVs do not contain serving weights/volumes, so none were invented."
167948770555906021,indian-food-254ac845972c7e5806bc719abf8f46a7,Anuvaad INDB + Indian_Food_Nutrition_Processed,INDB:0986,Plum chutney (Aloo bukhara ki chutney),plum chutney (aloo bukhara ki chutney),,,,INDIAN_RECIPE,,PER_100_G,,,,,,177.11,0.47,44.95,0.29,1.37,43.9,,0.03,,0.0,216.81,101.56,12.38,0.34,7.31,,,,,,,303.3,102.28,74.91,HIGH,0,"Nutrition values are per 100 g based on Anuvaad INDB documentation. The supplied CSVs do not contain serving weights/volumes, so none were invented."
241685312966605757,indian-food-35aa382facdbbbd21e6a2e5d2175e986,Anuvaad INDB + Indian_Food_Nutrition_Processed,INDB:0976,Plum jam (Aloo bukhara jam),plum jam (aloo bukhara jam),,,,INDIAN_RECIPE,,PER_100_G,,,,,,178.89,0.31,46.2,0.19,1.0,45.25,,0.01,,0.0,2.67,79.81,7.5,0.2,4.51,,,,,,,206.73,81.73,28.4,HIGH,0,"Nutrition values are per 100 g based on Anuvaad INDB documentation. The supplied CSVs do not contain serving weights/volumes, so none were invented."
971617372668280656,indian-food-d7be0da437dbf50fb3a7af517f163596,Anuvaad INDB + Indian_Food_Nutrition_Processed,INDB:1007,Plum squash (Aloo bukhara squash),plum squash (aloo bukhara squash),,,,INDIAN_RECIPE,,PER_100_G,,,,,,211.17,0.16,55.51,0.1,0.52,55.02,,0.01,,0.0,12.71,43.01,6.9,0.16,2.97,,,,,,,107.47,42.49,14.77,HIGH,0,"Nutrition values are per 100 g based on Anuvaad INDB documentation. The supplied CSVs do not contain serving weights/volumes, so none were invented."
1046542679569024633,indian-food-e861105b1ff4679db486ab822ba9c0cf,Anuvaad INDB + Indian_Food_Nutrition_Processed,INDB:0056,Poached egg,poached egg,,,,INDIAN_RECIPE,,PER_100_G,egg,1,1 egg,,,123.87,11.98,0.37,8.19,0.3,0.05,,2.65,,326.79,1163.07,141.3,48.24,1.75,14.79,0.0,24.77,,,,,140.35,3112.17,1038.18,HIGH,0,"Nutrition values are per 100 g based on Anuvaad INDB documentation. The supplied CSVs do not contain serving weights/volumes, so none were invented."
1038995459990212818,indian-food-e6b40ddb3f5d0d2a1406d03111704800,Anuvaad INDB + Indian_Food_Nutrition_Processed,INDB:0452,Poha,poha,,,,INDIAN_RECIPE,,PER_100_G,bowl,1,1 bowl,,,294.53,6.09,35.05,14.14,3.72,0.87,,2.04,,0.0,377.1,333.98,37.67,3.01,66.85,6.62,11.96,,,,,842.44,4117.09,7340.79,HIGH,0,"Nutrition values are per 100 g based on Anuvaad INDB documentation. The supplied CSVs do not contain serving weights/volumes, so none were invented."
459669216641626863,indian-food-66112b7941b32ef858b3036fe431553e,Anuvaad INDB + Indian_Food_Nutrition_Processed,INDB:0962,Poha with curd (Poha aur dahi),poha with curd (poha aur dahi),,,,INDIAN_RECIPE,,PER_100_G,,,,,,173.32,6.01,26.72,4.65,1.09,5.46,,2.82,,13.37,325.07,249.94,140.9,1.61,36.72,,,,,,,43.17,1233.48,317.4,HIGH,0,"Nutrition values are per 100 g based on Anuvaad INDB documentation. The supplied CSVs do not contain serving weights/volumes, so none were invented."
1105400960167423189,indian-food-f572c510d27acd56f47c2dcd21330a75,Anuvaad INDB + Indian_Food_Nutrition_Processed,INDB:0870,Pomegranate raita (Anaar ka raita),pomegranate raita (anaar ka raita),,,,INDIAN_RECIPE,,PER_100_G,bowl,1,1 bowl,,,72.64,4.05,7.15,3.24,0.6,7.01,,1.95,,4.67,195.18,208.12,138.31,0.25,14.73,4.6,23.86,,,,,161.86,871.85,141.28,HIGH,0,"Nutrition values are per 100 g based on Anuvaad INDB documentation. The supplied CSVs do not contain serving weights/volumes, so none were invented."
724085499731193180,indian-food-a0c77ecf67d2d5c417a07f90e3d30cd6,Anuvaad INDB + Indian_Food_Nutrition_Processed,INDB:0097,Poori,poori,,,,INDIAN_RECIPE,,PER_100_G,poori,1,1 poori,,,737.63,1.35,8.22,77.61,1.46,0.23,,9.62,,1.58,31.73,39.91,3.98,0.6,16.07,0.0,4.68,,,,,48.31,15940.3,48777.58,HIGH,0,"Nutrition values are per 100 g based on Anuvaad INDB documentation. The supplied CSVs do not contain serving weights/volumes, so none were invented."
1152604997621316988,indian-food-ffee023798efd7cedb973a24ecebb4ee,Anuvaad INDB + Indian_Food_Nutrition_Processed,INDB:0779,Poshtik chilla/cheela,poshtik chilla/cheela,,,,INDIAN_RECIPE,,PER_100_G,cheela,1,1 cheela,,,159.53,4.85,27.47,3.04,4.91,1.22,,0.38,,0.0,97.18,150.74,18.18,2.1,55.64,0.58,11.79,,,,,276.08,553.7,1811.44,HIGH,0,"Nutrition values are per 100 g based on Anuvaad INDB documentation. The supplied CSVs do not contain serving weights/volumes, so none were invented."
970467981697693523,indian-food-d77cb7cd2fb37531061924eb3ed3b4f3,Anuvaad INDB + Indian_Food_Nutrition_Processed,INDB:0670,Poshtik cutlet,poshtik cutlet,,,,INDIAN_RECIPE,,PER_100_G,cutlet,1,1 cutlet,,,496.45,2.0,7.39,50.94,1.35,0.32,,6.18,,0.0,57.11,195.37,14.94,0.69,18.53,16.42,43.66,,,,,544.39,10632.46,31907.44,HIGH,0,"Nutrition values are per 100 g based on Anuvaad INDB documentation. The supplied CSVs do not contain serving weights/volumes, so none were invented."
199710910516696477,indian-food-2c58403d71e159dfbcaf0956b127230a,Anuvaad INDB + Indian_Food_Nutrition_Processed,INDB:0775,Poshtik khichdi/khichri,poshtik khichdi/khichri,,,,INDIAN_RECIPE,,PER_100_G,plate,1,1 plate,,,93.37,3.04,15.64,1.88,2.0,0.26,,0.31,,0.0,41.67,139.53,30.41,1.0,27.73,25.77,65.43,,,,,1932.25,559.67,872.57,HIGH,0,"Nutrition values are per 100 g based on Anuvaad INDB documentation. The supplied CSVs do not contain serving weights/volumes, so none were invented."
697469952555335881,indian-food-9ade939fb91c0c9a497bf6b7d1a1a250,Anuvaad INDB + Indian_Food_Nutrition_Processed,INDB:0768,Poshtik namak paras,poshtik namak paras,,,,INDIAN_RECIPE,,PER_100_G,piece,1,1 piece,,,613.39,6.49,19.52,56.58,4.55,0.87,,9.76,,14.3,44.01,203.84,60.74,2.03,61.0,0.38,6.09,,,,,1098.6,12694.79,31364.78,HIGH,0,"Nutrition values are per 100 g based on Anuvaad INDB documentation. The supplied CSVs do not contain serving weights/volumes, so none were invented."
874745644622917910,indian-food-c23b8877891b116abe65e6823ae0c28d,Anuvaad INDB + Indian_Food_Nutrition_Processed,INDB:0744,Potato aigrettes,potato aigrettes,,,,INDIAN_RECIPE,,PER_100_G,aigrette,1,1 aigrette,,,530.03,2.35,8.01,54.24,0.45,0.73,,9.25,,49.7,112.45,93.81,9.2,0.45,6.94,1.16,3.35,,,,,98.05,11523.52,30912.21,HIGH,0,"Nutrition values are per 100 g based on Anuvaad INDB documentation. The supplied CSVs do not contain serving weights/volumes, so none were invented."
700135458600625807,indian-food-9b7617d788ba68fa669c890e46a6ac0a,Anuvaad INDB + Indian_Food_Nutrition_Processed,INDB:0336,Potato bonda (Aloo bonda),potato bonda (aloo bonda),,,,INDIAN_RECIPE,,PER_100_G,bonda,1,1 bonda,,,632.84,1.09,4.53,67.8,0.83,0.27,,8.16,,0.0,132.53,105.94,6.79,0.37,9.02,8.96,16.02,,,,,182.56,13971.86,42857.18,HIGH,0,"Nutrition values are per 100 g based on Anuvaad INDB documentation. The supplied CSVs do not contain serving weights/volumes, so none were invented."
191470395987886424,indian-food-2a83d4f89dc8158dd75acc30c166375b,Anuvaad INDB + Indian_Food_Nutrition_Processed,INDB:0445,Potato canjee (Aloo canjee),potato canjee (aloo canjee),,,,INDIAN_RECIPE,,PER_100_G,glass,1,1 glass,,,16.26,0.44,2.69,0.39,0.43,0.1,,0.03,,0.0,35.99,99.19,5.21,0.22,6.51,7.72,6.77,,,,,48.86,183.26,101.5,HIGH,0,"Nutrition values are per 100 g based on Anuvaad INDB documentation. The supplied CSVs do not contain serving weights/volumes, so none were invented."
388421402951663566,indian-food-563f3354217bfcea1c18091cfb3e9041,Anuvaad INDB + Indian_Food_Nutrition_Processed,INDB:0157,Potato capsicum (Shimla mirch aloo),potato capsicum (shimla mirch aloo),,,,INDIAN_RECIPE,,PER_100_G,bowl,1,1 bowl,,,125.53,1.41,8.72,9.33,2.02,0.54,,1.15,,0.0,277.92,364.15,16.45,0.86,22.01,81.26,39.8,,,,,1209.09,1861.63,5844.49,HIGH,0,"Nutrition values are per 100 g based on Anuvaad INDB documentation. The supplied CSVs do not contain serving weights/volumes, so none were invented."
815413674263054451,indian-food-b50ee6a9f720873e0b862da245b3479f,Anuvaad INDB + Indian_Food_Nutrition_Processed,INDB:0156,Potato cauliflower (Aloo gobhi),potato cauliflower (aloo gobhi),,,,INDIAN_RECIPE,,PER_100_G,bowl,1,1 bowl,,,106.18,1.9,5.99,8.13,3.02,0.44,,1.02,,0.0,254.76,378.78,22.87,1.07,25.22,61.11,55.94,,,,,321.87,1605.37,5068.74,HIGH,0,"Nutrition values are per 100 g based on Anuvaad INDB documentation. The supplied CSVs do not contain serving weights/volumes, so none were invented."
137719962633961037,indian-food-1e947938b46fe4dacdd3f21294ed0811,Anuvaad INDB + Indian_Food_Nutrition_Processed,INDB:0556,Potato curry (Aloo ki sabzi),potato curry (aloo ki sabzi),,,,INDIAN_RECIPE,,PER_100_G,bowl,1,1 bowl,,,89.56,1.52,10.42,4.47,2.42,1.58,,0.55,,0.0,78.4,383.45,23.74,0.97,25.3,42.18,35.58,,,,,1767.43,961.12,2684.73,HIGH,0,"Nutrition values are per 100 g based on Anuvaad INDB documentation. The supplied CSVs do not contain serving weights/volumes, so none were invented."
1086287885502237948,indian-food-f134513932bccfca0b31ff9416e4edf5,Anuvaad INDB + Indian_Food_Nutrition_Processed,INDB:0160,Potato fenugreek (Aloo methi),potato fenugreek (aloo methi),,,,INDIAN_RECIPE,,PER_100_G,bowl,1,1 bowl,,,135.15,2.25,8.47,10.04,2.93,0.54,,1.25,,0.0,221.93,370.24,107.8,2.53,38.24,68.76,73.14,,,,,4850.61,1981.55,6304.68,HIGH,0,"Nutrition values are per 100 g based on Anuvaad INDB documentation. The supplied CSVs do not contain serving weights/volumes, so none were invented."
799042376651777822,indian-food-b16c4cedcd0271e4624f296e3afede1e,Anuvaad INDB + Indian_Food_Nutrition_Processed,INDB:0275,Potato halwa (Aloo ka halwa),potato halwa (aloo ka halwa),,,,INDIAN_RECIPE,,PER_100_G,bowl,1,1 bowl,,,151.66,1.53,29.18,3.48,1.64,17.42,,1.58,,6.23,4.23,451.73,14.15,0.63,25.15,28.98,20.72,,,,,214.71,1203.12,406.25,HIGH,0,"Nutrition values are per 100 g based on Anuvaad INDB documentation. The supplied CSVs do not contain serving weights/volumes, so none were invented."
527385548589594406,indian-food-751a65cbb5b77264f5d43411f56f23da,Anuvaad INDB + Indian_Food_Nutrition_Processed,INDB:0560,Potato kofta curry (Aloo kofta curry),potato kofta curry (aloo kofta curry),,,,INDIAN_RECIPE,,PER_100_G,bowl,1,1 bowl,,,455.4,0.56,2.78,49.08,0.56,0.63,,6.07,,2.6,30.12,97.57,7.77,0.26,6.9,46.64,48.57,,,,,364.69,10159.06,30803.69,HIGH,0,"Nutrition values are per 100 g based on Anuvaad INDB documentation. The supplied CSVs do not contain serving weights/volumes, so none were invented."
402907698111933986,indian-food-5976a6aaf3b6e22fff5cc09a0cc6632f,Anuvaad INDB + Indian_Food_Nutrition_Processed,INDB:0587,Potato nests,potato nests,,,,INDIAN_RECIPE,,PER_100_G,nest,1,1 nest,,,111.62,5.71,11.05,4.77,2.49,1.41,,2.76,,26.5,182.12,341.01,55.25,0.87,25.91,37.47,49.55,,,,,551.76,1299.7,292.43,HIGH,0,"Nutrition values are per 100 g based on Anuvaad INDB documentation. The supplied CSVs do not contain serving weights/volumes, so none were invented."
324459974826562243,indian-food-480b6a0c75e92c32da50360d003e05c1,Anuvaad INDB + Indian_Food_Nutrition_Processed,INDB:0327,Potato pakora/pakoda (Aloo pakoda),potato pakora/pakoda (aloo pakoda),,,,INDIAN_RECIPE,,PER_100_G,plate,1,1 plate,,,677.19,1.9,6.04,71.84,1.03,0.22,,8.63,,0.0,63.38,90.01,6.59,0.38,7.85,18.53,109.12,,,,,46.95,14729.45,45466.16,HIGH,0,"Nutrition values are per 100 g based on Anuvaad INDB documentation. The supplied CSVs do not contain serving weights/volumes, so none were invented."
1020883590968348795,indian-food-e2ae83794b1907b06be82c3e02861d76,Anuvaad INDB + Indian_Food_Nutrition_Processed,INDB:0088,Potato parantha/paratha (Aloo ka parantha/paratha),potato parantha/paratha (aloo ka parantha/paratha),,,,INDIAN_RECIPE,,PER_100_G,parantha,1,1 parantha,,,205.04,3.7,23.92,10.22,4.18,1.15,,1.24,,0.0,127.2,272.88,17.38,1.52,46.11,7.98,14.96,,,,,295.46,2032.35,6381.79,HIGH,0,"Nutrition values are per 100 g based on Anuvaad INDB documentation. The supplied CSVs do not contain serving weights/volumes, so none were invented."
302187436230759711,indian-food-43195df481ed51f48d42eccbb67a3be1,Anuvaad INDB + Indian_Food_Nutrition_Processed,INDB:0843,Potato pickle (Aloo ka achaar),potato pickle (aloo ka achaar),,,,INDIAN_RECIPE,,PER_100_G,bowl,1,1 bowl,,,369.14,2.07,7.87,36.46,2.21,0.82,,5.38,,0.0,213.73,311.23,48.46,1.12,34.8,10.14,8.16,,,,,454.09,7666.1,21623.95,HIGH,0,"Nutrition values are per 100 g based on Anuvaad INDB documentation. The supplied CSVs do not contain serving weights/volumes, so none were invented."
1009514285796955823,indian-food-e0283e4f09c16afcd913597bf2fd25c6,Anuvaad INDB + Indian_Food_Nutrition_Processed,INDB:0255,Potato raita (Aloo ka raita),potato raita (aloo ka raita),,,,INDIAN_RECIPE,,PER_100_G,bowl,1,1 bowl,,,75.38,4.22,10.24,2.04,0.75,5.08,,1.23,,6.98,183.37,376.28,132.31,0.34,21.94,15.33,27.03,,,,,129.23,524.58,132.34,HIGH,0,"Nutrition values are per 100 g based on Anuvaad INDB documentation. The supplied CSVs do not contain serving weights/volumes, so none were invented."
370777511607598707,indian-food-525442eae12fe73ef347381ac5b8821b,Anuvaad INDB + Indian_Food_Nutrition_Processed,INDB:0244,Potato salad (Aloo ka salaad),potato salad (aloo ka salaad),,,,INDIAN_RECIPE,,PER_100_G,bowl,1,1 bowl,,,89.91,1.4,11.19,4.4,1.32,3.94,,0.57,,0.0,125.01,347.45,25.61,0.99,21.31,58.78,52.72,,,,,1542.14,1642.09,1890.56,HIGH,0,"Nutrition values are per 100 g based on Anuvaad INDB documentation. The supplied CSVs do not contain serving weights/volumes, so none were invented."
140763470208931323,indian-food-1f417a15f2795fbf24f21ff1413516bd,Anuvaad INDB + Indian_Food_Nutrition_Processed,INDB:0337,Potato samosa (Aloo ka samosa),potato samosa (aloo ka samosa),,,,INDIAN_RECIPE,,PER_100_G,samosa,1,1 samosa,,,577.39,1.71,9.21,59.19,1.19,0.29,,7.56,,2.33,77.1,137.5,7.63,0.5,11.38,11.27,12.8,,,,,239.16,12186.44,36936.73,HIGH,0,"Nutrition values are per 100 g based on Anuvaad INDB documentation. The supplied CSVs do not contain serving weights/volumes, so none were invented."
369034589668206288,indian-food-51f13010b0166d05dff2c3035f6d09d1,Anuvaad INDB + Indian_Food_Nutrition_Processed,INDB:0101,Potato stuffed poori (Aloo ki poori),potato stuffed poori (aloo ki poori),,,,INDIAN_RECIPE,,PER_100_G,poori,1,1 poori,,,776.74,1.52,9.4,81.35,1.64,0.26,,10.09,,1.65,69.86,71.98,5.57,0.7,18.52,1.39,5.63,,,,,76.3,16705.94,51123.28,HIGH,0,"Nutrition values are per 100 g based on Anuvaad INDB documentation. The supplied CSVs do not contain serving weights/volumes, so none were invented."
792408157464809658,indian-food-aff330556cfd0ba22180d1994f4ff8b4,Anuvaad INDB + Indian_Food_Nutrition_Processed,INDB:0963,Potato with curd,potato with curd,,,,INDIAN_RECIPE,,PER_100_G,,,,,,73.18,3.19,12.01,1.33,1.02,3.3,,0.79,,4.38,190.9,435.22,85.41,0.38,22.26,,,,,,,132.67,323.0,116.93,HIGH,0,"Nutrition values are per 100 g based on Anuvaad INDB documentation. The supplied CSVs do not contain serving weights/volumes, so none were invented."
844700166644315149,indian-food-bb8fa537e8c340d1d741687183bec243,Anuvaad INDB + Indian_Food_Nutrition_Processed,INDB:0551,Prawn curry (with coconut) (Jhinga curry),prawn curry (with coconut) (jhinga curry),,,,INDIAN_RECIPE,,PER_100_G,bowl,1,1 bowl,,,109.55,8.54,3.1,6.93,1.56,2.03,,2.47,,37.12,375.86,150.65,37.25,0.96,35.67,3.72,43.62,,,,,290.41,1037.81,2379.04,HIGH,0,"Nutrition values are per 100 g based on Anuvaad INDB documentation. The supplied CSVs do not contain serving weights/volumes, so none were invented."
330006975920371151,indian-food-4946b989d2275cf25d9585d1cca305e7,Anuvaad INDB + Indian_Food_Nutrition_Processed,INDB:0811,Prawn sandwich,prawn sandwich,,,,INDIAN_RECIPE,,PER_100_G,sandwich,1,1 sandwich,,,169.65,10.36,11.89,9.27,1.55,1.21,,1.23,,40.7,213.38,152.55,75.53,1.11,38.95,12.57,50.99,,,,,219.48,5979.27,1397.05,HIGH,0,"Nutrition values are per 100 g based on Anuvaad INDB documentation. The supplied CSVs do not contain serving weights/volumes, so none were invented."
303341913405131750,indian-food-435afdcf2000be62d3b515e28a2c4820,Anuvaad INDB + Indian_Food_Nutrition_Processed,INDB:0053,Puffed wheat (Murmure/Moori),puffed wheat (murmure/moori),,,,INDIAN_RECIPE,,PER_100_G,bowl,1,1 bowl,,,113.32,3.62,15.67,4.04,0.28,7.31,,2.34,,0.0,22.52,114.53,103.79,0.63,14.18,4.82,16.87,,,,,178.11,1052.35,123.97,HIGH,0,"Nutrition values are per 100 g based on Anuvaad INDB documentation. The supplied CSVs do not contain serving weights/volumes, so none were invented."
481075925179731406,indian-food-6ad20014e548dcecb62ca76bfab80847,Anuvaad INDB + Indian_Food_Nutrition_Processed,INDB:0458,Puffy omelette/omlet,puffy omelette/omlet,,,,INDIAN_RECIPE,,PER_100_G,egg,1,1 egg,,,188.15,8.82,0.08,16.84,0.0,0.08,,8.8,,268.82,340.53,231.64,34.96,1.2,8.66,0.0,24.66,,,,,168.82,5041.45,1130.26,HIGH,0,"Nutrition values are per 100 g based on Anuvaad INDB documentation. The supplied CSVs do not contain serving weights/volumes, so none were invented."
927685452183678211,indian-food-cdfcd00f0b4ad0375f17d50ce3f00b6a,Anuvaad INDB + Indian_Food_Nutrition_Processed,INDB:0752,Pulse mix,pulse mix,,,,INDIAN_RECIPE,,PER_100_G,,,,,,83.29,3.16,16.0,0.54,2.25,6.59,,0.06,,0.0,3.88,151.35,14.93,1.29,28.72,0.0,24.23,,,,,119.34,81.3,252.23,HIGH,0,"Nutrition values are per 100 g based on Anuvaad INDB documentation. The supplied CSVs do not contain serving weights/volumes, so none were invented."
204208037729460107,indian-food-2d57e20dd24df8bbd1a032516745d155,Anuvaad INDB + Indian_Food_Nutrition_Processed,INDB:0658,Pumpkin coconut burfi (Kaddu aur nariyal ki burfi),pumpkin coconut burfi (kaddu aur nariyal ki burfi),,,,INDIAN_RECIPE,,PER_100_G,piece,1,1 piece,,,186.18,1.75,17.02,12.66,4.29,16.11,,8.42,,5.11,8.95,283.95,21.76,0.79,23.61,3.02,11.48,,,,,972.51,1166.94,289.65,HIGH,0,"Nutrition values are per 100 g based on Anuvaad INDB documentation. The supplied CSVs do not contain serving weights/volumes, so none were invented."
202946767944546905,indian-food-2d103029ba5fa593e49130e8250c6250,Anuvaad INDB + Indian_Food_Nutrition_Processed,INDB:0820,Pumpkin cookies,pumpkin cookies,,,,INDIAN_RECIPE,,PER_100_G,cookie,1,1 cookie,,,218.4,2.51,44.69,3.93,1.06,31.62,,2.3,,22.23,51.49,82.12,19.36,0.52,8.86,1.26,7.8,,,,,343.06,1009.54,234.02,HIGH,0,"Nutrition values are per 100 g based on Anuvaad INDB documentation. The supplied CSVs do not contain serving weights/volumes, so none were invented."
460537171659747629,indian-food-664281e1aa4712d5e7dc385ee881a8d6,Anuvaad INDB + Indian_Food_Nutrition_Processed,INDB:0276,Pumpkin halwa (Kaddu ka halwa),pumpkin halwa (kaddu ka halwa),,,,INDIAN_RECIPE,,PER_100_G,bowl,1,1 bowl,,,190.27,1.33,27.6,8.81,2.97,26.64,,5.14,,9.52,8.09,235.46,24.34,0.63,19.35,8.08,27.9,,,,,1021.15,1800.28,469.31,HIGH,0,"Nutrition values are per 100 g based on Anuvaad INDB documentation. The supplied CSVs do not contain serving weights/volumes, so none were invented."
998557923146800167,indian-food-ddb9723f8d11c27ff7d2de52334316f7,Anuvaad INDB + Indian_Food_Nutrition_Processed,INDB:0617,Pumpkin kheer (Kaddu ki kheer),pumpkin kheer (kaddu ki kheer),,,,INDIAN_RECIPE,,PER_100_G,bowl,1,1 bowl,,,86.35,2.76,10.44,3.86,0.63,10.12,,2.07,,0.0,20.99,141.55,95.61,0.24,11.48,8.06,26.95,,,,,420.84,1227.81,224.51,HIGH,0,"Nutrition values are per 100 g based on Anuvaad INDB documentation. The supplied CSVs do not contain serving weights/volumes, so none were invented."
428880766727116734,indian-food-5f3b0c8f7c457be7d9c1eb207d7d6945,Anuvaad INDB + Indian_Food_Nutrition_Processed,INDB:0607,Pumpkin raita (Kaddu ka raita),pumpkin raita (kaddu ka raita),,,,INDIAN_RECIPE,,PER_100_G,bowl,1,1 bowl,,,55.6,3.74,6.02,1.88,1.04,5.48,,1.14,,6.47,129.14,258.97,130.11,0.33,17.42,7.11,31.7,,,,,622.33,497.58,100.94,HIGH,0,"Nutrition values are per 100 g based on Anuvaad INDB documentation. The supplied CSVs do not contain serving weights/volumes, so none were invented."
132208422001422890,indian-food-1d5b2dbfdb5b22a057dc042190859d1e,Anuvaad INDB + Indian_Food_Nutrition_Processed,INDB:0911,Pumpkin soup,pumpkin soup,,,,INDIAN_RECIPE,,PER_100_G,bowl,1,1 bowl,,,40.05,0.47,2.08,3.2,1.19,1.47,,0.62,,0.86,45.5,115.19,12.17,0.19,5.38,11.5,35.73,,,,,614.57,2153.91,272.5,HIGH,0,"Nutrition values are per 100 g based on Anuvaad INDB documentation. The supplied CSVs do not contain serving weights/volumes, so none were invented."
125064713490710217,indian-food-1bc51b1bd8cbec9bdbd388f825e0cdbe,Anuvaad INDB + Indian_Food_Nutrition_Processed,INDB:0799,Putharekulu,putharekulu,,,,INDIAN_RECIPE,,PER_100_G,roll,1,1 roll,,,318.3,3.66,59.61,7.55,1.75,23.86,,4.44,,18.39,2.67,67.48,6.11,0.38,12.93,0.0,2.44,,,,,161.21,1961.99,441.87,HIGH,0,"Nutrition values are per 100 g based on Anuvaad INDB documentation. The supplied CSVs do not contain serving weights/volumes, so none were invented."
135095984927834460,indian-food-1dff5152034815c82e0655d1dd346063,Anuvaad INDB + Indian_Food_Nutrition_Processed,INDB:0303,Queen of pudding,queen of pudding,,,,INDIAN_RECIPE,,PER_100_G,large slice,1,1 large slice,,,132.92,5.51,16.35,5.38,0.27,11.77,,2.78,,60.59,85.59,107.57,78.26,0.53,9.24,8.11,46.64,,,,,125.6,1526.61,303.61,HIGH,0,"Nutrition values are per 100 g based on Anuvaad INDB documentation. The supplied CSVs do not contain serving weights/volumes, so none were invented."
1077692350813327126,indian-food-ef4bb7bb3624f16477b72bd42b1af145,Anuvaad INDB + Indian_Food_Nutrition_Processed,INDB:0888,Quinoa khichdi/khichri,quinoa khichdi/khichri,,,,INDIAN_RECIPE,,PER_100_G,bowl,1,1 bowl,,,64.01,3.18,8.83,1.59,2.58,0.69,,0.69,,2.61,69.64,174.76,24.59,1.12,25.3,9.13,82.57,,,,,714.89,392.44,287.28,HIGH,0,"Nutrition values are per 100 g based on Anuvaad INDB documentation. The supplied CSVs do not contain serving weights/volumes, so none were invented."
711330477033618474,indian-food-9df274cd17f7c2a84a9092f26a1fb751,Anuvaad INDB + Indian_Food_Nutrition_Processed,INDB:0089,Radish parantha/paratha (Mooli ka parantha/paratha),radish parantha/paratha (mooli ka parantha/paratha),,,,INDIAN_RECIPE,,PER_100_G,parantha,1,1 parantha,,,183.52,3.3,20.54,9.53,4.32,1.31,,1.16,,0.0,127.03,206.44,23.75,1.39,41.98,8.44,20.74,,,,,223.85,1896.26,5939.95,HIGH,0,"Nutrition values are per 100 g based on Anuvaad INDB documentation. The supplied CSVs do not contain serving weights/volumes, so none were invented."
446938364432991710,indian-food-633d8131085c5dea34d02eaa8ddb3a82,Anuvaad INDB + Indian_Food_Nutrition_Processed,INDB:0029,Rainbow sandwich,rainbow sandwich,,,,INDIAN_RECIPE,,PER_100_G,triangle,1,1 triangle,,,272.75,7.75,34.26,12.54,2.1,4.05,,7.02,,31.16,612.49,143.97,172.04,1.2,20.43,1.01,10.38,,,,,188.09,2934.21,411.22,HIGH,0,"Nutrition values are per 100 g based on Anuvaad INDB documentation. The supplied CSVs do not contain serving weights/volumes, so none were invented."
232401895060063105,indian-food-339a84ad02ec381b410591a42599430e,Anuvaad INDB + Indian_Food_Nutrition_Processed,INDB:0652,Rajbogh,rajbogh,,,,INDIAN_RECIPE,,PER_100_G,piece,1,1 piece,,,133.7,1.71,28.16,2.28,0.11,27.66,,1.18,,0.1,16.57,73.47,63.23,0.17,6.42,2.69,12.02,,,,,90.37,682.48,166.76,HIGH,0,"Nutrition values are per 100 g based on Anuvaad INDB documentation. The supplied CSVs do not contain serving weights/volumes, so none were invented."
1092873195197008628,indian-food-f2aaa6178438af4425be851d1fa601a0,Anuvaad INDB + Indian_Food_Nutrition_Processed,INDB:0993,Rasam powder (Rasam masala),rasam powder (rasam masala),,,,INDIAN_RECIPE,,PER_100_G,,,,,,267.96,12.04,25.19,11.8,35.71,1.91,,0.78,,0.0,38.78,1524.9,562.15,14.72,288.95,,,,,,,6329.34,6561.75,2070.65,HIGH,0,"Nutrition values are per 100 g based on Anuvaad INDB documentation. The supplied CSVs do not contain serving weights/volumes, so none were invented."
1083615846892870683,indian-food-f09c6df1b089c1b37be0b0e3c1a26d0a,Anuvaad INDB + Indian_Food_Nutrition_Processed,INDB:0521,Rasam with lemon (Nimmakaya rasam/Nimmakaya charu/Elumichai rasam/Nimbe hannina saaru),rasam with lemon (nimmakaya rasam/nimmakaya charu/elumichai rasam/nimbe hannina saaru),,,,INDIAN_RECIPE,,PER_100_G,curry bowl,1,1 curry bowl,,,24.41,1.11,2.85,0.87,1.54,0.44,,0.11,,0.0,102.77,124.52,15.56,0.52,13.98,19.71,28.91,,,,,2678.95,211.75,451.35,HIGH,0,"Nutrition values are per 100 g based on Anuvaad INDB documentation. The supplied CSVs do not contain serving weights/volumes, so none were invented."
407800214269177661,indian-food-5a8cc225ed7af3d2ce2a462263103e30,Anuvaad INDB + Indian_Food_Nutrition_Processed,INDB:0520,Rasam with tamarind (Puli rasam/ Chintapandu rasam/ Charu/Saaru),rasam with tamarind (puli rasam/ chintapandu rasam/ charu/saaru),,,,INDIAN_RECIPE,,PER_100_G,curry bowl,1,1 curry bowl,,,26.74,1.13,3.37,0.88,1.6,0.83,,0.11,,0.0,104.11,130.66,16.56,0.59,14.66,17.27,28.68,,,,,2711.24,214.46,454.77,HIGH,0,"Nutrition values are per 100 g based on Anuvaad INDB documentation. The supplied CSVs do not contain serving weights/volumes, so none were invented."
970102677183465891,indian-food-d767f3ebd2d09a3ae22e4ccc82d13fef,Anuvaad INDB + Indian_Food_Nutrition_Processed,INDB:0651,Rasbhari,rasbhari,,,,INDIAN_RECIPE,,PER_100_G,piece,1,1 piece,,,130.05,1.52,28.27,1.92,0.02,27.84,,1.16,,0.1,16.65,64.67,62.58,0.13,5.13,2.69,10.2,,,,,86.52,518.66,60.96,HIGH,0,"Nutrition values are per 100 g based on Anuvaad INDB documentation. The supplied CSVs do not contain serving weights/volumes, so none were invented."
63013585035032384,indian-food-0dfde859009774064b80e2a3783c02b3,Anuvaad INDB + Indian_Food_Nutrition_Processed,INDB:0653,Rasgulla,rasgulla,,,,INDIAN_RECIPE,,PER_100_G,piece,1,1 piece,,,118.64,1.38,25.79,1.75,0.01,25.4,,1.06,,0.09,15.19,58.99,57.09,0.12,4.68,2.69,10.2,,,,,78.92,473.13,55.61,HIGH,0,"Nutrition values are per 100 g based on Anuvaad INDB documentation. The supplied CSVs do not contain serving weights/volumes, so none were invented."
139614862180681691,indian-food-1f002fa39a507db749405603e1eaffe0,Anuvaad INDB + Indian_Food_Nutrition_Processed,INDB:0654,Rasmalai,rasmalai,,,,INDIAN_RECIPE,,PER_100_G,piece,1,1 piece,,,135.55,1.61,29.17,2.11,0.07,28.71,,1.16,,0.09,16.46,69.18,62.31,0.15,5.86,2.69,11.29,,,,,87.72,609.52,123.09,HIGH,0,"Nutrition values are per 100 g based on Anuvaad INDB documentation. The supplied CSVs do not contain serving weights/volumes, so none were invented."
169178988758598614,indian-food-2590b64d86a83d6d6d6854601d44c161,Anuvaad INDB + Indian_Food_Nutrition_Processed,INDB:0634,Raspberry bavarian cream,raspberry bavarian cream,,,,INDIAN_RECIPE,,PER_100_G,small mould,1,1 small mould,,,150.1,3.34,17.82,7.88,2.19,15.3,,4.8,,19.94,24.59,78.98,26.4,0.31,9.95,21.41,20.79,,,,,102.26,2241.22,341.14,HIGH,0,"Nutrition values are per 100 g based on Anuvaad INDB documentation. The supplied CSVs do not contain serving weights/volumes, so none were invented."
987280679532527069,indian-food-db3868c15247ddd259bc427b2c3b751a,Anuvaad INDB + Indian_Food_Nutrition_Processed,INDB:0819,Raspberry shortbread cookies,raspberry shortbread cookies,,,,INDIAN_RECIPE,,PER_100_G,cookie,1,1 cookie,,,441.12,3.0,61.25,21.25,0.75,40.86,,13.36,,54.36,6.06,51.53,13.81,0.6,9.21,0.01,1.66,,,,,230.82,5370.68,817.64,HIGH,0,"Nutrition values are per 100 g based on Anuvaad INDB documentation. The supplied CSVs do not contain serving weights/volumes, so none were invented."
891727237530158238,indian-food-c600d32ad86849e66c657f18503e97a1,Anuvaad INDB + Indian_Food_Nutrition_Processed,INDB:0185,Raw banana kofta curry (Kela kofta curry),raw banana kofta curry (kela kofta curry),,,,INDIAN_RECIPE,,PER_100_G,bowl,1,1 bowl,,,627.27,0.62,3.4,67.98,0.59,2.3,,8.21,,0.23,88.4,71.35,9.23,0.28,6.84,23.63,46.68,,,,,472.07,13944.75,43014.2,HIGH,0,"Nutrition values are per 100 g based on Anuvaad INDB documentation. The supplied CSVs do not contain serving weights/volumes, so none were invented."
1078759499234770903,indian-food-ef8860c8df77fd7b0dd3eaba98d4cd06,Anuvaad INDB + Indian_Food_Nutrition_Processed,INDB:0987,Raw mango chutney (Kachhe aam/Kairi ki chutney),raw mango chutney (kachhe aam/kairi ki chutney),,,,INDIAN_RECIPE,,PER_100_G,,,,,,193.13,0.51,49.94,0.16,2.17,45.22,,0.04,,0.0,480.68,105.51,25.92,0.48,14.1,,,,,,,394.82,28.02,71.97,HIGH,0,"Nutrition values are per 100 g based on Anuvaad INDB documentation. The supplied CSVs do not contain serving weights/volumes, so none were invented."
92674450298703206,indian-food-1493eebe9cf0d66252509ae59d19ee9f,Anuvaad INDB + Indian_Food_Nutrition_Processed,INDB:0005,Raw mango drink (Aam panna),raw mango drink (aam panna),,,,INDIAN_RECIPE,,PER_100_G,tall glass,1,1 tall glass,,,35.92,0.16,9.05,0.03,0.61,7.49,,0.01,,0.0,79.82,31.45,7.08,0.14,4.25,45.3,14.05,,,,,167.19,5.89,9.43,HIGH,0,"Nutrition values are per 100 g based on Anuvaad INDB documentation. The supplied CSVs do not contain serving weights/volumes, so none were invented."
350215853625837587,indian-food-4dc37769e1408130b6f49795ad9745f8,Anuvaad INDB + Indian_Food_Nutrition_Processed,INDB:0167,Raw papaya with coconut (Papaya thoran),raw papaya with coconut (papaya thoran),,,,INDIAN_RECIPE,,PER_100_G,bowl,1,1 bowl,,,132.75,1.54,5.58,11.42,4.31,3.82,,4.49,,0.0,270.56,240.52,33.74,0.82,27.59,25.38,43.68,,,,,2994.21,1573.09,3666.77,HIGH,0,"Nutrition values are per 100 g based on Anuvaad INDB documentation. The supplied CSVs do not contain serving weights/volumes, so none were invented."
97105374099868020,indian-food-158fcd2c1010974dd27b6e933d89629d,Anuvaad INDB + Indian_Food_Nutrition_Processed,INDB:0166,Raw turnip with coconut,raw turnip with coconut,,,,INDIAN_RECIPE,,PER_100_G,bowl,1,1 bowl,,,132.15,1.8,5.78,11.47,2.79,4.4,,4.44,,0.0,275.55,312.07,50.65,0.82,22.89,21.65,27.89,,,,,2641.13,1543.31,3749.93,HIGH,0,"Nutrition values are per 100 g based on Anuvaad INDB documentation. The supplied CSVs do not contain serving weights/volumes, so none were invented."
746341839182411032,indian-food-a5b89f2cd7ab518be2e5ba0db4445e38,Anuvaad INDB + Indian_Food_Nutrition_Processed,INDB:0697,Ribbon sandwich,ribbon sandwich,,,,INDIAN_RECIPE,,PER_100_G,ribbon,1,1 ribbon,,,239.26,6.26,24.76,13.37,2.92,4.66,,7.89,,34.85,382.11,152.57,157.85,1.05,23.81,4.55,10.44,,,,,111.78,3336.33,606.71,HIGH,0,"Nutrition values are per 100 g based on Anuvaad INDB documentation. The supplied CSVs do not contain serving weights/volumes, so none were invented."
870970008700814252,indian-food-c164e9bbaa183acd698695920e84db15,Anuvaad INDB + Indian_Food_Nutrition_Processed,INDB:0756,Rice dal porridge (Chawal dal ki khichdi/khichri),rice dal porridge (chawal dal ki khichdi/khichri),,,,INDIAN_RECIPE,,PER_100_G,,,,,,383.33,10.8,65.04,8.33,4.51,26.54,,1.73,,0.0,12.33,465.8,50.46,2.76,100.09,0.0,11.87,,,,,102.77,3712.15,2466.53,HIGH,0,"Nutrition values are per 100 g based on Anuvaad INDB documentation. The supplied CSVs do not contain serving weights/volumes, so none were invented."
22441860203676091,indian-food-04fbac0c18a01bb7746969f1fd4ac28d,Anuvaad INDB + Indian_Food_Nutrition_Processed,INDB:0050,Rice flakes (Chiwda/Aval),rice flakes (chiwda/aval),,,,INDIAN_RECIPE,,PER_100_G,bowl,1,1 bowl,,,112.44,3.62,15.57,3.99,0.37,7.28,,2.37,,0.0,22.4,115.4,103.15,0.62,15.61,4.82,19.41,,,,,176.29,1093.92,181.4,HIGH,0,"Nutrition values are per 100 g based on Anuvaad INDB documentation. The supplied CSVs do not contain serving weights/volumes, so none were invented."
679664149194216743,indian-food-96ea6f1534a1527cfa5f489a429fb31c,Anuvaad INDB + Indian_Food_Nutrition_Processed,INDB:0958,Rice flakes and roasted channa,rice flakes and roasted channa,,,,INDIAN_RECIPE,,PER_100_G,,,,,,333.4,10.57,71.94,2.94,8.84,1.31,,0.2,,0.0,205.51,349.9,17.23,4.51,54.54,,,,,,,23.53,297.5,403.9,HIGH,0,"Nutrition values are per 100 g based on Anuvaad INDB documentation. The supplied CSVs do not contain serving weights/volumes, so none were invented."
558085288411370965,indian-food-7beb79cea2195d5fc726c8ce2f70c7d3,Anuvaad INDB + Indian_Food_Nutrition_Processed,INDB:0261,Rice kheer (Chawal ki kheer),rice kheer (chawal ki kheer),,,,INDIAN_RECIPE,,PER_100_G,bowl,1,1 bowl,,,75.03,2.3,10.05,2.97,0.17,8.02,,1.7,,0.0,16.24,83.08,75.57,0.17,7.33,5.06,19.54,,,,,127.08,866.18,129.29,HIGH,0,"Nutrition values are per 100 g based on Anuvaad INDB documentation. The supplied CSVs do not contain serving weights/volumes, so none were invented."
935032372063441501,indian-food-cf9e6fd0655125d9a0811c63c89b2eae,Anuvaad INDB + Indian_Food_Nutrition_Processed,INDB:0421,Rice moong dal cheela (Chawal aur moong dal ka cheela),rice moong dal cheela (chawal aur moong dal ka cheela),,,,INDIAN_RECIPE,,PER_100_G,cheela,1,1 cheela,,,798.26,2.74,11.13,82.44,1.18,0.15,,9.92,,0.0,142.82,124.58,4.99,0.51,16.1,0.0,12.8,,,,,87.62,16894.23,52194.7,HIGH,0,"Nutrition values are per 100 g based on Anuvaad INDB documentation. The supplied CSVs do not contain serving weights/volumes, so none were invented."
747660328811177810,indian-food-a60391b97712752101018dd5680b75e6,Anuvaad INDB + Indian_Food_Nutrition_Processed,INDB:0893,Rice murukku,rice murukku,,,,INDIAN_RECIPE,,PER_100_G,piece,1,1 piece,,,593.99,5.41,33.29,48.22,2.18,0.17,,6.84,,5.32,63.31,224.26,24.63,1.7,29.19,0.0,8.2,,,,,173.22,10044.71,28886.18,HIGH,0,"Nutrition values are per 100 g based on Anuvaad INDB documentation. The supplied CSVs do not contain serving weights/volumes, so none were invented."
492911956368241105,indian-food-6d72cd010df31d16e0d634bd4191e187,Anuvaad INDB + Indian_Food_Nutrition_Processed,INDB:0886,Rice puttu (Ari puttu),rice puttu (ari puttu),,,,INDIAN_RECIPE,,PER_100_G,puttu,1,1 puttu,,,81.98,1.26,11.82,3.13,0.76,0.33,,2.05,,0.0,48.28,69.57,4.96,0.42,8.0,0.0,4.85,,,,,8.38,176.62,44.23,HIGH,0,"Nutrition values are per 100 g based on Anuvaad INDB documentation. The supplied CSVs do not contain serving weights/volumes, so none were invented."
994806233691171751,indian-food-dce42ffb381aba763e20739cef6f33bc,Anuvaad INDB + Indian_Food_Nutrition_Processed,INDB:0449,Rice upma,rice upma,,,,INDIAN_RECIPE,,PER_100_G,bowl,1,1 bowl,,,151.27,2.63,17.96,7.46,2.12,1.13,,0.92,,0.0,101.75,131.62,17.57,0.67,19.24,4.64,11.94,,,,,1233.73,1536.95,4631.28,HIGH,0,"Nutrition values are per 100 g based on Anuvaad INDB documentation. The supplied CSVs do not contain serving weights/volumes, so none were invented."
198652630174786854,indian-food-2c1c183bf43e526582f4bcb9ea598c18,Anuvaad INDB + Indian_Food_Nutrition_Processed,INDB:0291,Rich chocolate mousse,rich chocolate mousse,,,,INDIAN_RECIPE,,PER_100_G,cup,1,1 cup,,,188.26,7.96,10.84,12.19,0.0,10.3,,7.0,,111.71,51.71,128.77,54.59,0.97,26.66,0.7,31.64,,,,,105.19,3583.85,592.99,HIGH,0,"Nutrition values are per 100 g based on Anuvaad INDB documentation. The supplied CSVs do not contain serving weights/volumes, so none were invented."
789539961181294184,indian-food-af502695a2fce680d2c22018e2fbef29,Anuvaad INDB + Indian_Food_Nutrition_Processed,INDB:0540,Roast chicken,roast chicken,,,,INDIAN_RECIPE,,PER_100_G,joint,1,1 joint,,,199.9,20.49,0.1,13.06,0.03,0.05,,3.7,,69.66,71.71,280.0,13.61,0.79,19.34,0.3,13.16,,,,,36.67,2105.25,505.76,HIGH,0,"Nutrition values are per 100 g based on Anuvaad INDB documentation. The supplied CSVs do not contain serving weights/volumes, so none were invented."
560767793607731622,indian-food-7c83f565377e9a652d294d962b07608c,Anuvaad INDB + Indian_Food_Nutrition_Processed,INDB:0585,Roast potatoes,roast potatoes,,,,INDIAN_RECIPE,,PER_100_G,potato,1,1 potato,,,87.32,1.53,14.52,2.35,1.71,0.33,,1.39,,5.51,90.67,528.24,10.38,0.57,23.89,17.36,11.66,,,,,221.14,555.2,200.14,HIGH,0,"Nutrition values are per 100 g based on Anuvaad INDB documentation. The supplied CSVs do not contain serving weights/volumes, so none were invented."
630188050978631908,indian-food-8bee0b18846f0e4a0fdd11d16fdb8d22,Anuvaad INDB + Indian_Food_Nutrition_Processed,INDB:0861,Roasted cauliflower steak,roasted cauliflower steak,,,,INDIAN_RECIPE,,PER_100_G,cauliflower steak,1,1 cauliflower steak,,,78.68,2.05,2.02,6.7,3.53,0.44,,1.01,,0.0,120.19,311.66,24.47,0.95,22.2,47.14,46.0,,,,,52.18,4613.26,719.62,HIGH,0,"Nutrition values are per 100 g based on Anuvaad INDB documentation. The supplied CSVs do not contain serving weights/volumes, so none were invented."
742940431235049955,indian-food-a4f7462cd0a69e3d13cfeb970924339f,Anuvaad INDB + Indian_Food_Nutrition_Processed,INDB:0210,Roghan josh,roghan josh,,,,INDIAN_RECIPE,,PER_100_G,bowl,1,1 bowl,,,139.59,9.56,4.93,9.02,2.08,2.66,,0.62,,1.4,204.31,294.04,112.33,1.77,21.0,12.41,36.34,,,,,2383.17,707.05,1802.96,HIGH,0,"Nutrition values are per 100 g based on Anuvaad INDB documentation. The supplied CSVs do not contain serving weights/volumes, so none were invented."
326748971002752557,indian-food-488d8753b57ee2d3888612ef732d9b0b,Anuvaad INDB + Indian_Food_Nutrition_Processed,INDB:0696,Rolled sandwich,rolled sandwich,,,,INDIAN_RECIPE,,PER_100_G,sandwich,1,1 sandwich,,,293.07,6.45,34.69,15.29,2.07,2.7,,8.54,,35.25,321.57,144.43,117.68,1.23,17.8,0.91,5.61,,,,,391.68,3627.34,611.05,HIGH,0,"Nutrition values are per 100 g based on Anuvaad INDB documentation. The supplied CSVs do not contain serving weights/volumes, so none were invented."
585416181725822785,indian-food-81fd0ea65887f41a533a9b053be77415,Anuvaad INDB + Indian_Food_Nutrition_Processed,INDB:0953,Royal icing,royal icing,,,,INDIAN_RECIPE,,PER_100_G,,,,,,332.58,1.74,86.53,0.02,0.0,85.57,,0.0,,0.0,36.5,35.4,2.87,0.42,1.99,,,,,,,1.01,0.6,4.17,HIGH,0,"Nutrition values are per 100 g based on Anuvaad INDB documentation. The supplied CSVs do not contain serving weights/volumes, so none were invented."
173302783565129558,indian-food-267b1f6a4fc67567bce469f497516916,Anuvaad INDB + Indian_Food_Nutrition_Processed,INDB:0236,Russian salad,russian salad,,,,INDIAN_RECIPE,,PER_100_G,bowl,1,1 bowl,,,114.83,4.26,6.5,7.84,2.57,1.66,,1.49,,64.49,101.09,254.54,34.92,1.23,24.52,49.56,104.32,,,,,2270.96,4045.25,1726.66,HIGH,0,"Nutrition values are per 100 g based on Anuvaad INDB documentation. The supplied CSVs do not contain serving weights/volumes, so none were invented."
592935407106890941,indian-food-83a879c7b5b9cbd2aef5409d647f7889,Anuvaad INDB + Indian_Food_Nutrition_Processed,INDB:0406,Saffron biscuit (Kesar biscuit),saffron biscuit (kesar biscuit),,,,INDIAN_RECIPE,,PER_100_G,biscuit,1,1 biscuit,,,458.61,6.05,59.7,22.01,1.9,22.42,,12.11,,49.64,5.65,120.02,25.71,1.23,26.36,0.01,1.1,,,,,526.8,6220.14,1449.12,HIGH,0,"Nutrition values are per 100 g based on Anuvaad INDB documentation. The supplied CSVs do not contain serving weights/volumes, so none were invented."
546263087150988484,indian-food-794b7622f8afcc4fc2a9113ca7b0cce8,Anuvaad INDB + Indian_Food_Nutrition_Processed,INDB:0794,Saffron milk (Kesariya doodh),saffron milk (kesariya doodh),,,,INDIAN_RECIPE,,PER_100_G,glass,1,1 glass,,,102.18,3.17,12.64,4.57,0.14,12.5,,2.51,,0.0,23.69,114.64,110.88,0.21,10.54,4.84,17.96,,,,,184.86,1393.49,240.75,HIGH,0,"Nutrition values are per 100 g based on Anuvaad INDB documentation. The supplied CSVs do not contain serving weights/volumes, so none were invented."
264842605597546038,indian-food-3ace8f25407d636d816287d94378e0ba,Anuvaad INDB + Indian_Food_Nutrition_Processed,INDB:0669,Sago cutlet/vadas (Sabudana cutlet/vadas),sago cutlet/vadas (sabudana cutlet/vadas),,,,INDIAN_RECIPE,,PER_100_G,cutlet,1,1 cutlet,,,558.76,0.56,11.23,56.97,0.54,0.1,,6.85,,0.0,48.17,138.97,5.43,0.38,7.6,13.39,9.09,,,,,130.58,11684.42,36070.81,HIGH,0,"Nutrition values are per 100 g based on Anuvaad INDB documentation. The supplied CSVs do not contain serving weights/volumes, so none were invented."
693799557369908537,indian-food-9a0df05825b4d3933a1d85a1365b25db,Anuvaad INDB + Indian_Food_Nutrition_Processed,INDB:0880,Sago khitchdi/khichri (Sabudana khitchdi/khichri),sago khitchdi/khichri (sabudana khitchdi/khichri),,,,INDIAN_RECIPE,,PER_100_G,bowl,1,1 bowl,,,187.16,2.72,22.41,10.1,1.82,1.03,,4.73,,12.24,100.26,189.28,15.13,0.86,27.71,13.41,34.18,,,,,380.08,3056.39,1331.0,HIGH,0,"Nutrition values are per 100 g based on Anuvaad INDB documentation. The supplied CSVs do not contain serving weights/volumes, so none were invented."
558586844980520315,indian-food-7c07fc6a745257bee44e24f263c20757,Anuvaad INDB + Indian_Food_Nutrition_Processed,INDB:0750,Sajina,sajina,,,,INDIAN_RECIPE,,PER_100_G,,,,,,345.26,10.81,66.87,3.03,7.62,25.89,,0.51,,0.0,11.7,582.5,54.4,5.39,127.5,0.0,20.4,,,,,275.85,537.17,1108.73,HIGH,0,"Nutrition values are per 100 g based on Anuvaad INDB documentation. The supplied CSVs do not contain serving weights/volumes, so none were invented."
1100705717234945972,indian-food-f467e049e07cfb49715dcd9606f66b19,Anuvaad INDB + Indian_Food_Nutrition_Processed,INDB:0034,Salami sandwich,salami sandwich,,,,INDIAN_RECIPE,,PER_100_G,triangle,1,1 triangle,,,255.59,8.7,21.54,15.51,1.97,2.0,,6.88,,33.35,662.75,194.06,73.54,1.11,20.81,1.25,12.65,,,,,104.03,5531.68,1238.08,HIGH,0,"Nutrition values are per 100 g based on Anuvaad INDB documentation. The supplied CSVs do not contain serving weights/volumes, so none were invented."
160284284844934493,indian-food-23971b53542855de9110dde7cb98b495,Anuvaad INDB + Indian_Food_Nutrition_Processed,INDB:0152,Sambar,sambar,,,,INDIAN_RECIPE,,PER_100_G,bowl,1,1 bowl,,,96.92,3.35,10.57,4.38,3.52,3.31,,1.89,,0.0,159.54,298.29,30.24,1.24,32.16,20.35,68.19,,,,,1606.2,544.73,1179.96,HIGH,0,"Nutrition values are per 100 g based on Anuvaad INDB documentation. The supplied CSVs do not contain serving weights/volumes, so none were invented."
332197298999596071,indian-food-49c33aef2371427d7ce148c7adb0c880,Anuvaad INDB + Indian_Food_Nutrition_Processed,INDB:0994,Sambar powder (Sambar masala),sambar powder (sambar masala),,,,INDIAN_RECIPE,,PER_100_G,,,,,,297.46,12.5,23.38,15.58,34.56,1.87,,5.03,,0.0,27.66,1350.05,439.95,12.63,247.04,,,,,,,11008.44,5878.33,2180.91,HIGH,0,"Nutrition values are per 100 g based on Anuvaad INDB documentation. The supplied CSVs do not contain serving weights/volumes, so none were invented."
762386095192614232,indian-food-a948a1d41a72558982dcba79b4184579,Anuvaad INDB + Indian_Food_Nutrition_Processed,INDB:0200,Sarson ka saag,sarson ka saag,,,,INDIAN_RECIPE,,PER_100_G,bowl,1,1 bowl,,,87.84,3.0,5.33,5.86,3.69,0.75,,3.3,,13.24,165.45,399.56,134.41,2.43,55.11,59.58,128.42,,,,,5512.58,1432.99,570.51,HIGH,0,"Nutrition values are per 100 g based on Anuvaad INDB documentation. The supplied CSVs do not contain serving weights/volumes, so none were invented."
63973399793317374,indian-food-0e34777d9c135fe6576f6082f59965a6,Anuvaad INDB + Indian_Food_Nutrition_Processed,INDB:0787,Sattu drink,sattu drink,,,,INDIAN_RECIPE,,PER_100_G,glass,1,1 glass,,,23.38,0.56,5.16,0.14,0.4,3.96,,0.01,,0.0,12.65,25.27,1.59,0.17,3.17,0.0,25.48,,,,,26.68,22.96,64.89,HIGH,0,"Nutrition values are per 100 g based on Anuvaad INDB documentation. The supplied CSVs do not contain serving weights/volumes, so none were invented."
234324904741047602,indian-food-3407d42651e0d32509171578b5b8ecb5,Anuvaad INDB + Indian_Food_Nutrition_Processed,INDB:0683,Saunth/Sonth chutney with ginger,saunth/sonth chutney with ginger,,,,INDIAN_RECIPE,,PER_100_G,tablespoon,1,1 tablespoon,,,84.22,0.28,20.62,0.11,0.31,19.04,,0.01,,0.0,222.53,82.02,15.17,0.7,14.01,0.0,0.51,,,,,34.45,19.97,22.82,HIGH,0,"Nutrition values are per 100 g based on Anuvaad INDB documentation. The supplied CSVs do not contain serving weights/volumes, so none were invented."
961334097293079283,indian-food-d575844a39ff2f38df316d95b16c289f,Anuvaad INDB + Indian_Food_Nutrition_Processed,INDB:0260,Saunth/Sonth chutney with tamarind/imli,saunth/sonth chutney with tamarind/imli,,,,INDIAN_RECIPE,,PER_100_G,teaspoon,1,1 teaspoon,,,141.53,1.01,33.55,0.15,0.93,31.31,,0.03,,0.0,244.38,267.27,54.74,2.71,46.27,0.09,0.99,,,,,83.59,43.79,46.68,HIGH,0,"Nutrition values are per 100 g based on Anuvaad INDB documentation. The supplied CSVs do not contain serving weights/volumes, so none were invented."
566406334925513342,indian-food-7dc478f87c4227ee2b4728b81ee25a5a,Anuvaad INDB + Indian_Food_Nutrition_Processed,INDB:0862,Sauteed radishes with green beans,sauteed radishes with green beans,,,,INDIAN_RECIPE,,PER_100_G,plate,1,1 plate,,,94.32,2.41,6.04,6.61,3.52,1.78,,2.15,,7.44,65.1,323.33,40.2,1.01,45.13,6.55,45.89,,,,,893.83,2106.93,1969.88,HIGH,0,"Nutrition values are per 100 g based on Anuvaad INDB documentation. The supplied CSVs do not contain serving weights/volumes, so none were invented."
27536059001945910,indian-food-061d3e657533f368b074d96c4db7f187,Anuvaad INDB + Indian_Food_Nutrition_Processed,INDB:0746,Savoury cheese horns,savoury cheese horns,,,,INDIAN_RECIPE,,PER_100_G,horn,1,1 horn,,,295.15,5.66,21.38,20.71,0.73,2.74,,12.37,,50.63,212.28,105.28,121.83,0.63,14.28,2.31,8.51,,,,,575.39,5455.69,998.12,HIGH,0,"Nutrition values are per 100 g based on Anuvaad INDB documentation. The supplied CSVs do not contain serving weights/volumes, so none were invented."
431627633522166411,indian-food-5fd730bbb54ca8bc05956f56748aa14d,Anuvaad INDB + Indian_Food_Nutrition_Processed,INDB:0742,Savoury puffs,savoury puffs,,,,INDIAN_RECIPE,,PER_100_G,puff,1,1 puff,,,190.79,9.51,10.8,15.24,0.33,4.51,,7.15,,70.73,2274.24,180.95,68.83,1.19,17.43,1.49,15.04,,,,,175.38,3263.0,558.58,HIGH,0,"Nutrition values are per 100 g based on Anuvaad INDB documentation. The supplied CSVs do not contain serving weights/volumes, so none were invented."
784164446534913106,indian-food-ae1e968d1344c527d6ed7e7bf7e5f2d3,Anuvaad INDB + Indian_Food_Nutrition_Processed,INDB:0864,Schezwan chutney,schezwan chutney,,,,INDIAN_RECIPE,,PER_100_G,box,1,1 box,,,205.19,3.33,10.79,17.72,5.72,5.66,,2.3,,0.79,486.27,412.31,35.46,1.96,35.17,26.36,159.08,,,,,8013.81,3690.84,10902.8,HIGH,0,"Nutrition values are per 100 g based on Anuvaad INDB documentation. The supplied CSVs do not contain serving weights/volumes, so none were invented."
386768333431110915,indian-food-55e13c00487fd034895e5db8df455498,Anuvaad INDB + Indian_Food_Nutrition_Processed,INDB:0220,Scotch egg,scotch egg,,,,INDIAN_RECIPE,,PER_100_G,piece,1,1 piece,,,676.89,4.05,1.91,72.62,0.36,0.3,,9.44,,48.59,90.67,72.34,15.03,0.6,6.8,2.59,30.63,,,,,82.2,15346.36,44593.11,HIGH,0,"Nutrition values are per 100 g based on Anuvaad INDB documentation. The supplied CSVs do not contain serving weights/volumes, so none were invented."
703484964589172120,indian-food-9c347d91b2a7598875a4784a3460ad5d,Anuvaad INDB + Indian_Food_Nutrition_Processed,INDB:0057,Scrambled egg (Ande ki bhurji),scrambled egg (ande ki bhurji),,,,INDIAN_RECIPE,,PER_100_G,egg,1,1 egg,,,155.97,10.29,1.35,12.21,0.24,1.08,,5.67,,273.6,374.66,136.01,64.59,1.42,12.41,0.3,25.82,,,,,189.88,3944.74,1021.83,HIGH,0,"Nutrition values are per 100 g based on Anuvaad INDB documentation. The supplied CSVs do not contain serving weights/volumes, so none were invented."
430757126694622360,indian-food-5fa5b531119d4987a7b168b272b53cc1,Anuvaad INDB + Indian_Food_Nutrition_Processed,INDB:0657,Semolina burfi (Suji/Rava burfi),semolina burfi (suji/rava burfi),,,,INDIAN_RECIPE,,PER_100_G,piece,1,1 piece,,,348.67,3.47,47.1,16.86,2.8,28.67,,9.53,,39.41,8.33,99.53,14.86,1.01,11.53,0.0,3.21,,,,,373.09,4137.19,818.78,HIGH,0,"Nutrition values are per 100 g based on Anuvaad INDB documentation. The supplied CSVs do not contain serving weights/volumes, so none were invented."
366870929156300023,indian-food-517632a92c75cf7e0c43b122f13d1940,Anuvaad INDB + Indian_Food_Nutrition_Processed,INDB:0902,Semolina cake (Suji/Rava cake),semolina cake (suji/rava cake),,,,INDIAN_RECIPE,,PER_100_G,square,1,1 square,,,374.14,6.58,31.32,25.18,5.37,18.86,,16.26,,27.06,91.36,349.46,128.28,1.36,39.58,0.94,9.42,,,,,297.17,3745.04,716.87,HIGH,0,"Nutrition values are per 100 g based on Anuvaad INDB documentation. The supplied CSVs do not contain serving weights/volumes, so none were invented."
846279580654452419,indian-food-bbe96cb79933ec3ddbfe24c83194c84b,Anuvaad INDB + Indian_Food_Nutrition_Processed,INDB:0432,Semolina carrot vada (Suji gajar vada),semolina carrot vada (suji gajar vada),,,,INDIAN_RECIPE,,PER_100_G,vada,1,1 vada,,,699.53,1.56,6.52,74.07,1.07,1.21,,9.07,,1.18,73.17,73.02,26.47,0.36,6.35,0.95,9.36,,,,,743.66,15206.94,46728.96,HIGH,0,"Nutrition values are per 100 g based on Anuvaad INDB documentation. The supplied CSVs do not contain serving weights/volumes, so none were invented."
1046832928836704475,indian-food-e8719009e7e58dbd693bb6eda35ec940,Anuvaad INDB + Indian_Food_Nutrition_Processed,INDB:0895,Semolina dhokla (Suji/Rava dhokla),semolina dhokla (suji/rava dhokla),,,,INDIAN_RECIPE,,PER_100_G,plate,1,1 plate,,,194.91,5.44,30.86,5.2,5.12,1.85,,1.59,,0.0,443.39,194.28,31.17,2.52,28.69,3.66,15.26,,,,,732.86,876.99,2054.16,HIGH,0,"Nutrition values are per 100 g based on Anuvaad INDB documentation. The supplied CSVs do not contain serving weights/volumes, so none were invented."
345108863380653249,indian-food-4ca12aecaa484c1300d9407eb489964f,Anuvaad INDB + Indian_Food_Nutrition_Processed,INDB:0133,Semolina dosa (Suji/Rava dosa),semolina dosa (suji/rava dosa),,,,INDIAN_RECIPE,,PER_100_G,dosa,1,1 dosa,,,227.05,7.3,32.84,7.12,4.04,4.37,,1.5,,4.59,202.36,254.06,116.04,1.39,28.14,2.28,15.86,,,,,457.81,1512.93,3665.51,HIGH,0,"Nutrition values are per 100 g based on Anuvaad INDB documentation. The supplied CSVs do not contain serving weights/volumes, so none were invented."
4632118663177218,indian-food-01074e32b79e40202d6be0def19f3f12,Anuvaad INDB + Indian_Food_Nutrition_Processed,INDB:0271,Semolina halwa (Suji ka halwa),semolina halwa (suji ka halwa),,,,INDIAN_RECIPE,,PER_100_G,bowl,1,1 bowl,,,225.65,2.16,24.67,13.38,1.86,13.98,,7.41,,30.82,1.28,70.46,11.77,0.65,13.08,0.05,7.96,,,,,279.71,3906.35,857.21,HIGH,0,"Nutrition values are per 100 g based on Anuvaad INDB documentation. The supplied CSVs do not contain serving weights/volumes, so none were invented."
469520431424544311,indian-food-684125841d91e373e543d695505553ab,Anuvaad INDB + Indian_Food_Nutrition_Processed,INDB:0778,Semolina idli (Suji/Rava idli),semolina idli (suji/rava idli),,,,INDIAN_RECIPE,,PER_100_G,idli,1,1 idli,,,206.39,9.34,33.67,3.47,5.85,3.42,,1.05,,3.48,185.02,413.85,100.85,2.34,53.71,1.61,17.37,,,,,1831.94,1133.82,911.02,HIGH,0,"Nutrition values are per 100 g based on Anuvaad INDB documentation. The supplied CSVs do not contain serving weights/volumes, so none were invented."
1052589729514618667,indian-food-e9b8cc839f17f2b4523bc506ee0ef3e7,Anuvaad INDB + Indian_Food_Nutrition_Processed,INDB:0264,Semolina kheer (Suji/Rava kheer),semolina kheer (suji/rava kheer),,,,INDIAN_RECIPE,,PER_100_G,bowl,1,1 bowl,,,113.21,3.43,15.88,4.2,0.51,12.88,,2.37,,0.0,22.66,122.23,105.99,0.34,10.71,4.06,17.54,,,,,186.81,1241.54,198.45,HIGH,0,"Nutrition values are per 100 g based on Anuvaad INDB documentation. The supplied CSVs do not contain serving weights/volumes, so none were invented."
567865657891138641,indian-food-7e176cea2beac5145f6bb96f16f01c85,Anuvaad INDB + Indian_Food_Nutrition_Processed,INDB:0318,Semolina ladoo with coconut (Suji/Rava aur nariyal ke ladoo ),semolina ladoo with coconut (suji/rava aur nariyal ke ladoo ),,,,INDIAN_RECIPE,,PER_100_G,ladoo,1,1 ladoo,,,464.43,5.68,50.9,27.03,6.69,27.32,,17.14,,33.81,9.06,264.85,26.72,1.83,34.77,0.05,5.21,,,,,402.22,4407.23,941.52,HIGH,0,"Nutrition values are per 100 g based on Anuvaad INDB documentation. The supplied CSVs do not contain serving weights/volumes, so none were invented."
464615644227026099,indian-food-672a5777f3dbcb365c029e62a09e9d97,Anuvaad INDB + Indian_Food_Nutrition_Processed,INDB:0317,Semolina ladoo with khoya (Suji/Rava aur khoye ke ladoo ),semolina ladoo with khoya (suji/rava aur khoye ke ladoo ),,,,INDIAN_RECIPE,,PER_100_G,ladoo,1,1 ladoo,,,428.71,6.71,52.86,21.86,4.68,33.28,,13.54,,27.87,14.4,259.35,106.42,1.73,32.29,0.03,7.1,,,,,351.44,4332.25,903.06,HIGH,0,"Nutrition values are per 100 g based on Anuvaad INDB documentation. The supplied CSVs do not contain serving weights/volumes, so none were invented."
476714144411935928,indian-food-69da0fd1513e4b80bff780a4127d46ae,Anuvaad INDB + Indian_Food_Nutrition_Processed,INDB:0661,Semolina ladoo with nuts (Suji/Rava ladoo with nuts),semolina ladoo with nuts (suji/rava ladoo with nuts),,,,INDIAN_RECIPE,,PER_100_G,piece,1,1 piece,,,441.84,5.44,48.02,25.45,4.27,19.79,,14.32,,58.8,3.93,189.25,18.04,1.81,29.99,0.03,4.01,,,,,565.68,7287.49,1526.27,HIGH,0,"Nutrition values are per 100 g based on Anuvaad INDB documentation. The supplied CSVs do not contain serving weights/volumes, so none were invented."
148406723261331039,indian-food-20f3f20e645765f45a112d8bc36fd479,Anuvaad INDB + Indian_Food_Nutrition_Processed,INDB:0793,Semolina milk drink (Thari kanji),semolina milk drink (thari kanji),,,,INDIAN_RECIPE,,PER_100_G,cup,1,1 cup,,,44.16,0.98,6.93,1.36,0.72,3.88,,0.41,,0.93,11.95,84.57,8.26,0.36,11.57,6.58,11.86,,,,,184.48,655.71,194.4,HIGH,0,"Nutrition values are per 100 g based on Anuvaad INDB documentation. The supplied CSVs do not contain serving weights/volumes, so none were invented."
922220155600698038,indian-food-ccc62586b48fab6a841bc8bc15b9241b,Anuvaad INDB + Indian_Food_Nutrition_Processed,INDB:0047,Semolina porridge (Suji/Rava daliya),semolina porridge (suji/rava daliya),,,,INDIAN_RECIPE,,PER_100_G,bowl,1,1 bowl,,,100.89,3.75,12.39,4.08,0.7,7.54,,2.44,,0.0,23.21,123.99,108.52,0.36,10.23,5.03,22.71,,,,,199.71,1096.57,147.48,HIGH,0,"Nutrition values are per 100 g based on Anuvaad INDB documentation. The supplied CSVs do not contain serving weights/volumes, so none were invented."
461598889262642286,indian-food-667edbe7f36f46ea236f2fef913942cf,Anuvaad INDB + Indian_Food_Nutrition_Processed,INDB:0447,Semolina upma (Suji/Rava upma),semolina upma (suji/rava upma),,,,INDIAN_RECIPE,,PER_100_G,bowl,1,1 bowl,,,147.89,3.3,16.31,7.49,3.24,1.31,,0.91,,0.0,101.59,158.35,21.57,1.1,21.34,4.64,15.13,,,,,1276.85,1533.31,4651.79,HIGH,0,"Nutrition values are per 100 g based on Anuvaad INDB documentation. The supplied CSVs do not contain serving weights/volumes, so none were invented."
846823413805254101,indian-food-bc085687f5885d5485d3042974667c35,Anuvaad INDB + Indian_Food_Nutrition_Processed,INDB:0766,Sesame biscuit (Til ke biscuit),sesame biscuit (til ke biscuit),,,,INDIAN_RECIPE,,PER_100_G,biscuit,1,1 biscuit,,,424.03,8.27,53.65,19.34,6.83,29.73,,7.9,,28.19,182.26,373.54,298.06,5.73,151.07,0.0,5.46,,,,,328.27,5889.74,4005.82,HIGH,0,"Nutrition values are per 100 g based on Anuvaad INDB documentation. The supplied CSVs do not contain serving weights/volumes, so none were invented."
615260528550713108,indian-food-889d830e095971494ed75dce80ed1416,Anuvaad INDB + Indian_Food_Nutrition_Processed,INDB:0662,Sesame chickpeas brittle (Til aur channe ki chikki),sesame chickpeas brittle (til aur channe ki chikki),,,,INDIAN_RECIPE,,PER_100_G,piece,1,1 piece,,,282.74,8.5,50.49,4.66,5.54,36.48,,0.62,,0.0,17.93,515.43,150.73,4.8,109.57,0.0,23.64,,,,,302.86,1411.29,2049.97,HIGH,0,"Nutrition values are per 100 g based on Anuvaad INDB documentation. The supplied CSVs do not contain serving weights/volumes, so none were invented."
151732588709077571,indian-food-21b0ffc4adae243cdb4971b1bfd8a647,Anuvaad INDB + Indian_Food_Nutrition_Processed,INDB:0320,Sesame ladoo (Til ke ladoo),sesame ladoo (til ke ladoo),,,,INDIAN_RECIPE,,PER_100_G,ladoo,1,1 ladoo,,,396.96,10.7,43.5,19.64,7.72,38.63,,2.95,,0.0,18.55,430.91,631.82,8.94,221.36,0.0,18.17,,,,,34.34,7338.94,8468.23,HIGH,0,"Nutrition values are per 100 g based on Anuvaad INDB documentation. The supplied CSVs do not contain serving weights/volumes, so none were invented."
357302864278841113,indian-food-4f5650fde91e719aae75ab17feea3174,Anuvaad INDB + Indian_Food_Nutrition_Processed,INDB:0045,Sesame toast,sesame toast,,,,INDIAN_RECIPE,,PER_100_G,toasted triangle,1,1 toasted triangle,,,495.19,1.9,11.15,49.38,1.32,1.46,,5.93,,0.0,128.78,172.98,43.44,0.72,15.34,6.92,8.87,,,,,744.64,10168.23,30988.81,HIGH,0,"Nutrition values are per 100 g based on Anuvaad INDB documentation. The supplied CSVs do not contain serving weights/volumes, so none were invented."
650619306046743278,indian-food-90776cfcced62eeaf37208c48a229ac5,Anuvaad INDB + Indian_Food_Nutrition_Processed,INDB:0925,Sev (Omapodi/Karapusa),sev (omapodi/karapusa),,,,INDIAN_RECIPE,,PER_100_G,plate,1,1 plate,,,609.14,5.12,12.87,60.08,2.35,0.53,,7.21,,0.0,53.19,71.96,13.95,0.72,14.55,0.0,59.29,,,,,30.85,12305.86,37924.4,HIGH,0,"Nutrition values are per 100 g based on Anuvaad INDB documentation. The supplied CSVs do not contain serving weights/volumes, so none were invented."
111041718780104596,indian-food-18a7fdadb230f9409ebf33db8bee6a98,Anuvaad INDB + Indian_Food_Nutrition_Processed,INDB:0541,Shahi chicken masala,shahi chicken masala,,,,INDIAN_RECIPE,,PER_100_G,bowl,1,1 bowl,,,163.7,9.82,4.07,12.02,0.96,2.86,,2.89,,24.78,142.56,230.91,82.68,0.89,21.76,9.92,65.41,,,,,501.22,2386.9,3922.17,HIGH,0,"Nutrition values are per 100 g based on Anuvaad INDB documentation. The supplied CSVs do not contain serving weights/volumes, so none were invented."
296850608585265023,indian-food-41ea00e44154f7fa037b1e1717dcba97,Anuvaad INDB + Indian_Food_Nutrition_Processed,INDB:0528,Shahi keema kofta curry,shahi keema kofta curry,,,,INDIAN_RECIPE,,PER_100_G,bowl,1,1 bowl,,,418.13,4.14,1.73,43.83,0.91,0.78,,6.17,,14.97,104.53,119.63,14.51,0.67,12.06,20.97,34.57,,,,,662.29,9503.2,26149.47,HIGH,0,"Nutrition values are per 100 g based on Anuvaad INDB documentation. The supplied CSVs do not contain serving weights/volumes, so none were invented."
205561777915682801,indian-food-2da4d59100fdff1dd12120708424fea2,Anuvaad INDB + Indian_Food_Nutrition_Processed,INDB:0204,Shahi paneer,shahi paneer,,,,INDIAN_RECIPE,,PER_100_G,bowl,1,1 bowl,,,156.5,5.06,6.64,12.34,1.4,5.01,,7.25,,23.7,215.35,170.6,125.38,0.62,18.29,30.83,78.58,,,,,2763.73,3336.88,668.64,HIGH,0,"Nutrition values are per 100 g based on Anuvaad INDB documentation. The supplied CSVs do not contain serving weights/volumes, so none were invented."
181778104710225570,indian-food-285ce391f325ea2e6cfb26b9b44e01a6,Anuvaad INDB + Indian_Food_Nutrition_Processed,INDB:0272,Shahi suji halwa,shahi suji halwa,,,,INDIAN_RECIPE,,PER_100_G,bowl,1,1 bowl,,,382.34,3.48,44.44,21.73,2.96,27.21,,12.04,,50.05,2.18,99.83,18.64,0.98,20.88,0.02,7.46,,,,,451.42,6342.52,1389.81,HIGH,0,"Nutrition values are per 100 g based on Anuvaad INDB documentation. The supplied CSVs do not contain serving weights/volumes, so none were invented."
759660926501556188,indian-food-a8adb9679de8fdc6df3efe948f1e54d2,Anuvaad INDB + Indian_Food_Nutrition_Processed,INDB:0326,Shahi tukre,shahi tukre,,,,INDIAN_RECIPE,,PER_100_G,tukra,1,1 tukra,,,189.81,2.76,41.46,2.54,0.51,34.7,,1.16,,0.0,71.04,74.06,76.47,0.37,9.18,0.86,7.61,,,,,83.98,733.66,141.25,HIGH,0,"Nutrition values are per 100 g based on Anuvaad INDB documentation. The supplied CSVs do not contain serving weights/volumes, so none were invented."
416117617770450982,indian-food-5c658c4c7fd5026b56994fbeff0f7e74,Anuvaad INDB + Indian_Food_Nutrition_Processed,INDB:0219,Shammi kebab,shammi kebab,,,,INDIAN_RECIPE,,PER_100_G,kabab,1,1 kabab,,,685.69,4.52,3.54,72.61,1.05,0.31,,9.45,,24.6,54.27,110.92,13.11,0.75,11.03,1.64,20.55,,,,,73.57,15312.34,44621.43,HIGH,0,"Nutrition values are per 100 g based on Anuvaad INDB documentation. The supplied CSVs do not contain serving weights/volumes, so none were invented."
1137246676187381183,indian-food-fc84fd39c247dbfba2c9fb0c72761326,Anuvaad INDB + Indian_Food_Nutrition_Processed,INDB:0195,Shepherd's pie (vegetarian),shepherd's pie (vegetarian),,,,INDIAN_RECIPE,,PER_100_G,bowl,1,1 bowl,,,135.63,5.04,12.03,7.3,2.23,2.78,,4.09,,10.62,118.2,332.08,85.59,0.76,25.04,51.68,90.43,,,,,426.8,1874.45,763.45,HIGH,0,"Nutrition values are per 100 g based on Anuvaad INDB documentation. The supplied CSVs do not contain serving weights/volumes, so none were invented."
884294379278899242,indian-food-c45a50d81cb182af8f832f76cd3802b9,Anuvaad INDB + Indian_Food_Nutrition_Processed,INDB:0221,Shepherd's pie (with minced meat),shepherd's pie (with minced meat),,,,INDIAN_RECIPE,,PER_100_G,dish,1,1 dish,,,142.78,7.45,8.06,8.88,1.05,1.7,,4.27,,33.31,197.25,357.88,21.3,0.84,20.37,19.35,21.04,,,,,139.26,2828.23,1052.16,HIGH,0,"Nutrition values are per 100 g based on Anuvaad INDB documentation. The supplied CSVs do not contain serving weights/volumes, so none were invented."
1080000656571051274,indian-food-efceee0041b2d0a14512ed060db4ee44,Anuvaad INDB + Indian_Food_Nutrition_Processed,INDB:0753,Shishu ahar,shishu ahar,,,,INDIAN_RECIPE,,PER_100_G,,,,,,93.37,2.61,17.42,1.43,1.02,6.61,,0.24,,0.0,2.68,82.43,13.78,1.02,23.11,0.0,17.34,,,,,10.1,514.53,436.56,HIGH,0,"Nutrition values are per 100 g based on Anuvaad INDB documentation. The supplied CSVs do not contain serving weights/volumes, so none were invented."
487419347757330958,indian-food-6c3a95077ba720ec84a980e3c4d7ff6a,Anuvaad INDB + Indian_Food_Nutrition_Processed,INDB:0411,Short bread cookies,short bread cookies,,,,INDIAN_RECIPE,,PER_100_G,biscuit,1,1 biscuit,,,443.09,6.03,64.82,17.98,1.57,23.31,,11.18,,45.48,145.0,92.7,15.92,1.12,18.17,0.0,1.62,,,,,283.56,4493.6,799.57,HIGH,0,"Nutrition values are per 100 g based on Anuvaad INDB documentation. The supplied CSVs do not contain serving weights/volumes, so none were invented."
110280673970736715,indian-food-187cbb04d9dce4ba0d193409f44e77de,Anuvaad INDB + Indian_Food_Nutrition_Processed,INDB:0948,Short crust pastry,short crust pastry,,,,INDIAN_RECIPE,,PER_100_G,,,,,,422.1,6.11,44.72,23.98,1.58,3.18,,14.97,,61.0,97.2,92.93,16.9,1.02,18.33,,,,,,,328.78,6017.55,1006.97,HIGH,0,"Nutrition values are per 100 g based on Anuvaad INDB documentation. The supplied CSVs do not contain serving weights/volumes, so none were invented."
44837858037013216,indian-food-09f4bcb58c91ae026df25c3787127a61,Anuvaad INDB + Indian_Food_Nutrition_Processed,INDB:0839,Small onion pickle,small onion pickle,,,,INDIAN_RECIPE,,PER_100_G,bowl,1,1 bowl,,,16.86,1.65,2.76,0.64,1.09,2.99,,0.1,,0.0,249.48,214.9,31.95,1.2,9.18,19.37,16.9,,,,,556.0,100.16,346.52,HIGH,0,"Nutrition values are per 100 g based on Anuvaad INDB documentation. The supplied CSVs do not contain serving weights/volumes, so none were invented."
167190057753243097,indian-food-251fa78c25bedd991c86f3145d833129,Anuvaad INDB + Indian_Food_Nutrition_Processed,INDB:0296,Snow flakes pudding,snow flakes pudding,,,,INDIAN_RECIPE,,PER_100_G,bowl,1,1 bowl,,,95.21,4.67,8.07,4.97,0.03,8.01,,2.6,,57.55,39.6,115.36,101.33,0.42,8.74,5.47,42.48,,,,,182.53,1503.27,292.58,HIGH,0,"Nutrition values are per 100 g based on Anuvaad INDB documentation. The supplied CSVs do not contain serving weights/volumes, so none were invented."
382035304327127463,indian-food-54d4315ce13a1a7d414b5c06203ce2c8,Anuvaad INDB + Indian_Food_Nutrition_Processed,INDB:0280,Soft Custard (stirred),soft custard (stirred),,,,INDIAN_RECIPE,,PER_100_G,bowl,1,1 bowl,,,109.18,5.01,11.19,5.07,0.0,11.15,,2.55,,73.35,122.17,111.75,95.82,0.49,8.73,3.62,37.31,,,,,171.34,1573.47,330.44,HIGH,0,"Nutrition values are per 100 g based on Anuvaad INDB documentation. The supplied CSVs do not contain serving weights/volumes, so none were invented."
479611069097191674,indian-food-6a7ebb9ebe228fa3de5c0142401319a6,Anuvaad INDB + Indian_Food_Nutrition_Processed,INDB:0595,Sour cream potato salad,sour cream potato salad,,,,INDIAN_RECIPE,,PER_100_G,small bowl,1,1 small bowl,,,121.9,2.89,9.05,8.13,1.21,0.84,,0.74,,47.29,102.66,367.59,23.25,0.9,19.19,37.28,52.99,,,,,348.62,3418.24,1550.73,HIGH,0,"Nutrition values are per 100 g based on Anuvaad INDB documentation. The supplied CSVs do not contain serving weights/volumes, so none were invented."
280596958256466588,indian-food-3e4e17265ee8a9c4d207cf24a01ff731,Anuvaad INDB + Indian_Food_Nutrition_Processed,INDB:0516,Sour lentils (Khatti dal),sour lentils (khatti dal),,,,INDIAN_RECIPE,,PER_100_G,curry bowl,1,1 curry bowl,,,34.79,2.22,6.04,0.12,1.22,1.25,,0.02,,0.0,115.6,98.52,8.29,0.85,9.99,1.88,22.49,,,,,104.41,17.72,52.16,HIGH,0,"Nutrition values are per 100 g based on Anuvaad INDB documentation. The supplied CSVs do not contain serving weights/volumes, so none were invented."
571110073463323226,indian-food-7ecfd96006dba5a23e966e812e1d08b3,Anuvaad INDB + Indian_Food_Nutrition_Processed,INDB:0769,Soya chikki,soya chikki,,,,INDIAN_RECIPE,,PER_100_G,piece,1,1 piece,,,423.7,7.18,62.89,15.51,3.55,45.47,,8.05,,32.71,17.24,534.75,81.25,4.47,102.97,0.0,36.21,,,,,399.66,3834.54,1719.03,HIGH,0,"Nutrition values are per 100 g based on Anuvaad INDB documentation. The supplied CSVs do not contain serving weights/volumes, so none were invented."
445268766409814668,indian-food-62de9957b6ef28c6f79dbae581858e70,Anuvaad INDB + Indian_Food_Nutrition_Processed,INDB:0536,Soya chunks and peas (Nutrinugget matar),soya chunks and peas (nutrinugget matar),,,,INDIAN_RECIPE,,PER_100_G,bowl,1,1 bowl,,,82.62,3.03,5.82,5.11,2.86,1.64,,0.64,,0.0,70.97,173.49,20.32,0.99,22.75,39.15,52.1,,,,,2049.02,1026.66,3128.07,HIGH,0,"Nutrition values are per 100 g based on Anuvaad INDB documentation. The supplied CSVs do not contain serving weights/volumes, so none were invented."
908251412106711945,indian-food-c9ac1d8e15e13894688abc6356403757,Anuvaad INDB + Indian_Food_Nutrition_Processed,INDB:0534,Soya chunks korma (Nutrinugget korma),soya chunks korma (nutrinugget korma),,,,INDIAN_RECIPE,,PER_100_G,bowl,1,1 bowl,,,131.43,3.86,7.67,9.5,2.57,4.66,,2.25,,3.32,148.98,252.27,89.7,1.18,33.57,11.59,49.69,,,,,295.5,2138.19,4320.55,HIGH,0,"Nutrition values are per 100 g based on Anuvaad INDB documentation. The supplied CSVs do not contain serving weights/volumes, so none were invented."
952694326161190205,indian-food-d38a6712a5e2d3d9ed6b00db5fdaa74d,Anuvaad INDB + Indian_Food_Nutrition_Processed,INDB:0533,Soya chunks sweet and sour (Nutrinugget sweet and sour),soya chunks sweet and sour (nutrinugget sweet and sour),,,,INDIAN_RECIPE,,PER_100_G,bowl,1,1 bowl,,,500.94,2.85,3.27,55.99,0.86,1.1,,6.6,,23.51,2257.67,111.45,13.89,0.7,11.23,37.78,40.59,,,,,237.51,11138.25,33675.7,HIGH,0,"Nutrition values are per 100 g based on Anuvaad INDB documentation. The supplied CSVs do not contain serving weights/volumes, so none were invented."
522525802914059716,indian-food-740627304ab15c485e33bdf7ceea9d6c,Anuvaad INDB + Indian_Food_Nutrition_Processed,INDB:0774,Soya roti,soya roti,,,,INDIAN_RECIPE,,PER_100_G,roti,1,1 roti,,,283.96,9.18,40.03,9.23,8.71,1.58,,1.16,,0.02,155.93,481.32,53.42,3.85,114.51,4.04,35.91,,,,,2758.77,1720.72,5491.29,HIGH,0,"Nutrition values are per 100 g based on Anuvaad INDB documentation. The supplied CSVs do not contain serving weights/volumes, so none were invented."
820619134879773342,indian-food-b636cc15e65b29eb1eb2dd18995f0cf3,Anuvaad INDB + Indian_Food_Nutrition_Processed,INDB:0929,Soya seekh kebab,soya seekh kebab,,,,INDIAN_RECIPE,,PER_100_G,kabab,1,1 kabab,,,115.05,5.4,10.0,5.88,2.24,0.51,,0.71,,0.0,92.25,306.02,15.67,1.26,28.77,8.56,14.38,,,,,318.64,1190.37,3393.71,HIGH,0,"Nutrition values are per 100 g based on Anuvaad INDB documentation. The supplied CSVs do not contain serving weights/volumes, so none were invented."
494412247793711893,indian-food-6dc8151e258bb15e051e255fbf506334,Anuvaad INDB + Indian_Food_Nutrition_Processed,INDB:0150,Soyabean curry,soyabean curry,,,,INDIAN_RECIPE,,PER_100_G,bowl,1,1 bowl,,,163.28,10.43,6.76,10.19,7.34,2.66,,1.41,,0.0,352.69,563.45,65.13,2.79,62.61,15.13,103.88,,,,,2834.92,2269.0,6066.17,HIGH,0,"Nutrition values are per 100 g based on Anuvaad INDB documentation. The supplied CSVs do not contain serving weights/volumes, so none were invented."
64572240414670955,indian-food-0e5681c4c44806b34651a23ba28ab136,Anuvaad INDB + Indian_Food_Nutrition_Processed,INDB:0415,Soyabean muthias,soyabean muthias,,,,INDIAN_RECIPE,,PER_100_G,muthia,1,1 muthia,,,839.33,2.46,3.7,90.45,1.47,0.17,,10.9,,0.0,78.25,100.29,12.16,0.6,12.03,0.79,22.43,,,,,34.15,18603.94,57231.95,HIGH,0,"Nutrition values are per 100 g based on Anuvaad INDB documentation. The supplied CSVs do not contain serving weights/volumes, so none were invented."
94906167496257559,indian-food-1512ca8109bb0178de76faa28f08cea8,Anuvaad INDB + Indian_Food_Nutrition_Processed,INDB:0417,Soyabean namak paras,soyabean namak paras,,,,INDIAN_RECIPE,,PER_100_G,plate,1,1 plate,,,838.46,2.65,4.65,89.83,1.41,0.22,,10.83,,0.0,72.05,98.46,12.13,0.64,12.18,0.0,45.64,,,,,30.26,18472.42,56840.97,HIGH,0,"Nutrition values are per 100 g based on Anuvaad INDB documentation. The supplied CSVs do not contain serving weights/volumes, so none were invented."
711940397546265741,indian-food-9e1520500fedc8dd4f6c646880d12387,Anuvaad INDB + Indian_Food_Nutrition_Processed,INDB:0416,Soyabean tikki,soyabean tikki,,,,INDIAN_RECIPE,,PER_100_G,tikki,1,1 tikki,,,698.17,3.53,4.39,74.02,2.2,0.35,,8.94,,0.0,88.72,218.99,29.23,1.04,23.87,6.71,57.9,,,,,771.39,15223.08,46736.23,HIGH,0,"Nutrition values are per 100 g based on Anuvaad INDB documentation. The supplied CSVs do not contain serving weights/volumes, so none were invented."
778504860593564660,indian-food-acdce0bc7982bf4662c34cdd7f697268,Anuvaad INDB + Indian_Food_Nutrition_Processed,INDB:0124,Spaghetti and cheese balls in tomato sauce,spaghetti and cheese balls in tomato sauce,,,,INDIAN_RECIPE,,PER_100_G,plate,1,1 plate,,,508.32,2.41,7.82,52.08,0.59,1.83,,7.37,,3.83,104.14,68.28,40.59,0.32,8.73,57.67,115.96,,,,,1266.58,10795.82,31606.38,HIGH,0,"Nutrition values are per 100 g based on Anuvaad INDB documentation. The supplied CSVs do not contain serving weights/volumes, so none were invented."
766633732121400156,indian-food-aa3a1514bed935c4f0ac20fbf974bd5e,Anuvaad INDB + Indian_Food_Nutrition_Processed,INDB:0509,Spaghetti bolognese,spaghetti bolognese,,,,INDIAN_RECIPE,,PER_100_G,shallow dish,1,1 shallow dish,,,97.43,9.35,10.04,9.51,1.08,1.41,,1.97,,13.91,5358.6,271.96,73.66,2.06,29.25,27.89,37.77,,,,,2074.06,1294.08,933.05,HIGH,0,"Nutrition values are per 100 g based on Anuvaad INDB documentation. The supplied CSVs do not contain serving weights/volumes, so none were invented."
474896399705538943,indian-food-6972bc2698f817ff2d5e2103f17a52ab,Anuvaad INDB + Indian_Food_Nutrition_Processed,INDB:0511,Spaghetti with meat balls and tomato sauce,spaghetti with meat balls and tomato sauce,,,,INDIAN_RECIPE,,PER_100_G,shallow dish,1,1 shallow dish,,,158.13,5.61,10.46,10.64,1.11,1.87,,2.42,,16.15,189.13,152.86,40.82,0.71,15.3,44.09,63.03,,,,,1612.46,2646.83,4840.9,HIGH,0,"Nutrition values are per 100 g based on Anuvaad INDB documentation. The supplied CSVs do not contain serving weights/volumes, so none were invented."
494348969752925763,indian-food-6dc47c4d134164377e3bcac0e99ad950,Anuvaad INDB + Indian_Food_Nutrition_Processed,INDB:0512,Spaghetti with paneer balls and tomato sauce,spaghetti with paneer balls and tomato sauce,,,,INDIAN_RECIPE,,PER_100_G,shallow dish,1,1 shallow dish,,,158.54,3.95,12.72,10.44,1.25,3.03,,2.18,,2.57,199.55,113.95,80.73,0.55,15.07,44.09,98.36,,,,,1823.26,2245.06,5341.15,HIGH,0,"Nutrition values are per 100 g based on Anuvaad INDB documentation. The supplied CSVs do not contain serving weights/volumes, so none were invented."
607832495068835253,indian-food-86f746f0f846db5bd8ff1de65d448bdd,Anuvaad INDB + Indian_Food_Nutrition_Processed,INDB:0461,Spanish omelette/omlet,spanish omelette/omlet,,,,INDIAN_RECIPE,,PER_100_G,egg,1,1 egg,,,157.45,8.25,5.1,11.44,2.54,1.03,,6.2,,145.23,233.87,185.74,31.72,1.28,22.27,28.63,61.18,,,,,1010.23,3315.99,735.0,HIGH,0,"Nutrition values are per 100 g based on Anuvaad INDB documentation. The supplied CSVs do not contain serving weights/volumes, so none were invented."
272491390173405772,indian-food-3c81579c3a3624c0e4bfb2af24d17c79,Anuvaad INDB + Indian_Food_Nutrition_Processed,INDB:0118,Spanish rice,spanish rice,,,,INDIAN_RECIPE,,PER_100_G,plate,1,1 plate,,,164.24,4.19,31.1,2.23,2.78,1.26,,0.32,,0.0,96.61,190.33,18.93,0.92,21.13,48.66,54.48,,,,,1934.34,435.8,1330.75,HIGH,0,"Nutrition values are per 100 g based on Anuvaad INDB documentation. The supplied CSVs do not contain serving weights/volumes, so none were invented."
114837958110544487,indian-food-197fc83b3e90267e8e9273ef7dd6516b,Anuvaad INDB + Indian_Food_Nutrition_Processed,INDB:0694,Spicy chutney sandwich,spicy chutney sandwich,,,,INDIAN_RECIPE,,PER_100_G,sandwich,1,1 sandwich,,,249.58,8.74,34.03,9.58,3.73,3.96,,1.43,,2.86,315.4,256.04,154.53,1.51,34.25,0.21,23.71,,,,,3331.65,1784.87,4791.73,HIGH,0,"Nutrition values are per 100 g based on Anuvaad INDB documentation. The supplied CSVs do not contain serving weights/volumes, so none were invented."
600585388240995775,indian-food-855b53a836505bf728d8bd4a4a639b15,Anuvaad INDB + Indian_Food_Nutrition_Processed,INDB:0896,Spicy corn chaat,spicy corn chaat,,,,INDIAN_RECIPE,,PER_100_G,plate,1,1 plate,,,479.8,4.61,11.45,46.55,2.17,0.95,,6.35,,3.89,86.5,124.8,17.28,0.84,21.18,14.1,227.37,,,,,168.41,9680.51,28344.52,HIGH,0,"Nutrition values are per 100 g based on Anuvaad INDB documentation. The supplied CSVs do not contain serving weights/volumes, so none were invented."
893263453828002386,indian-food-c658260e841b2524c39a3176ac3f9d09,Anuvaad INDB + Indian_Food_Nutrition_Processed,INDB:0874,Spinach and paneer souffle,spinach and paneer souffle,,,,INDIAN_RECIPE,,PER_100_G,souffle dish,1,1 souffle dish,,,186.19,7.56,9.64,13.49,1.07,2.81,,7.83,,76.02,434.68,197.9,114.32,1.4,21.0,10.82,133.95,,,,,825.93,3744.27,624.81,HIGH,0,"Nutrition values are per 100 g based on Anuvaad INDB documentation. The supplied CSVs do not contain serving weights/volumes, so none were invented."
649889665228969596,indian-food-904df350f2b967c89c646344c7cff8b5,Anuvaad INDB + Indian_Food_Nutrition_Processed,INDB:0563,Spinach and potato (Palak aloo),spinach and potato (palak aloo),,,,INDIAN_RECIPE,,PER_100_G,bowl,1,1 bowl,,,57.17,1.63,5.91,2.82,2.04,0.93,,0.39,,0.0,62.46,457.28,43.67,1.59,49.44,78.73,242.0,,,,,5207.79,532.95,1712.18,HIGH,0,"Nutrition values are per 100 g based on Anuvaad INDB documentation. The supplied CSVs do not contain serving weights/volumes, so none were invented."
627866118276212466,indian-food-8b6a0e8725b66f28d4fbaca122606c7e,Anuvaad INDB + Indian_Food_Nutrition_Processed,INDB:0425,Spinach burfi (Palak burfi),spinach burfi (palak burfi),,,,INDIAN_RECIPE,,PER_100_G,piece,1,1 piece,,,121.17,2.71,12.76,6.81,1.17,12.12,,4.19,,5.65,27.77,268.78,93.68,1.05,33.14,8.57,39.63,,,,,2904.3,1406.68,296.02,HIGH,0,"Nutrition values are per 100 g based on Anuvaad INDB documentation. The supplied CSVs do not contain serving weights/volumes, so none were invented."
91247608221669099,indian-food-1442d375aa816eb4324c4fa86a05e93b,Anuvaad INDB + Indian_Food_Nutrition_Processed,INDB:0347,Spinach chickpeas cutlet (Palak channa dal cutlet),spinach chickpeas cutlet (palak channa dal cutlet),,,,INDIAN_RECIPE,,PER_100_G,cutlet,1,1 cutlet,,,688.03,1.44,4.93,73.6,0.93,0.16,,8.87,,6.98,79.13,144.62,11.3,0.57,11.84,16.18,49.07,,,,,446.85,15106.9,46475.96,HIGH,0,"Nutrition values are per 100 g based on Anuvaad INDB documentation. The supplied CSVs do not contain serving weights/volumes, so none were invented."
126339837978745442,indian-food-1c0d969cbb41a62c115ebf72d63f5d84,Anuvaad INDB + Indian_Food_Nutrition_Processed,INDB:0758,Spinach khichri (Palak khichri/khichdi),spinach khichri (palak khichri/khichdi),,,,INDIAN_RECIPE,,PER_100_G,,,,,,102.18,3.43,17.35,1.91,1.56,0.21,,0.26,,0.0,69.59,170.86,10.43,0.65,23.26,3.03,28.15,,,,,695.11,361.35,1153.24,HIGH,0,"Nutrition values are per 100 g based on Anuvaad INDB documentation. The supplied CSVs do not contain serving weights/volumes, so none were invented."
1060857739447713372,indian-food-eb8ec7e4d013e5c846d4d90075809596,Anuvaad INDB + Indian_Food_Nutrition_Processed,INDB:0182,Spinach kofta curry (Palak kofta curry),spinach kofta curry (palak kofta curry),,,,INDIAN_RECIPE,,PER_100_G,bowl,1,1 bowl,,,571.78,1.09,3.56,61.49,0.92,0.82,,7.43,,0.2,104.51,158.65,29.31,0.83,20.78,64.05,250.89,,,,,2201.1,12579.95,38832.86,HIGH,0,"Nutrition values are per 100 g based on Anuvaad INDB documentation. The supplied CSVs do not contain serving weights/volumes, so none were invented."
557546960478187814,indian-food-7bcce01ace6b126c8925214677366caa,Anuvaad INDB + Indian_Food_Nutrition_Processed,INDB:0538,Spinach mushroom (Palak mushroom),spinach mushroom (palak mushroom),,,,INDIAN_RECIPE,,PER_100_G,bowl,1,1 bowl,,,47.63,1.94,2.95,2.96,2.27,1.0,,0.99,,2.89,70.97,416.07,49.75,1.69,52.12,60.21,232.9,,,,,5865.56,607.92,1125.26,HIGH,0,"Nutrition values are per 100 g based on Anuvaad INDB documentation. The supplied CSVs do not contain serving weights/volumes, so none were invented."
520251921270335537,indian-food-7384e5db108683112bb52ca88e9d709d,Anuvaad INDB + Indian_Food_Nutrition_Processed,INDB:0854,Spinach mushroom scrambled egg (Palak mushroom bhurji),spinach mushroom scrambled egg (palak mushroom bhurji),,,,INDIAN_RECIPE,,PER_100_G,plate,1,1 plate,,,158.85,13.28,0.59,11.51,0.39,0.1,,5.25,,276.56,227.97,180.76,140.31,1.6,19.41,2.27,54.24,,,,,734.23,3825.72,1016.19,HIGH,0,"Nutrition values are per 100 g based on Anuvaad INDB documentation. The supplied CSVs do not contain serving weights/volumes, so none were invented."
411182349867834500,indian-food-5b4d02b2dc85c846dd42941acf791267,Anuvaad INDB + Indian_Food_Nutrition_Processed,INDB:0211,Spinach mutton (Palak mutton),spinach mutton (palak mutton),,,,INDIAN_RECIPE,,PER_100_G,bowl,1,1 bowl,,,80.32,5.74,3.45,4.71,2.23,1.42,,0.4,,0.68,121.1,464.28,96.88,2.38,54.93,88.11,391.34,,,,,6071.28,365.38,1027.28,HIGH,0,"Nutrition values are per 100 g based on Anuvaad INDB documentation. The supplied CSVs do not contain serving weights/volumes, so none were invented."
95538681220729047,indian-food-1536beca47888d7ad77046b70e3e16cc,Anuvaad INDB + Indian_Food_Nutrition_Processed,INDB:0331,Spinach pakora/pakoda (Palak pakoda),spinach pakora/pakoda (palak pakoda),,,,INDIAN_RECIPE,,PER_100_G,plate,1,1 plate,,,712.62,1.96,4.68,76.38,1.02,0.2,,9.18,,0.0,69.54,66.87,10.99,0.52,10.79,12.12,153.51,,,,,625.92,15658.98,48334.76,HIGH,0,"Nutrition values are per 100 g based on Anuvaad INDB documentation. The supplied CSVs do not contain serving weights/volumes, so none were invented."
280771785128910452,indian-food-3e58073738f9e74d77106de8822a625c,Anuvaad INDB + Indian_Food_Nutrition_Processed,INDB:0198,Spinach paneer (Palak paneer),spinach paneer (palak paneer),,,,INDIAN_RECIPE,,PER_100_G,bowl,1,1 bowl,,,77.68,4.03,4.43,4.76,1.91,2.55,,1.59,,0.0,166.87,386.63,113.25,1.85,54.13,60.21,267.05,,,,,5906.13,1101.39,1711.86,HIGH,0,"Nutrition values are per 100 g based on Anuvaad INDB documentation. The supplied CSVs do not contain serving weights/volumes, so none were invented."
602611731227140889,indian-food-85ce82d4146e319c06c9aa3b62649466,Anuvaad INDB + Indian_Food_Nutrition_Processed,INDB:0189,Spinach paneer kofta curry (Palak paneer kofta curry),spinach paneer kofta curry (palak paneer kofta curry),,,,INDIAN_RECIPE,,PER_100_G,bowl,1,1 bowl,,,606.03,1.43,2.94,65.41,0.75,1.16,,8.13,,0.22,99.37,125.1,37.71,0.68,16.59,47.34,197.93,,,,,1704.15,13438.53,41051.05,HIGH,0,"Nutrition values are per 100 g based on Anuvaad INDB documentation. The supplied CSVs do not contain serving weights/volumes, so none were invented."
735420169724544568,indian-food-a34bcbf7916c638dcbf95e456f59c58d,Anuvaad INDB + Indian_Food_Nutrition_Processed,INDB:0762,Spinach peanut burfi (Palak aur mungfali ki burfi),spinach peanut burfi (palak aur mungfali ki burfi),,,,INDIAN_RECIPE,,PER_100_G,,,,,,105.37,3.36,13.59,4.39,2.07,11.5,,0.92,,0.0,19.52,331.67,40.95,1.61,56.97,30.28,164.72,,,,,3989.04,1927.95,1329.58,HIGH,0,"Nutrition values are per 100 g based on Anuvaad INDB documentation. The supplied CSVs do not contain serving weights/volumes, so none were invented."
792541790189216808,indian-food-affac8f21e164283910c0d4f17e219e2,Anuvaad INDB + Indian_Food_Nutrition_Processed,INDB:0419,Spinach peanut namak paras (Palak moongfali namak paras),spinach peanut namak paras (palak moongfali namak paras),,,,INDIAN_RECIPE,,PER_100_G,plate,1,1 plate,,,740.16,1.65,6.62,78.51,0.81,0.28,,9.53,,0.0,73.15,104.16,13.35,0.67,17.66,11.39,64.2,,,,,1170.6,16334.37,49401.41,HIGH,0,"Nutrition values are per 100 g based on Anuvaad INDB documentation. The supplied CSVs do not contain serving weights/volumes, so none were invented."
964635585478860108,indian-food-d6312f4422b1d4c8ae7c8b6f2905e378,Anuvaad INDB + Indian_Food_Nutrition_Processed,INDB:0098,Spinach poori (Palak poori),spinach poori (palak poori),,,,INDIAN_RECIPE,,PER_100_G,poori,1,1 poori,,,684.25,1.42,7.76,71.86,1.55,0.24,,8.92,,1.46,35.47,84.67,10.02,0.79,21.42,3.03,18.9,,,,,765.51,14753.28,45156.08,HIGH,0,"Nutrition values are per 100 g based on Anuvaad INDB documentation. The supplied CSVs do not contain serving weights/volumes, so none were invented."
288142334657566222,indian-food-3ffafed3e04160eabeb223890ef968bc,Anuvaad INDB + Indian_Food_Nutrition_Processed,INDB:0609,Spinach raita (Palak ka raita),spinach raita (palak ka raita),,,,INDIAN_RECIPE,,PER_100_G,bowl,1,1 bowl,,,52.75,3.95,5.06,1.86,1.39,3.97,,1.03,,5.41,126.57,458.18,142.96,1.61,54.45,32.9,160.65,,,,,4730.64,438.54,214.47,HIGH,0,"Nutrition values are per 100 g based on Anuvaad INDB documentation. The supplied CSVs do not contain serving weights/volumes, so none were invented."
1100074573556567735,indian-food-f443fff07474eb7c1fe8a92cf55e1c2e,Anuvaad INDB + Indian_Food_Nutrition_Processed,INDB:0593,Spinach souffle,spinach souffle,,,,INDIAN_RECIPE,,PER_100_G,small bowl,1,1 small bowl,,,150.18,7.36,6.27,10.52,1.44,0.89,,5.75,,114.71,244.07,385.31,133.69,2.15,53.0,30.28,172.47,,,,,4872.07,2987.38,744.55,HIGH,0,"Nutrition values are per 100 g based on Anuvaad INDB documentation. The supplied CSVs do not contain serving weights/volumes, so none were invented."
957559627038355976,indian-food-d49ef684ce0720877e849d90db592201,Anuvaad INDB + Indian_Food_Nutrition_Processed,INDB:0469,Spinach soup (Palak ka soup),spinach soup (palak ka soup),,,,INDIAN_RECIPE,,PER_100_G,bowl,1,1 bowl,,,32.59,10.54,3.03,14.26,1.98,0.29,,1.08,,4.24,12088.21,415.55,56.23,2.68,50.72,30.99,150.94,,,,,1919.31,427.86,122.66,HIGH,0,"Nutrition values are per 100 g based on Anuvaad INDB documentation. The supplied CSVs do not contain serving weights/volumes, so none were invented."
870898330470775438,indian-food-c160d6ad730fa8eaf4a62f7f3b81e6eb,Anuvaad INDB + Indian_Food_Nutrition_Processed,INDB:0959,Spinach soup in milk,spinach soup in milk,,,,INDIAN_RECIPE,,PER_100_G,,,,,,56.72,2.89,3.98,3.2,0.79,3.34,,1.87,,0.0,31.16,285.0,106.1,1.08,34.51,,,,,,,3317.67,823.61,190.33,HIGH,0,"Nutrition values are per 100 g based on Anuvaad INDB documentation. The supplied CSVs do not contain serving weights/volumes, so none were invented."
1052449655510377794,indian-food-e9b0d62b4ada542cced28a7a5e4db271,Anuvaad INDB + Indian_Food_Nutrition_Processed,INDB:0763,Split bengal gram burfi/fudge (Channa dal burfi),split bengal gram burfi/fudge (channa dal burfi),,,,INDIAN_RECIPE,,PER_100_G,piece,1,1 piece,,,287.36,4.65,54.63,7.09,2.06,43.38,,3.71,,15.06,2.53,64.96,16.44,0.62,13.65,0.6,24.28,,,,,122.35,1780.56,857.82,HIGH,0,"Nutrition values are per 100 g based on Anuvaad INDB documentation. The supplied CSVs do not contain serving weights/volumes, so none were invented."
852967277055996480,indian-food-bd6593821f47240025d58aa40bdd2bea,Anuvaad INDB + Indian_Food_Nutrition_Processed,INDB:0920,Split bengal gram dal (Channa dal),split bengal gram dal (channa dal),,,,INDIAN_RECIPE,,PER_100_G,bowl,1,1 bowl,,,99.67,4.15,9.99,4.62,3.72,0.98,,2.15,,8.53,46.4,232.72,21.99,1.92,29.5,13.38,103.45,,,,,1176.57,1190.07,646.87,HIGH,0,"Nutrition values are per 100 g based on Anuvaad INDB documentation. The supplied CSVs do not contain serving weights/volumes, so none were invented."
383651945847967953,indian-food-55301697da7d0d1ea18fdc8a8566ab02,Anuvaad INDB + Indian_Food_Nutrition_Processed,INDB:0496,Split bengal gram dal and vegetable pulao (Channa dal and vegetable pulao),split bengal gram dal and vegetable pulao (channa dal and vegetable pulao),,,,INDIAN_RECIPE,,PER_100_G,plate,1,1 plate,,,116.53,3.6,19.72,2.3,3.16,1.59,,0.29,,0.0,98.07,162.09,19.09,0.82,21.07,27.07,104.21,,,,,1281.25,451.73,1362.12,HIGH,0,"Nutrition values are per 100 g based on Anuvaad INDB documentation. The supplied CSVs do not contain serving weights/volumes, so none were invented."
259855132218129538,indian-food-39b30ddb0ec7c82201cb035e5c98003d,Anuvaad INDB + Indian_Food_Nutrition_Processed,INDB:0422,Split bengal gram sweet rice (Channa dal sweet rice),split bengal gram sweet rice (channa dal sweet rice),,,,INDIAN_RECIPE,,PER_100_G,plate,1,1 plate,,,190.21,4.15,41.07,0.64,2.23,19.41,,0.09,,0.0,8.38,230.18,30.37,1.77,42.94,0.0,48.48,,,,,107.41,104.26,281.7,HIGH,0,"Nutrition values are per 100 g based on Anuvaad INDB documentation. The supplied CSVs do not contain serving weights/volumes, so none were invented."
326248865076392443,indian-food-487119d3f40b1fb7ee53bc4c1ff802e4,Anuvaad INDB + Indian_Food_Nutrition_Processed,INDB:0139,Split bengal gram with bottle gourd (Channa dal with ghiya/lauki),split bengal gram with bottle gourd (channa dal with ghiya/lauki),,,,INDIAN_RECIPE,,PER_100_G,bowl,1,1 bowl,,,73.25,2.79,7.1,3.6,2.72,1.05,,0.43,,0.0,149.47,183.95,14.33,0.99,21.16,15.2,90.42,,,,,803.01,710.88,2148.68,HIGH,0,"Nutrition values are per 100 g based on Anuvaad INDB documentation. The supplied CSVs do not contain serving weights/volumes, so none were invented."
72910055803262177,indian-food-103074f38b514e1e6836862a3bd76eb4,Anuvaad INDB + Indian_Food_Nutrition_Processed,INDB:0951,Sponge cake,sponge cake,,,,INDIAN_RECIPE,,PER_100_G,,,,,,253.77,9.18,44.63,4.74,0.69,26.33,,1.5,,182.09,64.61,108.95,30.22,1.47,13.67,,,,,,,134.33,1744.49,658.48,HIGH,0,"Nutrition values are per 100 g based on Anuvaad INDB documentation. The supplied CSVs do not contain serving weights/volumes, so none were invented."
860461629576056910,indian-food-bf0f94b0dbc104e84b384b6293d8468e,Anuvaad INDB + Indian_Food_Nutrition_Processed,INDB:0597,Spring basket salad,spring basket salad,,,,INDIAN_RECIPE,,PER_100_G,basket,1,1 basket,,,160.46,3.36,11.61,11.3,3.09,1.46,,0.93,,8.17,26.02,252.19,45.65,0.85,20.75,70.79,109.53,,,,,257.88,6627.54,3094.02,HIGH,0,"Nutrition values are per 100 g based on Anuvaad INDB documentation. The supplied CSVs do not contain serving weights/volumes, so none were invented."
174644138208339117,indian-food-26c75eb1c0324ad6f2a2314a33274d4b,Anuvaad INDB + Indian_Food_Nutrition_Processed,INDB:0357,Spring roll,spring roll,,,,INDIAN_RECIPE,,PER_100_G,spring roll,1,1 spring roll,,,623.87,1.81,8.56,64.63,0.67,0.6,,7.83,,12.15,132.84,60.86,9.51,0.49,7.0,4.59,9.59,,,,,424.02,13300.0,40778.05,HIGH,0,"Nutrition values are per 100 g based on Anuvaad INDB documentation. The supplied CSVs do not contain serving weights/volumes, so none were invented."
377797625417226502,indian-food-53e34f04bfad906f5901d073966d4a1a,Anuvaad INDB + Indian_Food_Nutrition_Processed,INDB:0155,Sprouted moong dal chat,sprouted moong dal chat,,,,INDIAN_RECIPE,,PER_100_G,plate,1,1 plate,,,32.47,1.35,6.01,0.32,1.35,1.57,,0.07,,0.0,87.07,218.92,16.54,0.88,17.45,38.78,43.12,,,,,1275.9,34.8,122.83,HIGH,0,"Nutrition values are per 100 g based on Anuvaad INDB documentation. The supplied CSVs do not contain serving weights/volumes, so none were invented."
501843999216770898,indian-food-6f6e87559fa1f520a6b67e506cfe9abb,Anuvaad INDB + Indian_Food_Nutrition_Processed,INDB:0427,Sprouted moong daliya,sprouted moong daliya,,,,INDIAN_RECIPE,,PER_100_G,plate,1,1 plate,,,111.56,2.81,14.77,4.71,3.12,1.67,,0.55,,0.0,196.73,83.92,22.62,1.29,9.46,7.53,35.24,,,,,1506.83,927.68,2808.59,HIGH,0,"Nutrition values are per 100 g based on Anuvaad INDB documentation. The supplied CSVs do not contain serving weights/volumes, so none were invented."
429335480217181438,indian-food-5f54e5833d11cfed18cc7096fe0bc1da,Anuvaad INDB + Indian_Food_Nutrition_Processed,INDB:0092,Sprouted moong parantha/paratha,sprouted moong parantha/paratha,,,,INDIAN_RECIPE,,PER_100_G,parantha,1,1 parantha,,,228.59,4.29,24.31,12.43,4.49,1.47,,1.51,,0.0,153.94,150.07,20.33,1.94,49.59,2.0,12.52,,,,,293.34,2482.22,7749.82,HIGH,0,"Nutrition values are per 100 g based on Anuvaad INDB documentation. The supplied CSVs do not contain serving weights/volumes, so none were invented."
854108318974233474,indian-food-bda66fda82a4b82f4340568f95bd0849,Anuvaad INDB + Indian_Food_Nutrition_Processed,INDB:0428,Sprouted moong poha,sprouted moong poha,,,,INDIAN_RECIPE,,PER_100_G,plate,1,1 plate,,,192.6,5.59,26.6,6.89,3.13,1.93,,1.24,,0.0,220.82,268.06,28.39,2.43,55.63,19.24,46.81,,,,,517.28,2546.1,2828.32,HIGH,0,"Nutrition values are per 100 g based on Anuvaad INDB documentation. The supplied CSVs do not contain serving weights/volumes, so none were invented."
201666444390031821,indian-food-2cc76900cfbe1cd1d8472fe5f910a804,Anuvaad INDB + Indian_Food_Nutrition_Processed,INDB:0107,Sprouted moong pulao,sprouted moong pulao,,,,INDIAN_RECIPE,,PER_100_G,plate,1,1 plate,,,112.97,2.19,17.49,3.61,1.78,1.43,,0.46,,0.0,153.16,95.52,16.26,0.65,13.05,7.53,43.15,,,,,1181.76,729.65,2220.15,HIGH,0,"Nutrition values are per 100 g based on Anuvaad INDB documentation. The supplied CSVs do not contain serving weights/volumes, so none were invented."
205545133031832482,indian-food-2da3e359fac3ba2cfe4a0b0fad1c1030,Anuvaad INDB + Indian_Food_Nutrition_Processed,INDB:0250,Sprouted moong raita,sprouted moong raita,,,,INDIAN_RECIPE,,PER_100_G,bowl,1,1 bowl,,,60.89,4.62,6.13,2.19,0.16,5.59,,1.29,,7.21,189.2,208.77,139.44,0.86,18.57,3.59,27.0,,,,,73.59,569.54,155.7,HIGH,0,"Nutrition values are per 100 g based on Anuvaad INDB documentation. The supplied CSVs do not contain serving weights/volumes, so none were invented."
118528802132507791,indian-food-1a519514ac2bc8f8eb9a2a9254309bff,Anuvaad INDB + Indian_Food_Nutrition_Processed,INDB:0241,Sprouted moong salad,sprouted moong salad,,,,INDIAN_RECIPE,,PER_100_G,bowl,1,1 bowl,,,37.81,2.29,5.48,0.74,0.95,2.13,,0.35,,1.62,116.38,254.18,54.56,1.45,22.92,27.84,49.76,,,,,2753.77,160.55,165.36,HIGH,0,"Nutrition values are per 100 g based on Anuvaad INDB documentation. The supplied CSVs do not contain serving weights/volumes, so none were invented."
792405056582382224,indian-food-aff30335bd0f290bb05476c0b8fa0ea7,Anuvaad INDB + Indian_Food_Nutrition_Processed,INDB:0777,Sprouts upma,sprouts upma,,,,INDIAN_RECIPE,,PER_100_G,plate,1,1 plate,,,316.25,9.5,44.96,10.44,7.16,1.67,,1.5,,0.0,147.82,248.98,36.78,2.76,44.1,0.48,26.63,,,,,527.19,2822.24,5520.69,HIGH,0,"Nutrition values are per 100 g based on Anuvaad INDB documentation. The supplied CSVs do not contain serving weights/volumes, so none were invented."
169991136770456407,indian-food-25bee09ca2afb576764ba4f32670207d,Anuvaad INDB + Indian_Food_Nutrition_Processed,INDB:0831,Starfruit preserves,starfruit preserves,,,,INDIAN_RECIPE,,PER_100_G,jar,1,1 jar,,,128.93,0.24,33.62,0.12,0.78,33.47,,0.01,,0.0,2.06,49.72,5.24,0.2,4.09,17.65,4.32,,,,,42.28,9.31,57.51,HIGH,0,"Nutrition values are per 100 g based on Anuvaad INDB documentation. The supplied CSVs do not contain serving weights/volumes, so none were invented."
298993145591066303,indian-food-4263cae893b6ebf15f20913cb39c5a69,Anuvaad INDB + Indian_Food_Nutrition_Processed,INDB:0646,Steamed cake with chocolate sauce,steamed cake with chocolate sauce,,,,INDIAN_RECIPE,,PER_100_G,small mould,1,1 small mould,,,301.91,4.49,29.06,19.01,0.29,19.72,,11.63,,78.72,100.32,131.49,67.76,0.85,25.73,1.81,25.81,,,,,234.47,5026.73,767.64,HIGH,0,"Nutrition values are per 100 g based on Anuvaad INDB documentation. The supplied CSVs do not contain serving weights/volumes, so none were invented."
321111833409174546,indian-food-474d182db873c125af4bd735496e374d,Anuvaad INDB + Indian_Food_Nutrition_Processed,INDB:0298,Steamed orange pudding,steamed orange pudding,,,,INDIAN_RECIPE,,PER_100_G,large slice,1,1 large slice,,,278.03,2.34,41.53,12.04,0.58,26.53,,7.54,,31.86,79.1,108.76,21.15,0.55,11.23,21.74,15.92,,,,,164.78,3037.58,479.21,HIGH,0,"Nutrition values are per 100 g based on Anuvaad INDB documentation. The supplied CSVs do not contain serving weights/volumes, so none were invented."
271069976486895876,indian-food-3c308b519c66104dfeece8371404899f,Anuvaad INDB + Indian_Food_Nutrition_Processed,INDB:0435,Steeped hot coffee,steeped hot coffee,,,,INDIAN_RECIPE,,PER_100_G,tea cup,1,1 tea cup,,,15.91,0.39,3.01,0.33,0.0,2.96,,0.2,,0.0,2.82,46.09,10.4,0.06,3.93,0.3,1.27,,,,,14.85,90.15,10.25,HIGH,0,"Nutrition values are per 100 g based on Anuvaad INDB documentation. The supplied CSVs do not contain serving weights/volumes, so none were invented."
1049975787212829459,indian-food-e92436a5b94f313222e34e2c9e46315b,Anuvaad INDB + Indian_Food_Nutrition_Processed,INDB:0968,Stewed apple,stewed apple,,,,INDIAN_RECIPE,,PER_100_G,,,,,,91.93,0.17,22.49,0.37,1.48,20.45,,0.09,,0.0,1.53,67.0,9.25,0.18,4.91,,,,,,,130.86,29.22,161.14,HIGH,0,"Nutrition values are per 100 g based on Anuvaad INDB documentation. The supplied CSVs do not contain serving weights/volumes, so none were invented."
33448442298325495,indian-food-076d52e597b59f77c03cae30209f66c1,Anuvaad INDB + Indian_Food_Nutrition_Processed,INDB:0306,Stewed apple with custard,stewed apple with custard,,,,INDIAN_RECIPE,,PER_100_G,piece,1,1 piece,,,92.87,1.27,18.36,1.82,1.01,15.46,,1.01,,0.0,16.66,82.79,49.24,0.18,6.11,5.6,10.2,,,,,151.63,448.46,153.56,HIGH,0,"Nutrition values are per 100 g based on Anuvaad INDB documentation. The supplied CSVs do not contain serving weights/volumes, so none were invented."
809822589244969796,indian-food-b3d115ab3089344405d9e556123db1a0,Anuvaad INDB + Indian_Food_Nutrition_Processed,INDB:0642,Stewed fruit (with pear),stewed fruit (with pear),,,,INDIAN_RECIPE,,PER_100_G,bowl,1,1 bowl,,,74.32,0.25,18.22,0.32,2.84,17.67,,0.06,,0.0,1.7,68.56,5.94,0.21,5.87,2.48,4.33,,,,,57.78,21.89,64.44,HIGH,0,"Nutrition values are per 100 g based on Anuvaad INDB documentation. The supplied CSVs do not contain serving weights/volumes, so none were invented."
758580505540430962,indian-food-a8704f35e460c72fa2d0b8a90377a536,Anuvaad INDB + Indian_Food_Nutrition_Processed,INDB:0391,Strawberry and vanilla cake with butter icing,strawberry and vanilla cake with butter icing,,,,INDIAN_RECIPE,,PER_100_G,slice,1,1 slice,,,370.54,3.89,44.25,20.39,0.79,32.43,,12.41,,101.12,107.27,74.53,28.17,0.7,9.76,8.4,12.8,,,,,235.02,5320.8,910.19,HIGH,0,"Nutrition values are per 100 g based on Anuvaad INDB documentation. The supplied CSVs do not contain serving weights/volumes, so none were invented."
714665325261761739,indian-food-9eb0053ad842ccb036fce70d1384f912,Anuvaad INDB + Indian_Food_Nutrition_Processed,INDB:0622,Strawberry ice cream,strawberry ice cream,,,,INDIAN_RECIPE,,PER_100_G,ice cream cup,1,1 ice cream cup,,,215.61,4.15,12.26,16.96,0.0,11.6,,10.19,,86.39,37.62,96.4,77.08,0.34,7.36,2.13,22.0,,,,,185.91,4996.98,605.64,HIGH,0,"Nutrition values are per 100 g based on Anuvaad INDB documentation. The supplied CSVs do not contain serving weights/volumes, so none were invented."
925195736095442315,indian-food-cd6f49ebdacc58bdba35fa32a1e60a30,Anuvaad INDB + Indian_Food_Nutrition_Processed,INDB:0586,Stuffed baked potatoes,stuffed baked potatoes,,,,INDIAN_RECIPE,,PER_100_G,potato,1,1 potato,,,100.2,3.82,11.03,4.39,1.31,0.4,,2.2,,72.99,92.09,429.14,25.72,0.81,20.95,18.77,23.25,,,,,260.91,1305.07,392.67,HIGH,0,"Nutrition values are per 100 g based on Anuvaad INDB documentation. The supplied CSVs do not contain serving weights/volumes, so none were invented."
983776190812418166,indian-food-da7133bb7dc7076c6d474f46c82ef407,Anuvaad INDB + Indian_Food_Nutrition_Processed,INDB:0780,Stuffed bittergourd (dry) (Bharwa karela),stuffed bittergourd (dry) (bharwa karela),,,,INDIAN_RECIPE,,PER_100_G,bowl,1,1 bowl,,,217.65,1.29,2.49,22.38,3.0,0.07,,2.77,,0.0,519.29,284.18,16.72,1.29,28.1,43.5,48.09,,,,,365.52,4548.07,14075.41,HIGH,0,"Nutrition values are per 100 g based on Anuvaad INDB documentation. The supplied CSVs do not contain serving weights/volumes, so none were invented."
16693810570096118,indian-food-03b4eeea8fa6df625840036ede9d46eb,Anuvaad INDB + Indian_Food_Nutrition_Processed,INDB:0574,Stuffed bittergourd (wet) (Bharwa karele),stuffed bittergourd (wet) (bharwa karele),,,,INDIAN_RECIPE,,PER_100_G,bowl,1,1 bowl,,,162.36,1.36,4.68,15.24,2.86,1.95,,1.9,,0.0,360.09,246.15,17.25,0.91,24.19,46.93,63.07,,,,,303.63,3100.73,9587.57,HIGH,0,"Nutrition values are per 100 g based on Anuvaad INDB documentation. The supplied CSVs do not contain serving weights/volumes, so none were invented."
598793143210443582,indian-food-84f5730f2ff833e5be380077e8f97263,Anuvaad INDB + Indian_Food_Nutrition_Processed,INDB:0583,Stuffed bottle gourd (Stuffed ghiya/lauki),stuffed bottle gourd (stuffed ghiya/lauki),,,,INDIAN_RECIPE,,PER_100_G,portion,1,1 portion,,,93.19,5.84,4.36,5.8,1.18,1.52,,3.08,,45.61,106.99,149.44,71.83,0.66,13.73,9.01,92.91,,,,,130.86,1840.2,316.31,HIGH,0,"Nutrition values are per 100 g based on Anuvaad INDB documentation. The supplied CSVs do not contain serving weights/volumes, so none were invented."
661438405778521491,indian-food-92de6b9c13abd936bee288d2e354507c,Anuvaad INDB + Indian_Food_Nutrition_Processed,INDB:0171,Stuffed brinjal (Bharwa baingan),stuffed brinjal (bharwa baingan),,,,INDIAN_RECIPE,,PER_100_G,brinjal,1,1 brinjal,,,93.0,1.53,3.96,7.73,4.09,0.92,,0.95,,0.0,212.88,250.79,24.37,0.75,23.6,1.13,17.11,,,,,366.32,1564.3,4757.68,HIGH,0,"Nutrition values are per 100 g based on Anuvaad INDB documentation. The supplied CSVs do not contain serving weights/volumes, so none were invented."
273392098753070140,indian-food-3cb48aa5293443cc2a43882f8993920f,Anuvaad INDB + Indian_Food_Nutrition_Processed,INDB:0170,Stuffed capsicum (Bharwa shimla mirch),stuffed capsicum (bharwa shimla mirch),,,,INDIAN_RECIPE,,PER_100_G,capsicum,1,1 capsicum,,,90.94,1.34,8.26,5.7,2.01,1.21,,0.71,,0.0,173.94,312.57,15.17,0.61,18.8,74.25,38.35,,,,,1136.59,1125.61,3560.84,HIGH,0,"Nutrition values are per 100 g based on Anuvaad INDB documentation. The supplied CSVs do not contain serving weights/volumes, so none were invented."
280606390885792240,indian-food-3e4ea069a73b9f0a9fc38135c7c57959,Anuvaad INDB + Indian_Food_Nutrition_Processed,INDB:0060,Stuffed egg omelette/omlet,stuffed egg omelette/omlet,,,,INDIAN_RECIPE,,PER_100_G,omelette,1,1 omelette,,,203.51,8.6,2.3,17.77,0.75,1.57,,4.76,,154.38,267.19,161.72,89.91,0.91,14.15,8.29,70.23,,,,,649.98,4522.7,7171.77,HIGH,0,"Nutrition values are per 100 g based on Anuvaad INDB documentation. The supplied CSVs do not contain serving weights/volumes, so none were invented."
1108074086325223696,indian-food-f60ab82bc3b0110bdef42e2268b82b24,Anuvaad INDB + Indian_Food_Nutrition_Processed,INDB:0168,Stuffed okra (Bharwa bhindi),stuffed okra (bharwa bhindi),,,,INDIAN_RECIPE,,PER_100_G,bowl,1,1 bowl,,,94.34,2.08,3.85,7.66,4.15,0.48,,0.95,,0.0,210.03,265.83,86.89,1.18,64.47,22.65,63.97,,,,,1194.3,1555.76,4732.25,HIGH,0,"Nutrition values are per 100 g based on Anuvaad INDB documentation. The supplied CSVs do not contain serving weights/volumes, so none were invented."
600944586375683457,indian-food-856fbead89ddd818c8da89cab28f4667,Anuvaad INDB + Indian_Food_Nutrition_Processed,INDB:0169,Stuffed round gourd (Bharwa tinde),stuffed round gourd (bharwa tinde),,,,INDIAN_RECIPE,,PER_100_G,bowl,1,1 bowl,,,72.8,1.1,4.02,5.75,2.1,1.96,,0.71,,0.0,180.15,132.68,20.21,0.59,18.75,37.36,71.07,,,,,1954.95,1164.52,3563.32,HIGH,0,"Nutrition values are per 100 g based on Anuvaad INDB documentation. The supplied CSVs do not contain serving weights/volumes, so none were invented."
1077195840209888197,indian-food-ef2f7e8d13d23c53b31efc98db43a49d,Anuvaad INDB + Indian_Food_Nutrition_Processed,INDB:0172,Stuffed tomatoes (Bharwa tamatar),stuffed tomatoes (bharwa tamatar),,,,INDIAN_RECIPE,,PER_100_G,tomato,1,1 tomato,,,93.35,3.28,6.19,6.06,2.2,2.68,,1.39,,0.0,165.85,202.88,59.16,0.62,18.83,28.23,37.42,,,,,4231.0,1334.5,2965.78,HIGH,0,"Nutrition values are per 100 g based on Anuvaad INDB documentation. The supplied CSVs do not contain serving weights/volumes, so none were invented."
184609716778811651,indian-food-28fdd8f2eafc103019be4077843603ff,Anuvaad INDB + Indian_Food_Nutrition_Processed,INDB:0699,Submarine sandwich,submarine sandwich,,,,INDIAN_RECIPE,,PER_100_G,hot dog bun,1,1 hot dog bun,,,216.92,6.09,13.6,15.32,1.24,2.5,,2.63,,62.46,254.28,130.98,72.35,1.23,13.19,21.43,36.34,,,,,1703.78,7975.42,3343.38,HIGH,0,"Nutrition values are per 100 g based on Anuvaad INDB documentation. The supplied CSVs do not contain serving weights/volumes, so none were invented."
424479613437173955,indian-food-5e40df59d5160c3a2129c2054b82d96d,Anuvaad INDB + Indian_Food_Nutrition_Processed,INDB:0012,Summer cooler,summer cooler,,,,INDIAN_RECIPE,,PER_100_G,tall glass,1,1 tall glass,,,22.43,0.37,5.43,0.04,0.2,5.21,,0.01,,0.0,1.57,93.06,8.13,0.28,7.62,103.5,63.89,,,,,219.75,1.87,16.85,HIGH,0,"Nutrition values are per 100 g based on Anuvaad INDB documentation. The supplied CSVs do not contain serving weights/volumes, so none were invented."
260593248615656601,indian-food-39dd02dce99ec9977e86c23c3a916a06,Anuvaad INDB + Indian_Food_Nutrition_Processed,INDB:0822,Sunflower cookies,sunflower cookies,,,,INDIAN_RECIPE,,PER_100_G,cookie,1,1 cookie,,,520.62,9.49,40.06,36.28,3.95,24.28,,11.03,,26.38,181.68,210.54,70.45,2.21,135.07,0.0,51.65,,,,,204.39,10688.66,12653.9,HIGH,0,"Nutrition values are per 100 g based on Anuvaad INDB documentation. The supplied CSVs do not contain serving weights/volumes, so none were invented."
1055071474996845952,indian-food-ea45dea9fd59d8034487f47237528fe4,Anuvaad INDB + Indian_Food_Nutrition_Processed,INDB:0701,Sunset and sunrise open sandwich,sunset and sunrise open sandwich,,,,INDIAN_RECIPE,,PER_100_G,sandwich,1,1 sandwich,,,241.31,8.58,18.89,15.14,1.39,1.95,,2.54,,123.49,381.29,132.15,114.07,1.28,16.08,3.86,26.36,,,,,836.53,7632.82,3131.09,HIGH,0,"Nutrition values are per 100 g based on Anuvaad INDB documentation. The supplied CSVs do not contain serving weights/volumes, so none were invented."
976943958356966840,indian-food-d8ecd5aa354bdb87b58f65e32ea9428f,Anuvaad INDB + Indian_Food_Nutrition_Processed,INDB:0403,Sweet and salty biscuit (Meethay aur namkeen biscuit),sweet and salty biscuit (meethay aur namkeen biscuit),,,,INDIAN_RECIPE,,PER_100_G,biscuit,1,1 biscuit,,,407.96,6.15,45.09,22.39,1.68,7.22,,13.97,,55.18,414.7,109.95,37.24,1.05,18.49,0.03,1.02,,,,,328.5,5632.04,932.33,HIGH,0,"Nutrition values are per 100 g based on Anuvaad INDB documentation. The supplied CSVs do not contain serving weights/volumes, so none were invented."
313611474910621061,indian-food-45a2bf98f88ad857019c26a8dd83f1b1,Anuvaad INDB + Indian_Food_Nutrition_Processed,INDB:1010,Sweet and sour tomato pickle (Khatta meetha tamatar ka achaar),sweet and sour tomato pickle (khatta meetha tamatar ka achaar),,,,INDIAN_RECIPE,,PER_100_G,,,,,,60.88,1.26,6.55,3.24,2.2,4.31,,0.37,,0.0,1281.94,203.12,15.18,0.54,21.26,,,,,,,6104.0,1728.6,779.18,HIGH,0,"Nutrition values are per 100 g based on Anuvaad INDB documentation. The supplied CSVs do not contain serving weights/volumes, so none were invented."
545126100402195142,indian-food-790ad4cd4444ac6094277a4fcb971603,Anuvaad INDB + Indian_Food_Nutrition_Processed,INDB:0912,Sweet corn soup,sweet corn soup,,,,INDIAN_RECIPE,,PER_100_G,bowl,1,1 bowl,,,32.25,0.99,3.56,1.63,0.31,0.9,,0.2,,0.0,22.35,86.92,3.72,0.41,11.22,10.33,50.13,,,,,320.71,364.54,915.44,HIGH,0,"Nutrition values are per 100 g based on Anuvaad INDB documentation. The supplied CSVs do not contain serving weights/volumes, so none were invented."
3002274807465442,indian-food-00aaa8d936ac5e289cf3872e49067baa,Anuvaad INDB + Indian_Food_Nutrition_Processed,INDB:0807,Sweet couscous dessert,sweet couscous dessert,,,,INDIAN_RECIPE,,PER_100_G,bowl,1,1 bowl,,,196.2,3.81,29.69,7.69,2.18,15.89,,2.65,,9.37,4.22,183.41,30.94,0.84,31.24,34.1,29.16,,,,,50.31,3090.03,1186.59,HIGH,0,"Nutrition values are per 100 g based on Anuvaad INDB documentation. The supplied CSVs do not contain serving weights/volumes, so none were invented."
250609800841037105,indian-food-37a58493c5c8531a7ec87fdc76c85933,Anuvaad INDB + Indian_Food_Nutrition_Processed,INDB:0020,Sweet Lassi (Meethi lassi),sweet lassi (meethi lassi),,,,INDIAN_RECIPE,,PER_100_G,tall glass,1,1 tall glass,,,35.66,1.29,6.51,0.68,0.0,6.51,,0.43,,2.49,18.31,63.5,45.65,0.03,4.38,1.0,18.0,,,,,4.75,178.53,22.6,HIGH,0,"Nutrition values are per 100 g based on Anuvaad INDB documentation. The supplied CSVs do not contain serving weights/volumes, so none were invented."
426604227792135282,indian-food-5eb9a48f13ae4726c299980a0003ec19,Anuvaad INDB + Indian_Food_Nutrition_Processed,INDB:0985,Sweet lemon pickle (Neembu ka meetha achaar),sweet lemon pickle (neembu ka meetha achaar),,,,INDIAN_RECIPE,,PER_100_G,,,,,,69.54,1.22,16.87,0.21,2.13,14.63,,0.1,,0.0,6415.9,148.65,42.57,1.02,21.98,,,,,,,60.89,12.65,95.94,HIGH,0,"Nutrition values are per 100 g based on Anuvaad INDB documentation. The supplied CSVs do not contain serving weights/volumes, so none were invented."
926646624814927271,indian-food-cdc1c3218688da7b4edfb975c700f769,Anuvaad INDB + Indian_Food_Nutrition_Processed,INDB:0037,Sweet open sandwich,sweet open sandwich,,,,INDIAN_RECIPE,,PER_100_G,triangle,1,1 triangle,,,244.25,4.99,39.24,8.15,2.36,12.23,,4.45,,18.05,205.27,230.97,85.18,1.15,22.74,1.65,13.05,,,,,146.68,1778.49,289.97,HIGH,0,"Nutrition values are per 100 g based on Anuvaad INDB documentation. The supplied CSVs do not contain serving weights/volumes, so none were invented."
26240367256937862,indian-food-05d3979992025863520fd8e72e0490a5,Anuvaad INDB + Indian_Food_Nutrition_Processed,INDB:0837,Sweet peach pickle (Aadoo ka achaar),sweet peach pickle (aadoo ka achaar),,,,INDIAN_RECIPE,,PER_100_G,jar,1,1 jar,,,144.64,0.46,37.01,0.2,1.32,36.46,,0.02,,0.0,33.04,150.24,11.99,0.33,5.64,7.36,8.5,,,,,27.58,103.24,39.71,HIGH,0,"Nutrition values are per 100 g based on Anuvaad INDB documentation. The supplied CSVs do not contain serving weights/volumes, so none were invented."
237062441950634073,indian-food-34a3708f20de05965f2311a254d9df31,Anuvaad INDB + Indian_Food_Nutrition_Processed,INDB:0400,Sweet plain biscuit,sweet plain biscuit,,,,INDIAN_RECIPE,,PER_100_G,biscuit,1,1 biscuit,,,380.76,5.86,50.29,17.67,1.07,21.77,,10.76,,76.89,132.59,90.96,42.88,0.92,14.91,0.03,1.7,,,,,259.32,4559.26,810.64,HIGH,0,"Nutrition values are per 100 g based on Anuvaad INDB documentation. The supplied CSVs do not contain serving weights/volumes, so none were invented."
807048759733224318,indian-food-b3336923051837e71e70a995f75a3849,Anuvaad INDB + Indian_Food_Nutrition_Processed,INDB:0423,Sweet poori (Meethi poori),sweet poori (meethi poori),,,,INDIAN_RECIPE,,PER_100_G,poori,1,1 poori,,,782.75,2.12,14.26,79.63,1.54,7.15,,9.59,,0.0,2.57,82.77,34.24,1.13,27.8,0.0,18.38,,,,,26.78,16442.58,50270.04,HIGH,0,"Nutrition values are per 100 g based on Anuvaad INDB documentation. The supplied CSVs do not contain serving weights/volumes, so none were invented."
179260280255430599,indian-food-27cdc466ef63fc7c9b6f38a1210e3d15,Anuvaad INDB + Indian_Food_Nutrition_Processed,INDB:0818,Sweet potato biscuit (Shakarkand ke biscuit),sweet potato biscuit (shakarkand ke biscuit),,,,INDIAN_RECIPE,,PER_100_G,biscuit,1,1 biscuit,,,296.4,5.14,38.13,13.31,2.27,2.53,,8.23,,33.83,339.58,183.69,56.34,0.81,19.3,7.95,17.7,,,,,2742.52,3308.4,600.18,HIGH,0,"Nutrition values are per 100 g based on Anuvaad INDB documentation. The supplied CSVs do not contain serving weights/volumes, so none were invented."
438637314884469501,indian-food-6165a505aeb82fd65c42e0f36d04306f,Anuvaad INDB + Indian_Food_Nutrition_Processed,INDB:0257,Sweet raita (Meetha raita),sweet raita (meetha raita),,,,INDIAN_RECIPE,,PER_100_G,bowl,1,1 bowl,,,99.24,3.24,17.93,1.78,1.02,15.36,,1.05,,5.73,42.98,233.29,108.91,0.21,16.72,5.2,24.9,,,,,111.2,427.02,146.15,HIGH,0,"Nutrition values are per 100 g based on Anuvaad INDB documentation. The supplied CSVs do not contain serving weights/volumes, so none were invented."
1099012699892232409,indian-food-f407a3a4cb830d99198223a210b4dd92,Anuvaad INDB + Indian_Food_Nutrition_Processed,INDB:0115,Sweet rice (Meethe chawal),sweet rice (meethe chawal),,,,INDIAN_RECIPE,,PER_100_G,plate,1,1 plate,,,215.41,2.1,42.59,4.57,1.13,24.8,,2.41,,9.55,3.2,56.08,11.38,0.34,11.13,0.21,10.65,,,,,90.74,1377.46,361.35,HIGH,0,"Nutrition values are per 100 g based on Anuvaad INDB documentation. The supplied CSVs do not contain serving weights/volumes, so none were invented."
425389063545726872,indian-food-5e7491977faa798527f4542a375b56ac,Anuvaad INDB + Indian_Food_Nutrition_Processed,INDB:0426,Sweet split chickpea roti (Sweet channa dal roti/Puranpoli),sweet split chickpea roti (sweet channa dal roti/puranpoli),,,,INDIAN_RECIPE,,PER_100_G,roti,1,1 roti,,,366.59,9.51,62.66,7.93,8.16,24.73,,3.9,,15.56,12.05,462.11,53.3,4.36,112.97,0.0,27.67,,,,,446.74,1865.06,1109.07,HIGH,0,"Nutrition values are per 100 g based on Anuvaad INDB documentation. The supplied CSVs do not contain serving weights/volumes, so none were invented."
258403600086259861,indian-food-39608b487d2d8954c84bf5b86fae0ee7,Anuvaad INDB + Indian_Food_Nutrition_Processed,INDB:0964,Sweet wheat porridge (Sweet dalia),sweet wheat porridge (sweet dalia),,,,INDIAN_RECIPE,,PER_100_G,,,,,,140.66,5.11,23.77,2.79,2.37,12.23,,1.55,,0.0,24.63,265.94,99.18,1.98,36.02,,,,,,,1750.44,690.21,148.18,HIGH,0,"Nutrition values are per 100 g based on Anuvaad INDB documentation. The supplied CSVs do not contain serving weights/volumes, so none were invented."
177188405217673351,indian-food-2757fea6f514087305ae102a23c3c92e,Anuvaad INDB + Indian_Food_Nutrition_Processed,INDB:0808,Sweetened yogurt (Shrikhand),sweetened yogurt (shrikhand),,,,INDIAN_RECIPE,,PER_100_G,bowl,1,1 bowl,,,107.18,5.27,16.02,2.89,0.08,15.81,,1.76,,9.95,73.61,261.06,183.02,0.17,18.36,2.79,50.44,,,,,22.7,789.1,133.58,HIGH,0,"Nutrition values are per 100 g based on Anuvaad INDB documentation. The supplied CSVs do not contain serving weights/volumes, so none were invented."
747742168599253553,indian-food-a60838a66f05231c669d8c54e65d9a84,Anuvaad INDB + Indian_Food_Nutrition_Processed,INDB:0393,Swiss roll,swiss roll,,,,INDIAN_RECIPE,,PER_100_G,swiss roll,1,1 swiss roll,,,251.87,7.3,48.34,3.77,0.55,32.96,,1.19,,144.66,51.9,87.08,24.11,1.19,10.86,0.0,14.36,,,,,106.72,1385.94,523.14,HIGH,0,"Nutrition values are per 100 g based on Anuvaad INDB documentation. The supplied CSVs do not contain serving weights/volumes, so none were invented."
310317624304829078,indian-food-44e783c343b82966d770218575bcd02d,Anuvaad INDB + Indian_Food_Nutrition_Processed,INDB:0083,Talaumein soup,talaumein soup,,,,INDIAN_RECIPE,,PER_100_G,soup bowl,1,1 soup bowl,,,35.63,10.12,4.17,12.78,1.94,0.77,,0.26,,12.4,11088.14,340.97,42.33,2.23,37.81,12.62,48.58,,,,,1060.6,354.08,793.19,HIGH,0,"Nutrition values are per 100 g based on Anuvaad INDB documentation. The supplied CSVs do not contain serving weights/volumes, so none were invented."
135323803511456077,indian-food-1e0c44845f4814d67dae69bcdbcaf712,Anuvaad INDB + Indian_Food_Nutrition_Processed,INDB:0877,Tamarind chutney (Chintapandu pachadi/Puli chutney),tamarind chutney (chintapandu pachadi/puli chutney),,,,INDIAN_RECIPE,,PER_100_G,ml,1,1 ml,,,109.15,0.88,25.07,0.48,1.65,22.85,,0.2,,0.68,75.61,235.6,40.3,1.95,32.91,0.03,0.18,,,,,453.73,142.18,81.26,HIGH,0,"Nutrition values are per 100 g based on Anuvaad INDB documentation. The supplied CSVs do not contain serving weights/volumes, so none were invented."
684047786121038127,indian-food-97e39d65523092fa35d169749ca771bc,Anuvaad INDB + Indian_Food_Nutrition_Processed,INDB:0117,Tamarind rice (Chintapandu pulihora/Puliyodharai/Puli sadam/Huli anna),tamarind rice (chintapandu pulihora/puliyodharai/puli sadam/huli anna),,,,INDIAN_RECIPE,,PER_100_G,plate,1,1 plate,,,373.04,7.45,65.08,8.53,5.12,11.65,,2.64,,7.7,162.41,369.08,50.94,2.89,58.32,0.84,23.02,,,,,3140.33,2460.18,2781.06,HIGH,0,"Nutrition values are per 100 g based on Anuvaad INDB documentation. The supplied CSVs do not contain serving weights/volumes, so none were invented."
1050799770934092620,indian-food-e9530d30496a34c5850afb032cb2cf2e,Anuvaad INDB + Indian_Food_Nutrition_Processed,INDB:0223,Tandoori chicken,tandoori chicken,,,,INDIAN_RECIPE,,PER_100_G,chicken,1,1 chicken,,,145.2,16.26,2.34,7.93,0.5,1.58,,0.99,,44.25,158.0,287.21,44.33,0.9,22.02,39.53,182.73,,,,,69.37,1050.46,1025.32,HIGH,0,"Nutrition values are per 100 g based on Anuvaad INDB documentation. The supplied CSVs do not contain serving weights/volumes, so none were invented."
328410769292807484,indian-food-48ebfdacc1c4d3c2ad66e001bfc7e805,Anuvaad INDB + Indian_Food_Nutrition_Processed,INDB:0234,Tandoori fish,tandoori fish,,,,INDIAN_RECIPE,,PER_100_G,piece,1,1 piece,,,95.98,11.19,2.37,4.64,0.58,1.6,,1.84,,23.41,123.94,226.36,37.27,0.46,24.8,19.66,27.55,,,,,658.16,952.48,1468.22,HIGH,0,"Nutrition values are per 100 g based on Anuvaad INDB documentation. The supplied CSVs do not contain serving weights/volumes, so none were invented."
789887915822665415,indian-food-af63edfdafbcec701da7505080aa5784,Anuvaad INDB + Indian_Food_Nutrition_Processed,INDB:0102,Tandoori parantha/paratha,tandoori parantha/paratha,,,,INDIAN_RECIPE,,PER_100_G,parantha,1,1 parantha,,,295.37,5.08,30.74,16.51,5.44,0.86,,9.54,,39.77,1.14,148.98,14.98,1.96,59.88,0.0,7.79,,,,,437.25,4226.47,1092.69,HIGH,0,"Nutrition values are per 100 g based on Anuvaad INDB documentation. The supplied CSVs do not contain serving weights/volumes, so none were invented."
887513044760197489,indian-food-c5114697674f9718236a86b74c3f7060,Anuvaad INDB + Indian_Food_Nutrition_Processed,INDB:0995,Tartare sauce,tartare sauce,,,,INDIAN_RECIPE,,PER_100_G,,,,,,610.93,1.44,2.96,66.12,0.42,2.18,,5.02,,50.47,256.95,33.29,21.06,0.56,4.83,,,,,,,390.65,40196.82,17631.18,HIGH,0,"Nutrition values are per 100 g based on Anuvaad INDB documentation. The supplied CSVs do not contain serving weights/volumes, so none were invented."
508199444658429157,indian-food-70d7cb3cdea9ce57351d3858b6f4d762,Anuvaad INDB + Indian_Food_Nutrition_Processed,INDB:0789,Thandai,thandai,,,,INDIAN_RECIPE,,PER_100_G,glass,1,1 glass,,,101.18,3.59,9.13,5.89,0.8,8.21,,2.27,,0.0,22.69,140.99,112.31,0.6,25.58,3.66,18.19,,,,,152.88,1979.56,732.16,HIGH,0,"Nutrition values are per 100 g based on Anuvaad INDB documentation. The supplied CSVs do not contain serving weights/volumes, so none were invented."
1088100832094525276,indian-food-f19b5f118cd175cf8ea3d4276b980d31,Anuvaad INDB + Indian_Food_Nutrition_Processed,INDB:0809,Thickened sweetened milk (Rabri),thickened sweetened milk (rabri),,,,INDIAN_RECIPE,,PER_100_G,bowl,1,1 bowl,,,102.79,3.52,10.55,5.35,0.19,10.09,,2.66,,0.0,23.92,125.85,111.87,0.29,15.0,4.09,16.31,,,,,187.62,1843.55,374.33,HIGH,0,"Nutrition values are per 100 g based on Anuvaad INDB documentation. The supplied CSVs do not contain serving weights/volumes, so none were invented."
799817548013649448,indian-food-b1985d2827a3e281ee91365c6f1a4b13,Anuvaad INDB + Indian_Food_Nutrition_Processed,INDB:0946,Thousand island dressing,thousand island dressing,,,,INDIAN_RECIPE,,PER_100_G,,,,,,407.87,1.37,4.49,42.87,0.46,3.1,,3.55,,34.0,946.1,97.94,9.11,0.45,6.67,,,,,,,462.04,25798.3,11337.33,HIGH,0,"Nutrition values are per 100 g based on Anuvaad INDB documentation. The supplied CSVs do not contain serving weights/volumes, so none were invented."
649333091863397746,indian-food-902e501b96c85729671337f6c7b7913e,Anuvaad INDB + Indian_Food_Nutrition_Processed,INDB:0689,Tomato and cucumber sandwich (Tamatar aur kheere ka sandwich),tomato and cucumber sandwich (tamatar aur kheere ka sandwich),,,,INDIAN_RECIPE,,PER_100_G,sandwich,1,1 sandwich,,,150.68,4.03,20.51,6.31,2.1,1.79,,3.39,,13.52,222.22,168.24,76.75,1.15,22.08,7.12,17.26,,,,,2694.37,1422.96,271.27,HIGH,0,"Nutrition values are per 100 g based on Anuvaad INDB documentation. The supplied CSVs do not contain serving weights/volumes, so none were invented."
1020461329619992574,indian-food-e29682c3305bffe16fad9b70fa4d7a85,Anuvaad INDB + Indian_Food_Nutrition_Processed,INDB:0601,Tomato aspic,tomato aspic,,,,INDIAN_RECIPE,,PER_100_G,small mould,1,1 small mould,,,50.37,6.87,5.02,0.26,1.58,3.21,,0.07,,0.0,98.17,192.77,44.28,1.18,20.76,35.87,39.01,,,,,4731.88,26.87,139.51,HIGH,0,"Nutrition values are per 100 g based on Anuvaad INDB documentation. The supplied CSVs do not contain serving weights/volumes, so none were invented."
303508630842187003,indian-food-436477ddf9d1cfb2d3cd72210c518385,Anuvaad INDB + Indian_Food_Nutrition_Processed,INDB:0542,Tomato chicken,tomato chicken,,,,INDIAN_RECIPE,,PER_100_G,bowl,1,1 bowl,,,111.68,10.57,2.13,6.71,1.42,0.93,,0.69,,27.94,104.83,252.17,21.24,0.87,21.29,24.53,24.19,,,,,2873.12,1027.06,1706.2,HIGH,0,"Nutrition values are per 100 g based on Anuvaad INDB documentation. The supplied CSVs do not contain serving weights/volumes, so none were invented."
120314355636814068,indian-food-1ab7144dd1cc0f450c4e6a5e09cd6bc3,Anuvaad INDB + Indian_Food_Nutrition_Processed,INDB:1012,Tomato chutney (Tamatar ki chutney),tomato chutney (tamatar ki chutney),,,,INDIAN_RECIPE,,PER_100_G,,,,,,176.07,0.97,31.85,6.01,1.49,30.02,,0.69,,0.0,823.65,157.35,25.34,0.96,17.52,,,,,,,3381.1,3277.52,1318.43,HIGH,0,"Nutrition values are per 100 g based on Anuvaad INDB documentation. The supplied CSVs do not contain serving weights/volumes, so none were invented."
591915074562607187,indian-food-836e79fcc80c8539a4c68e62dcae9681,Anuvaad INDB + Indian_Food_Nutrition_Processed,INDB:0231,Tomato fish,tomato fish,,,,INDIAN_RECIPE,,PER_100_G,bowl,1,1 bowl,,,489.79,2.39,3.18,51.91,0.72,1.35,,6.63,,5.17,91.47,115.54,6.46,0.24,9.64,75.09,76.88,,,,,1270.9,10659.68,32431.61,HIGH,0,"Nutrition values are per 100 g based on Anuvaad INDB documentation. The supplied CSVs do not contain serving weights/volumes, so none were invented."
1079326843492663274,indian-food-efa8a0baeec7feaa1e21e323d86f30ee,Anuvaad INDB + Indian_Food_Nutrition_Processed,INDB:0678,Tomato ginger chutney (Tamatar adarak ki chutney),tomato ginger chutney (tamatar adarak ki chutney),,,,INDIAN_RECIPE,,PER_100_G,tablespoon,1,1 tablespoon,,,44.66,1.05,9.11,0.32,2.14,6.31,,0.05,,0.0,209.42,227.56,23.63,1.08,20.73,3.65,2.29,,,,,4502.25,62.11,135.67,HIGH,0,"Nutrition values are per 100 g based on Anuvaad INDB documentation. The supplied CSVs do not contain serving weights/volumes, so none were invented."
518812054211542768,indian-food-73330d084783ef005c9f30c1398cef1b,Anuvaad INDB + Indian_Food_Nutrition_Processed,INDB:1013,Tomato ketchup,tomato ketchup,,,,INDIAN_RECIPE,,PER_100_G,,,,,,33.07,0.91,6.48,0.3,1.9,4.68,,0.06,,0.0,177.97,172.57,15.33,0.36,14.66,,,,,,,4874.18,49.55,133.96,HIGH,0,"Nutrition values are per 100 g based on Anuvaad INDB documentation. The supplied CSVs do not contain serving weights/volumes, so none were invented."
269138998952377399,indian-food-3bc2c7e5bc2bc37caf9223b5264bee62,Anuvaad INDB + Indian_Food_Nutrition_Processed,INDB:0248,Tomato onion raita (Tamatar aur pyaaz ka raita),tomato onion raita (tamatar aur pyaaz ka raita),,,,INDIAN_RECIPE,,PER_100_G,bowl,1,1 bowl,,,59.0,3.74,7.08,1.84,0.97,5.98,,1.1,,6.19,165.21,237.73,120.62,0.26,18.22,15.04,34.77,,,,,1379.49,475.87,125.38,HIGH,0,"Nutrition values are per 100 g based on Anuvaad INDB documentation. The supplied CSVs do not contain serving weights/volumes, so none were invented."
279136177636681410,indian-food-3dfb0dfe7fea6c2b2619079ed7e95d5f,Anuvaad INDB + Indian_Food_Nutrition_Processed,INDB:0989,Tomato puree,tomato puree,,,,INDIAN_RECIPE,,PER_100_G,,,,,,20.62,0.75,3.68,0.25,1.56,2.32,,0.05,,0.0,244.99,165.74,8.91,0.22,12.19,,,,,,,5762.61,30.17,117.71,HIGH,0,"Nutrition values are per 100 g based on Anuvaad INDB documentation. The supplied CSVs do not contain serving weights/volumes, so none were invented."
523395940216213389,indian-food-74379d5a5780f8da5e4626273107e67b,Anuvaad INDB + Indian_Food_Nutrition_Processed,INDB:0690,Tomato sandwich (grilled),tomato sandwich (grilled),,,,INDIAN_RECIPE,,PER_100_G,sandwich,1,1 sandwich,,,189.92,6.26,21.29,9.39,1.91,2.58,,5.29,,24.95,420.6,156.87,150.9,0.88,19.26,8.91,16.85,,,,,2421.93,2266.63,366.32,HIGH,0,"Nutrition values are per 100 g based on Anuvaad INDB documentation. The supplied CSVs do not contain serving weights/volumes, so none were invented."
957192435607288535,indian-food-d48a172e2103ad7d802dc498344aa846,Anuvaad INDB + Indian_Food_Nutrition_Processed,INDB:0988,Tomato sauce,tomato sauce,,,,INDIAN_RECIPE,,PER_100_G,,,,,,34.33,0.81,7.23,0.27,1.79,5.69,,0.05,,0.0,174.79,168.41,13.0,0.31,13.26,,,,,,,5288.51,34.98,128.13,HIGH,0,"Nutrition values are per 100 g based on Anuvaad INDB documentation. The supplied CSVs do not contain serving weights/volumes, so none were invented."
237813391335127261,indian-food-34ce204f95c78dd13a74fa094fdf8775,Anuvaad INDB + Indian_Food_Nutrition_Processed,INDB:0596,Tossed green salad,tossed green salad,,,,INDIAN_RECIPE,,PER_100_G,small bowl,1,1 small bowl,,,49.88,1.33,3.82,3.24,1.33,1.9,,0.08,,0.0,65.09,211.22,33.71,1.27,19.14,58.24,75.97,,,,,2852.92,42.35,146.31,HIGH,0,"Nutrition values are per 100 g based on Anuvaad INDB documentation. The supplied CSVs do not contain serving weights/volumes, so none were invented."
784952615228654770,indian-food-ae4b63ea437c4b2f6adb44a872029179,Anuvaad INDB + Indian_Food_Nutrition_Processed,INDB:0242,Tossed salad,tossed salad,,,,INDIAN_RECIPE,,PER_100_G,bowl,1,1 bowl,,,62.96,1.02,4.95,4.22,2.15,1.56,,0.63,,0.0,77.5,232.98,32.37,0.86,17.76,85.7,99.67,,,,,2432.12,2940.8,449.89,HIGH,0,"Nutrition values are per 100 g based on Anuvaad INDB documentation. The supplied CSVs do not contain serving weights/volumes, so none were invented."
429674266994158881,indian-food-5f6827825502d21d7e0626029cd4d4c2,Anuvaad INDB + Indian_Food_Nutrition_Processed,INDB:0295,Triffle pudding,triffle pudding,,,,INDIAN_RECIPE,,PER_100_G,bowl,1,1 bowl,,,116.97,2.93,18.24,3.93,0.12,13.89,,2.2,,36.95,26.95,99.9,48.72,0.47,8.37,19.31,28.71,,,,,114.87,1133.24,217.16,HIGH,0,"Nutrition values are per 100 g based on Anuvaad INDB documentation. The supplied CSVs do not contain serving weights/volumes, so none were invented."
304741395059351194,indian-food-43aa8af28de9e9a7bef73971d603ab8f,Anuvaad INDB + Indian_Food_Nutrition_Processed,INDB:0828,Tutti fruitti biscuit,tutti fruitti biscuit,,,,INDIAN_RECIPE,,PER_100_G,biscuit,1,1 biscuit,,,420.78,5.21,53.12,17.9,5.43,15.75,,10.98,,44.48,93.11,155.27,23.81,1.96,60.37,0.0,15.19,,,,,262.83,4437.99,945.97,HIGH,0,"Nutrition values are per 100 g based on Anuvaad INDB documentation. The supplied CSVs do not contain serving weights/volumes, so none were invented."
660343797378859939,indian-food-92a032f606643a3a96b4edc32defbd7f,Anuvaad INDB + Indian_Food_Nutrition_Processed,INDB:0906,Tutti frutti cake,tutti frutti cake,,,,INDIAN_RECIPE,,PER_100_G,cake,1,1 cake,,,347.72,4.49,52.94,12.68,0.85,28.08,,1.87,,2.46,106.36,109.79,61.41,0.62,14.16,1.9,76.45,,,,,87.46,2609.24,7589.97,HIGH,0,"Nutrition values are per 100 g based on Anuvaad INDB documentation. The supplied CSVs do not contain serving weights/volumes, so none were invented."
430091662851046641,indian-food-5f7fe16b117fcf18871a7cb232b825ea,Anuvaad INDB + Indian_Food_Nutrition_Processed,INDB:0523,Urad sabut special,urad sabut special,,,,INDIAN_RECIPE,,PER_100_G,bowl,1,1 bowl,,,79.39,2.33,5.03,5.46,2.15,0.86,,3.17,,13.38,60.09,160.47,21.45,0.71,20.55,28.45,80.51,,,,,1554.75,1397.99,365.51,HIGH,0,"Nutrition values are per 100 g based on Anuvaad INDB documentation. The supplied CSVs do not contain serving weights/volumes, so none were invented."
1082798609358929673,indian-food-f06df992a203f0923bce764eaf90d82c,Anuvaad INDB + Indian_Food_Nutrition_Processed,INDB:0517,Urad special dehusked,urad special dehusked,,,,INDIAN_RECIPE,,PER_100_G,curry bowl,1,1 curry bowl,,,69.43,3.14,8.86,2.17,2.5,1.32,,1.16,,4.62,109.56,233.34,16.4,0.83,28.53,17.4,54.46,,,,,557.32,519.38,228.23,HIGH,0,"Nutrition values are per 100 g based on Anuvaad INDB documentation. The supplied CSVs do not contain serving weights/volumes, so none were invented."
689764075007578994,indian-food-99288c58da713729f66978aa8af66813,Anuvaad INDB + Indian_Food_Nutrition_Processed,INDB:0506,Uttapam,uttapam,,,,INDIAN_RECIPE,,PER_100_G,uttapam,1,1 uttapam,,,255.95,6.18,36.28,9.03,4.4,1.5,,3.23,,10.57,228.69,286.22,40.86,1.23,41.71,6.15,19.02,,,,,2185.7,2007.8,3178.61,HIGH,0,"Nutrition values are per 100 g based on Anuvaad INDB documentation. The supplied CSVs do not contain serving weights/volumes, so none were invented."
302314530019872841,indian-food-43209769c461049ea4e92a4a5b2ada26,Anuvaad INDB + Indian_Food_Nutrition_Processed,INDB:0631,Vanilla ice cream with apples in hot cherry sauce,vanilla ice cream with apples in hot cherry sauce,,,,INDIAN_RECIPE,,PER_100_G,dish,1,1 dish,,,196.32,1.73,22.75,11.45,0.26,14.19,,7.11,,26.15,31.54,74.21,56.34,0.16,6.04,4.23,10.77,,,,,145.19,3280.84,357.28,HIGH,0,"Nutrition values are per 100 g based on Anuvaad INDB documentation. The supplied CSVs do not contain serving weights/volumes, so none were invented."
505040427527757941,indian-food-7024397d000e075f237c851cc9febf48,Anuvaad INDB + Indian_Food_Nutrition_Processed,INDB:0621,Vanilla ice cream with egg,vanilla ice cream with egg,,,,INDIAN_RECIPE,,PER_100_G,ice cream cup,1,1 ice cream cup,,,214.85,4.16,11.71,17.02,0.0,11.69,,10.24,,86.75,37.72,97.19,77.42,0.34,7.41,2.13,21.98,,,,,186.68,5017.0,606.08,HIGH,0,"Nutrition values are per 100 g based on Anuvaad INDB documentation. The supplied CSVs do not contain serving weights/volumes, so none were invented."
294153575424729578,indian-food-4150b1e4c9a21eac92d4cd6c3ece3850,Anuvaad INDB + Indian_Food_Nutrition_Processed,INDB:0620,Vanilla ice cream without egg,vanilla ice cream without egg,,,,INDIAN_RECIPE,,PER_100_G,ice cream cup,1,1 ice cream cup,,,228.67,2.69,14.21,18.15,0.0,13.45,,11.31,,41.7,23.97,89.96,81.27,0.1,6.63,2.13,9.67,,,,,193.41,5221.95,516.93,HIGH,0,"Nutrition values are per 100 g based on Anuvaad INDB documentation. The supplied CSVs do not contain serving weights/volumes, so none were invented."
235831573470381582,indian-food-345d7910b86060ec16ba9b93b59077ea,Anuvaad INDB + Indian_Food_Nutrition_Processed,INDB:0287,Vanilla souffle,vanilla souffle,,,,INDIAN_RECIPE,,PER_100_G,souffle cup,1,1 souffle cup,,,187.85,7.71,14.78,11.19,0.0,12.86,,6.45,,109.43,56.73,90.16,70.6,0.58,7.7,1.3,30.71,,,,,122.69,3215.03,564.02,HIGH,0,"Nutrition values are per 100 g based on Anuvaad INDB documentation. The supplied CSVs do not contain serving weights/volumes, so none were invented."
842753327264687776,indian-food-bb20fafa0e3e6a06e7cc870f8cf55ed0,Anuvaad INDB + Indian_Food_Nutrition_Processed,INDB:0891,Veg manchurian,veg manchurian,,,,INDIAN_RECIPE,,PER_100_G,plate,1,1 plate,,,585.64,0.89,6.82,61.65,1.16,0.76,,7.41,,0.0,65.31,83.3,16.79,0.31,7.53,15.1,26.53,,,,,912.78,12631.26,39028.96,HIGH,0,"Nutrition values are per 100 g based on Anuvaad INDB documentation. The supplied CSVs do not contain serving weights/volumes, so none were invented."
679288525909887169,indian-food-96d5150b6db88c1b30ae6e3075e02841,Anuvaad INDB + Indian_Food_Nutrition_Processed,INDB:0480,Veg paneer stew,veg paneer stew,,,,INDIAN_RECIPE,,PER_100_G,bowl,1,1 bowl,,,145.55,6.98,10.22,8.41,3.08,4.85,,2.84,,0.0,73.15,272.77,160.51,1.37,33.52,32.41,102.72,,,,,2117.28,2036.05,2959.74,HIGH,0,"Nutrition values are per 100 g based on Anuvaad INDB documentation. The supplied CSVs do not contain serving weights/volumes, so none were invented."
402656936962158637,indian-food-5968659cdf9f02db5247c1e1bf5c7fcb,Anuvaad INDB + Indian_Food_Nutrition_Processed,INDB:0592,Vegetable and cheese pie,vegetable and cheese pie,,,,INDIAN_RECIPE,,PER_100_G,dish,1,1 dish,,,126.88,4.03,8.76,8.28,1.91,2.69,,5.11,,18.88,117.99,243.97,99.48,0.58,19.44,55.0,104.25,,,,,1350.89,2142.87,367.96,HIGH,0,"Nutrition values are per 100 g based on Anuvaad INDB documentation. The supplied CSVs do not contain serving weights/volumes, so none were invented."
119616637311927901,indian-food-1a8f6b2a834465d399118345bea03abb,Anuvaad INDB + Indian_Food_Nutrition_Processed,INDB:0035,Vegetable and mayonnaise sandwich,vegetable and mayonnaise sandwich,,,,INDIAN_RECIPE,,PER_100_G,triangle,1,1 triangle,,,244.26,4.47,23.2,15.4,2.35,2.35,,4.47,,21.87,342.7,143.1,79.53,0.91,16.7,12.9,17.05,,,,,2218.25,6614.6,2487.48,HIGH,0,"Nutrition values are per 100 g based on Anuvaad INDB documentation. The supplied CSVs do not contain serving weights/volumes, so none were invented."
210191021084259446,indian-food-2eabf9ebab4347651b793f135271b5ec,Anuvaad INDB + Indian_Food_Nutrition_Processed,INDB:0113,Vegetable biryani/biriyani,vegetable biryani/biriyani,,,,INDIAN_RECIPE,,PER_100_G,plate,1,1 plate,,,174.61,3.16,18.56,9.51,3.31,2.14,,1.27,,0.27,183.79,242.5,33.52,0.86,24.37,39.35,77.54,,,,,1582.91,1942.7,5841.21,HIGH,0,"Nutrition values are per 100 g based on Anuvaad INDB documentation. The supplied CSVs do not contain serving weights/volumes, so none were invented."
142511654703259250,indian-food-1fa4d984af0de72fd845055fffac6fed,Anuvaad INDB + Indian_Food_Nutrition_Processed,INDB:0349,Vegetable burger,vegetable burger,,,,INDIAN_RECIPE,,PER_100_G,burger,1,1 burger,,,519.93,3.26,13.69,50.63,1.7,1.88,,5.99,,7.4,168.97,90.87,26.08,0.7,6.46,24.68,40.96,,,,,470.76,11447.65,30695.21,HIGH,0,"Nutrition values are per 100 g based on Anuvaad INDB documentation. The supplied CSVs do not contain serving weights/volumes, so none were invented."
967005540918545138,indian-food-d6b7e6a8248caf2cc8e70dacffb2b082,Anuvaad INDB + Indian_Food_Nutrition_Processed,INDB:0121,Vegetable chowmein,vegetable chowmein,,,,INDIAN_RECIPE,,PER_100_G,plate,1,1 plate,,,129.71,3.07,15.44,6.36,1.86,1.97,,0.8,,0.0,258.47,201.59,28.33,0.99,21.67,85.39,99.36,,,,,2228.36,1254.13,3937.86,HIGH,0,"Nutrition values are per 100 g based on Anuvaad INDB documentation. The supplied CSVs do not contain serving weights/volumes, so none were invented."
349202703688774905,indian-food-4d89e0243f9b4f9e6e8f3462d134eb9b,Anuvaad INDB + Indian_Food_Nutrition_Processed,INDB:0558,Vegetable curry with coconut,vegetable curry with coconut,,,,INDIAN_RECIPE,,PER_100_G,bowl,1,1 bowl,,,83.07,2.77,7.19,4.66,3.35,1.41,,1.81,,0.0,43.4,215.47,19.63,0.95,23.16,69.6,87.67,,,,,1287.89,659.09,1488.59,HIGH,0,"Nutrition values are per 100 g based on Anuvaad INDB documentation. The supplied CSVs do not contain serving weights/volumes, so none were invented."
854311132274480501,indian-food-bdb1f72cee1d5753a6c886aa129089e8,Anuvaad INDB + Indian_Food_Nutrition_Processed,INDB:0342,Vegetable cutlet,vegetable cutlet,,,,INDIAN_RECIPE,,PER_100_G,cutlet,1,1 cutlet,,,665.45,1.25,4.68,71.33,0.93,0.35,,8.6,,6.77,85.38,103.14,13.55,0.4,8.02,16.89,30.52,,,,,424.84,14638.04,45039.78,HIGH,0,"Nutrition values are per 100 g based on Anuvaad INDB documentation. The supplied CSVs do not contain serving weights/volumes, so none were invented."
1045115057143499878,indian-food-e80fe9b72734c665b0900fdf04251c29,Anuvaad INDB + Indian_Food_Nutrition_Processed,INDB:0578,Vegetable jalfrezi,vegetable jalfrezi,,,,INDIAN_RECIPE,,PER_100_G,bowl,1,1 bowl,,,68.48,1.4,5.43,4.38,2.97,1.79,,0.56,,0.0,79.46,270.92,27.11,0.68,22.88,26.08,28.48,,,,,4668.31,871.26,2716.43,HIGH,0,"Nutrition values are per 100 g based on Anuvaad INDB documentation. The supplied CSVs do not contain serving weights/volumes, so none were invented."
718314789024886424,indian-food-9f7f77eacbcee984fc02328959b690a2,Anuvaad INDB + Indian_Food_Nutrition_Processed,INDB:0965,Vegetable khichdi/khichri,vegetable khichdi/khichri,,,,INDIAN_RECIPE,,PER_100_G,,,,,,143.17,5.61,19.57,4.53,2.45,3.71,,2.72,,11.92,193.55,384.87,100.54,1.09,41.88,,,,,,,3575.41,1090.32,316.13,HIGH,0,"Nutrition values are per 100 g based on Anuvaad INDB documentation. The supplied CSVs do not contain serving weights/volumes, so none were invented."
869130178344927237,indian-food-c0fc54ad7d24005a1da34c7855227d45,Anuvaad INDB + Indian_Food_Nutrition_Processed,INDB:0759,Vegetable mix,vegetable mix,,,,INDIAN_RECIPE,,PER_100_G,,,,,,174.21,4.7,36.02,0.94,1.93,27.36,,0.46,,2.2,34.94,527.2,90.06,2.27,68.98,8.48,36.84,,,,,2006.25,177.23,165.23,HIGH,0,"Nutrition values are per 100 g based on Anuvaad INDB documentation. The supplied CSVs do not contain serving weights/volumes, so none were invented."
829985130428460479,indian-food-b84b314240b6dbffe3d128d255ba16b5,Anuvaad INDB + Indian_Food_Nutrition_Processed,INDB:0882,Vegetable namkeen jave,vegetable namkeen jave,,,,INDIAN_RECIPE,,PER_100_G,plate,1,1 plate,,,112.23,2.93,18.98,2.51,2.86,1.04,,0.96,,3.41,32.13,91.36,10.32,1.07,14.39,12.45,26.26,,,,,510.73,581.75,718.8,HIGH,0,"Nutrition values are per 100 g based on Anuvaad INDB documentation. The supplied CSVs do not contain serving weights/volumes, so none were invented."
25712175658806930,indian-food-05b5916688bae92c101c2a6851981a47,Anuvaad INDB + Indian_Food_Nutrition_Processed,INDB:0063,Vegetable pancake,vegetable pancake,,,,INDIAN_RECIPE,,PER_100_G,pancake,1,1 pancake,,,125.18,3.87,12.24,6.57,2.48,2.09,,2.57,,19.32,116.69,230.72,42.89,0.79,19.91,20.63,28.57,,,,,1985.42,1578.67,1920.98,HIGH,0,"Nutrition values are per 100 g based on Anuvaad INDB documentation. The supplied CSVs do not contain serving weights/volumes, so none were invented."
547731584026632024,indian-food-799eef9422b5f581309c3fcbbec7246e,Anuvaad INDB + Indian_Food_Nutrition_Processed,INDB:0748,Vegetable patties,vegetable patties,,,,INDIAN_RECIPE,,PER_100_G,patty,1,1 patty,,,261.92,4.01,20.98,17.74,2.62,1.49,,9.66,,39.33,139.52,180.62,18.96,0.87,20.62,13.92,22.85,,,,,1829.45,4517.93,1975.69,HIGH,0,"Nutrition values are per 100 g based on Anuvaad INDB documentation. The supplied CSVs do not contain serving weights/volumes, so none were invented."
757163556907624159,indian-food-a81fc3e4e59a6df036363e840d9f61f8,Anuvaad INDB + Indian_Food_Nutrition_Processed,INDB:0453,Vegetable poha,vegetable poha,,,,INDIAN_RECIPE,,PER_100_G,bowl,1,1 bowl,,,180.52,4.89,21.52,8.07,3.76,1.4,,1.17,,0.0,418.02,223.09,28.01,1.92,48.59,7.21,21.79,,,,,2675.12,2322.69,4183.58,HIGH,0,"Nutrition values are per 100 g based on Anuvaad INDB documentation. The supplied CSVs do not contain serving weights/volumes, so none were invented."
674208861206741942,indian-food-95b45631ca603b6118a501e957d47b04,Anuvaad INDB + Indian_Food_Nutrition_Processed,INDB:0673,Vegetable samosa,vegetable samosa,,,,INDIAN_RECIPE,,PER_100_G,samosa,1,1 samosa,,,443.11,2.21,13.22,42.22,1.52,0.74,,5.85,,4.06,107.7,189.07,10.37,0.6,14.78,10.06,12.39,,,,,292.03,8734.95,25774.53,HIGH,0,"Nutrition values are per 100 g based on Anuvaad INDB documentation. The supplied CSVs do not contain serving weights/volumes, so none were invented."
531159012387920904,indian-food-75f0e4ebca11c0853291c00ff10a9f72,Anuvaad INDB + Indian_Food_Nutrition_Processed,INDB:0351,Vegetable seekh kebab,vegetable seekh kebab,,,,INDIAN_RECIPE,,PER_100_G,kabab,1,1 kabab,,,690.73,1.57,5.32,73.72,0.59,0.74,,9.17,,0.0,83.67,104.53,32.66,0.36,7.92,6.86,13.84,,,,,101.83,15165.89,46228.74,HIGH,0,"Nutrition values are per 100 g based on Anuvaad INDB documentation. The supplied CSVs do not contain serving weights/volumes, so none were invented."
106831890990966848,indian-food-17b8b09f1332840b02dc17210fcccdd4,Anuvaad INDB + Indian_Food_Nutrition_Processed,INDB:0960,Vegetable soup,vegetable soup,,,,INDIAN_RECIPE,,PER_100_G,,,,,,55.21,2.22,7.6,1.55,3.01,1.61,,0.87,,3.34,170.68,274.69,18.1,0.63,20.85,,,,,,,4425.81,352.43,179.54,HIGH,0,"Nutrition values are per 100 g based on Anuvaad INDB documentation. The supplied CSVs do not contain serving weights/volumes, so none were invented."
816714258682215504,indian-food-b558d4a87bffc5049f61475f9cf82c07,Anuvaad INDB + Indian_Food_Nutrition_Processed,INDB:0067,Vegetable stock,vegetable stock,,,,INDIAN_RECIPE,,PER_100_G,cup,1,1 cup,,,17.6,0.3,0.96,1.38,0.38,0.44,,0.85,,3.46,49.75,30.05,5.08,0.12,2.64,7.58,13.92,,,,,330.95,343.84,67.21,HIGH,0,"Nutrition values are per 100 g based on Anuvaad INDB documentation. The supplied CSVs do not contain serving weights/volumes, so none were invented."
736230759577736474,indian-food-a379df9a158d51ae2cdfe26d3f36369f,Anuvaad INDB + Indian_Food_Nutrition_Processed,INDB:0451,Vegetable upma,vegetable upma,,,,INDIAN_RECIPE,,PER_100_G,plate,1,1 plate,,,146.47,4.73,16.46,6.63,4.19,1.39,,0.93,,0.0,347.02,208.3,26.68,1.35,33.55,14.42,50.48,,,,,2262.2,1867.74,3430.7,HIGH,0,"Nutrition values are per 100 g based on Anuvaad INDB documentation. The supplied CSVs do not contain serving weights/volumes, so none were invented."
494850505935273927,indian-food-6de0fe9cf31bfc7ed55ed29546478a1f,Anuvaad INDB + Indian_Food_Nutrition_Processed,INDB:0537,Vegetable yakhni,vegetable yakhni,,,,INDIAN_RECIPE,,PER_100_G,bowl,1,1 bowl,,,406.06,1.18,1.94,43.8,0.61,1.44,,5.53,,1.92,38.05,82.8,43.67,0.24,7.8,5.43,60.84,,,,,30.54,9567.01,26820.42,HIGH,0,"Nutrition values are per 100 g based on Anuvaad INDB documentation. The supplied CSVs do not contain serving weights/volumes, so none were invented."
926868262822935353,indian-food-cdce5c63724fb395ec7718dcf0ca68f0,Anuvaad INDB + Indian_Food_Nutrition_Processed,INDB:0579,Vegetables stir fry,vegetables stir fry,,,,INDIAN_RECIPE,,PER_100_G,small bowl,1,1 small bowl,,,30.78,1.04,3.19,1.47,1.37,0.86,,0.19,,0.0,55.0,115.07,13.3,0.34,8.61,38.17,61.93,,,,,656.77,298.34,893.23,HIGH,0,"Nutrition values are per 100 g based on Anuvaad INDB documentation. The supplied CSVs do not contain serving weights/volumes, so none were invented."
1033729359694936574,indian-food-e588b602e8239fe2023d444ff3b78c9b,Anuvaad INDB + Indian_Food_Nutrition_Processed,INDB:0031,Vegetarian club sandwich,vegetarian club sandwich,,,,INDIAN_RECIPE,,PER_100_G,triangle,1,1 triangle,,,198.33,5.45,19.68,11.33,2.06,2.08,,4.72,,23.13,305.36,159.77,122.44,0.77,18.65,6.0,17.53,,,,,973.74,3935.81,1208.38,HIGH,0,"Nutrition values are per 100 g based on Anuvaad INDB documentation. The supplied CSVs do not contain serving weights/volumes, so none were invented."
916740051840433367,indian-food-cb8ea3855527cd758b22aa065294f184,Anuvaad INDB + Indian_Food_Nutrition_Processed,INDB:0190,Vegetarian egg kofta curry,vegetarian egg kofta curry,,,,INDIAN_RECIPE,,PER_100_G,bowl,1,1 bowl,,,627.41,1.33,4.26,67.24,0.64,1.19,,8.35,,0.22,95.89,104.04,28.39,0.39,8.05,35.58,67.83,,,,,487.14,13824.47,42217.56,HIGH,0,"Nutrition values are per 100 g based on Anuvaad INDB documentation. The supplied CSVs do not contain serving weights/volumes, so none were invented."
1057295616268808059,indian-food-eac44c2de47af7b8dfcea1e479270c11,Anuvaad INDB + Indian_Food_Nutrition_Processed,INDB:0539,Vegetarian nargisi kofta curry,vegetarian nargisi kofta curry,,,,INDIAN_RECIPE,,PER_100_G,kofta,1,1 kofta,,,332.15,2.29,6.58,32.94,0.86,1.65,,4.68,,1.03,73.56,147.7,47.09,0.38,11.15,27.25,57.94,,,,,479.04,6860.49,19930.77,HIGH,0,"Nutrition values are per 100 g based on Anuvaad INDB documentation. The supplied CSVs do not contain serving weights/volumes, so none were invented."
246537134106301512,indian-food-36be0379e595448a8d9c8d3a7a99d2fa,Anuvaad INDB + Indian_Food_Nutrition_Processed,INDB:0354,Vegeterian scotch egg,vegeterian scotch egg,,,,INDIAN_RECIPE,,PER_100_G,piece,1,1 piece,,,681.67,2.16,4.64,72.77,0.58,0.23,,8.9,,34.24,93.33,80.64,15.2,0.46,6.42,12.53,32.4,,,,,90.58,15056.19,45600.21,HIGH,0,"Nutrition values are per 100 g based on Anuvaad INDB documentation. The supplied CSVs do not contain serving weights/volumes, so none were invented."
724298689027688733,indian-food-a0d39d1f6c6c91dac98a28aa9ec872b8,Anuvaad INDB + Indian_Food_Nutrition_Processed,INDB:0263,Vermicelli kheer (Semiya/Seviyan ki kheer),vermicelli kheer (semiya/seviyan ki kheer),,,,INDIAN_RECIPE,,PER_100_G,bowl,1,1 bowl,,,120.07,3.35,15.87,5.0,0.5,12.79,,2.86,,2.12,22.52,116.57,104.8,0.3,10.67,4.06,16.29,,,,,190.27,1450.34,229.31,HIGH,0,"Nutrition values are per 100 g based on Anuvaad INDB documentation. The supplied CSVs do not contain serving weights/volumes, so none were invented."
15076142857447963,indian-food-0358fac0b99ea1b01df5fd3ff071e914,Anuvaad INDB + Indian_Food_Nutrition_Processed,INDB:0446,Vermicelli porridge (Semiya/Seviyan porridge),vermicelli porridge (semiya/seviyan porridge),,,,INDIAN_RECIPE,,PER_100_G,bowl,1,1 bowl,,,78.4,2.5,10.56,2.98,0.48,7.04,,1.79,,0.62,65.33,78.84,72.96,0.2,7.15,4.82,19.51,,,,,126.83,801.1,103.61,HIGH,0,"Nutrition values are per 100 g based on Anuvaad INDB documentation. The supplied CSVs do not contain serving weights/volumes, so none were invented."
558505078752439465,indian-food-7c03568f84a6ca93b55e12e752144058,Anuvaad INDB + Indian_Food_Nutrition_Processed,INDB:0448,Vermicelli upma (Semiya/Seviyan upma),vermicelli upma (semiya/seviyan upma),,,,INDIAN_RECIPE,,PER_100_G,bowl,1,1 bowl,,,149.11,3.11,16.88,7.45,3.21,1.4,,0.91,,0.0,101.8,138.21,20.3,0.93,21.56,4.64,12.64,,,,,1228.92,1526.06,4622.62,HIGH,0,"Nutrition values are per 100 g based on Anuvaad INDB documentation. The supplied CSVs do not contain serving weights/volumes, so none were invented."
524213432616323393,indian-food-7466156ed9589412345ca7ab95736320,Anuvaad INDB + Indian_Food_Nutrition_Processed,INDB:0714,Victorian sandwich cake,victorian sandwich cake,,,,INDIAN_RECIPE,,PER_100_G,piece,1,1 piece,,,373.09,5.18,44.74,19.83,0.59,28.18,,11.93,,117.02,145.28,74.16,36.25,0.86,9.92,0.08,8.66,,,,,226.28,5244.04,913.0,HIGH,0,"Nutrition values are per 100 g based on Anuvaad INDB documentation. The supplied CSVs do not contain serving weights/volumes, so none were invented."
836357994283898286,indian-food-b9b572a225995ae51e9deac73a3f1a46,Anuvaad INDB + Indian_Food_Nutrition_Processed,INDB:0245,Waldroff salad,waldroff salad,,,,INDIAN_RECIPE,,PER_100_G,bowl,1,1 bowl,,,141.75,1.47,11.02,10.05,1.87,8.23,,2.2,,9.87,13.42,192.86,29.29,1.07,19.23,21.43,40.62,,,,,953.58,3984.38,3304.8,HIGH,0,"Nutrition values are per 100 g based on Anuvaad INDB documentation. The supplied CSVs do not contain serving weights/volumes, so none were invented."
819976892475104531,indian-food-b6124a3a801dd13b26cb4f960b9e1e57,Anuvaad INDB + Indian_Food_Nutrition_Processed,INDB:0682,Walnut chutney (Akhrot ki chutney),walnut chutney (akhrot ki chutney),,,,INDIAN_RECIPE,,PER_100_G,tablespoon,1,1 tablespoon,,,370.43,9.44,8.91,33.46,3.04,4.4,,3.24,,3.33,160.0,351.46,119.57,1.77,100.09,1.33,4.63,,,,,137.29,5954.92,22748.39,HIGH,0,"Nutrition values are per 100 g based on Anuvaad INDB documentation. The supplied CSVs do not contain serving weights/volumes, so none were invented."
916994232900152620,indian-food-cb9d16579186d2c37fc6f7fc04c78829,Anuvaad INDB + Indian_Food_Nutrition_Processed,INDB:0137,Washed moong dal (Dhuli moong ki dal),washed moong dal (dhuli moong ki dal),,,,INDIAN_RECIPE,,PER_100_G,bowl,1,1 bowl,,,50.0,2.68,5.91,1.68,1.17,0.12,,0.21,,0.0,150.64,151.48,8.48,0.64,19.19,0.04,27.98,,,,,101.53,321.64,997.66,HIGH,0,"Nutrition values are per 100 g based on Anuvaad INDB documentation. The supplied CSVs do not contain serving weights/volumes, so none were invented."
1041417271274792134,indian-food-e73db7d954a64c62a52311de80975404,Anuvaad INDB + Indian_Food_Nutrition_Processed,INDB:0138,Washed urad dal (Dhuli urad ki dal),washed urad dal (dhuli urad ki dal),,,,INDIAN_RECIPE,,PER_100_G,bowl,1,1 bowl,,,61.32,2.51,5.84,2.98,1.53,0.32,,0.37,,0.0,142.21,143.16,10.24,0.72,21.32,0.99,30.4,,,,,69.13,595.72,1820.16,HIGH,0,"Nutrition values are per 100 g based on Anuvaad INDB documentation. The supplied CSVs do not contain serving weights/volumes, so none were invented."
625239111606128014,indian-food-8ad4ba8caf6cd8ee1957512beafbae68,Anuvaad INDB + Indian_Food_Nutrition_Processed,INDB:0812,Watercress sandwich,watercress sandwich,,,,INDIAN_RECIPE,,PER_100_G,triangle,1,1 triangle,,,229.42,5.17,28.03,11.47,2.26,1.81,,6.52,,26.56,407.44,140.55,98.16,0.99,19.07,2.23,12.14,,,,,185.6,2611.82,376.47,HIGH,0,"Nutrition values are per 100 g based on Anuvaad INDB documentation. The supplied CSVs do not contain serving weights/volumes, so none were invented."
70601477373266669,indian-food-0fad3ab6b738aedb8f2bd974df1e6faa,Anuvaad INDB + Indian_Food_Nutrition_Processed,INDB:0660,Wheat and gram flour ladoo (Atta besan ladoo),wheat and gram flour ladoo (atta besan ladoo),,,,INDIAN_RECIPE,,PER_100_G,piece,1,1 piece,,,501.7,9.38,50.5,29.86,6.01,18.46,,15.26,,60.99,27.06,224.94,35.27,2.39,44.21,0.0,14.55,,,,,553.28,6622.46,1899.68,HIGH,0,"Nutrition values are per 100 g based on Anuvaad INDB documentation. The supplied CSVs do not contain serving weights/volumes, so none were invented."
738286350330938745,indian-food-a3eeb8625fec5797b66c7d47a656c56d,Anuvaad INDB + Indian_Food_Nutrition_Processed,INDB:0899,Wheat cake,wheat cake,,,,INDIAN_RECIPE,,PER_100_G,piece,1,1 piece,,,314.63,4.79,41.13,14.95,2.76,25.79,,9.27,,40.13,82.96,183.29,98.91,1.08,39.22,0.76,7.6,,,,,179.98,3820.0,672.31,HIGH,0,"Nutrition values are per 100 g based on Anuvaad INDB documentation. The supplied CSVs do not contain serving weights/volumes, so none were invented."
66336267290548490,indian-food-0ebac7bcf94190a913230a895b692386,Anuvaad INDB + Indian_Food_Nutrition_Processed,INDB:0051,Wheat flakes,wheat flakes,,,,INDIAN_RECIPE,,PER_100_G,bowl,1,1 bowl,,,112.44,3.62,15.57,3.99,0.37,7.28,,2.37,,0.0,22.4,115.4,103.15,0.62,15.61,4.82,19.41,,,,,176.29,1093.92,181.4,HIGH,0,"Nutrition values are per 100 g based on Anuvaad INDB documentation. The supplied CSVs do not contain serving weights/volumes, so none were invented."
1122732545045999527,indian-food-f94bf4d1d3cafa7683c3fd0cf1d24728,Anuvaad INDB + Indian_Food_Nutrition_Processed,INDB:0424,Wheat flour and moong dal burfi (Atta aur moong dal ki burfi),wheat flour and moong dal burfi (atta aur moong dal ki burfi),,,,INDIAN_RECIPE,,PER_100_G,piece,1,1 piece,,,441.08,9.84,60.0,18.41,6.02,31.12,,9.23,,35.14,5.25,396.48,25.2,2.3,84.57,0.0,9.07,,,,,473.08,5467.21,2068.38,HIGH,0,"Nutrition values are per 100 g based on Anuvaad INDB documentation. The supplied CSVs do not contain serving weights/volumes, so none were invented."
847036490599328842,indian-food-bc147334df76c4a9546f0cefe4bda324,Anuvaad INDB + Indian_Food_Nutrition_Processed,INDB:0771,Wheat flour and nuts ladoos (Atta nuts ladoos),wheat flour and nuts ladoos (atta nuts ladoos),,,,INDIAN_RECIPE,,PER_100_G,ladoo,1,1 ladoo,,,391.9,9.46,44.31,19.19,7.3,15.94,,7.71,,25.45,8.07,338.21,127.29,4.01,124.38,0.0,13.1,,,,,328.79,6365.25,3664.81,HIGH,0,"Nutrition values are per 100 g based on Anuvaad INDB documentation. The supplied CSVs do not contain serving weights/volumes, so none were invented."
256495104560875561,indian-food-38f40f049fa4829e3672c5616df15a8a,Anuvaad INDB + Indian_Food_Nutrition_Processed,INDB:0908,Whey soup,whey soup,,,,INDIAN_RECIPE,,PER_100_G,bowl,1,1 bowl,,,68.91,3.45,6.26,3.34,0.84,5.87,,1.39,,0.83,87.08,158.89,164.92,0.55,19.08,2.55,33.72,,,,,54.21,993.06,683.14,HIGH,0,"Nutrition values are per 100 g based on Anuvaad INDB documentation. The supplied CSVs do not contain serving weights/volumes, so none were invented."
922481628275579043,indian-food-ccd5027453098a394ab507f08086d7b6,Anuvaad INDB + Indian_Food_Nutrition_Processed,INDB:0934,White sauce (medium),white sauce (medium),,,,INDIAN_RECIPE,,PER_100_G,,,,,,151.27,3.36,7.98,11.76,0.14,4.32,,7.32,,20.47,22.59,108.19,103.53,0.22,8.79,,,,,,,242.69,3048.54,406.88,HIGH,0,"Nutrition values are per 100 g based on Anuvaad INDB documentation. The supplied CSVs do not contain serving weights/volumes, so none were invented."
478058338054156385,indian-food-6a267868da1b0616e6c8e309927d8c4a,Anuvaad INDB + Indian_Food_Nutrition_Processed,INDB:0935,White sauce (thick),white sauce (thick),,,,INDIAN_RECIPE,,PER_100_G,,,,,,209.69,3.43,10.24,17.19,0.24,3.9,,10.76,,35.72,20.45,103.11,92.74,0.27,9.18,,,,,,,274.51,4415.89,607.28,HIGH,0,"Nutrition values are per 100 g based on Anuvaad INDB documentation. The supplied CSVs do not contain serving weights/volumes, so none were invented."
129334512867641416,indian-food-1cb7d0de0ac8848cbb64d9d787ba2f0a,Anuvaad INDB + Indian_Food_Nutrition_Processed,INDB:0933,White sauce (thin),white sauce (thin),,,,INDIAN_RECIPE,,PER_100_G,,,,,,115.17,3.31,6.58,8.41,0.07,4.58,,5.2,,11.04,23.91,111.33,110.2,0.19,8.56,,,,,,,223.02,2203.45,283.02,HIGH,0,"Nutrition values are per 100 g based on Anuvaad INDB documentation. The supplied CSVs do not contain serving weights/volumes, so none were invented."
903327995526316458,indian-food-c894406a10301aa5fd1ef3a35fcee1d9,Anuvaad INDB + Indian_Food_Nutrition_Processed,INDB:0464,White stock,white stock,,,,INDIAN_RECIPE,,PER_100_G,cup,1,1 cup,,,6.99,0.07,0.4,0.56,0.17,0.24,,0.34,,1.39,1.56,11.78,1.58,0.03,0.92,2.58,10.58,,,,,251.45,138.24,28.25,HIGH,0,"Nutrition values are per 100 g based on Anuvaad INDB documentation. The supplied CSVs do not contain serving weights/volumes, so none were invented."
411624719521403801,indian-food-5b6628063d7d399324a963544bcefe46,Anuvaad INDB + Indian_Food_Nutrition_Processed,INDB:0143,Whole masoor (Masoor ki dal),whole masoor (masoor ki dal),,,,INDIAN_RECIPE,,PER_100_G,bowl,1,1 bowl,,,54.05,2.28,5.37,2.52,1.98,0.67,,0.31,,0.0,123.72,112.96,12.2,0.95,12.74,11.04,48.17,,,,,759.04,511.34,1549.67,HIGH,0,"Nutrition values are per 100 g based on Anuvaad INDB documentation. The supplied CSVs do not contain serving weights/volumes, so none were invented."
605026007344394998,indian-food-8657bf2b7a2b2f60348405984132a457,Anuvaad INDB + Indian_Food_Nutrition_Processed,INDB:0142,Whole moong (Moong ki dal),whole moong (moong ki dal),,,,INDIAN_RECIPE,,PER_100_G,bowl,1,1 bowl,,,53.7,2.25,5.22,2.56,2.02,0.59,,0.32,,0.0,123.86,149.16,13.58,0.68,22.53,11.04,55.37,,,,,754.66,505.65,1579.2,HIGH,0,"Nutrition values are per 100 g based on Anuvaad INDB documentation. The supplied CSVs do not contain serving weights/volumes, so none were invented."
700631936897528324,indian-food-9b92508d51232045fadfd2231cbe9d75,Anuvaad INDB + Indian_Food_Nutrition_Processed,INDB:0144,Whole moth (Moth ki dal),whole moth (moth ki dal),,,,INDIAN_RECIPE,,PER_100_G,bowl,1,1 bowl,,,55.0,2.01,5.74,2.62,1.85,0.66,,0.34,,0.0,125.08,164.84,18.98,0.95,23.14,11.04,116.57,,,,,731.26,509.59,1599.97,HIGH,0,"Nutrition values are per 100 g based on Anuvaad INDB documentation. The supplied CSVs do not contain serving weights/volumes, so none were invented."
44706433704091993,indian-food-09ed443bc1b6159c2bcd71ed9bd04085,Anuvaad INDB + Indian_Food_Nutrition_Processed,INDB:0145,Whole urad (Urad ki dal),whole urad (urad ki dal),,,,INDIAN_RECIPE,,PER_100_G,bowl,1,1 bowl,,,53.8,2.21,5.05,2.62,2.32,0.57,,0.32,,0.0,126.12,141.57,13.07,0.78,21.91,10.28,51.6,,,,,672.16,521.67,1601.57,HIGH,0,"Nutrition values are per 100 g based on Anuvaad INDB documentation. The supplied CSVs do not contain serving weights/volumes, so none were invented."
287699746556107005,indian-food-3fe1d652b7258fdb734547f1a8cb3933,Anuvaad INDB + Indian_Food_Nutrition_Processed,INDB:0786,Woodapple juice (Bel ka sharbat),woodapple juice (bel ka sharbat),,,,INDIAN_RECIPE,,PER_100_G,glass,1,1 glass,,,34.18,0.63,6.51,0.7,1.03,5.75,,0.17,,0.0,127.45,71.86,11.85,0.12,5.23,18.36,5.65,,,,,34.66,113.37,278.01,HIGH,0,"Nutrition values are per 100 g based on Anuvaad INDB documentation. The supplied CSVs do not contain serving weights/volumes, so none were invented."
1015009825117043196,indian-food-e160a0ee5a1f9fc6640640af7d4b5443,Anuvaad INDB + Indian_Food_Nutrition_Processed,INDB:0576,Yam fried (Zimikand/Suran fried),yam fried (zimikand/suran fried),,,,INDIAN_RECIPE,,PER_100_G,bowl,1,1 bowl,,,491.76,0.79,5.47,51.79,1.44,0.8,,6.23,,0.0,37.07,151.93,8.11,0.43,11.35,30.3,35.57,,,,,468.83,10613.9,32786.05,HIGH,0,"Nutrition values are per 100 g based on Anuvaad INDB documentation. The supplied CSVs do not contain serving weights/volumes, so none were invented."
407598440568134646,indian-food-5a8149f45111bf62957200e7de82eac6,Anuvaad INDB + Indian_Food_Nutrition_Processed,INDB:0561,Yam kofta curry (Zimikand/Suran kofta curry),yam kofta curry (zimikand/suran kofta curry),,,,INDIAN_RECIPE,,PER_100_G,bowl,1,1 bowl,,,322.88,0.71,3.75,33.84,1.04,0.63,,4.28,,3.54,42.22,109.02,8.35,0.31,8.55,36.07,43.47,,,,,458.69,6973.53,21150.96,HIGH,0,"Nutrition values are per 100 g based on Anuvaad INDB documentation. The supplied CSVs do not contain serving weights/volumes, so none were invented."
